sentence_id,word,tag
0,Setting,B-Event
0,new,I-Event
0,Return-To-Home,I-Event
0,altitude,I-Event
0,to,I-Event
0,nnn,E-Event
0,(nnn),E-Event
0,.,O
1,Data,B-Event
1,Recorder,I-Event
1,File,I-Event
1,Index,I-Event
1,is,I-Event
1,nnn,E-Event
1,.,O
2,Setting,B-Event
2,new,I-Event
2,Maximum,I-Event
2,Flight,I-Event
2,Altitude,I-Event
2,to,I-Event
2,nnn,E-Event
2,(nnn),E-Event
2,.,O
3,Gimbal,B-Event
3,nnn,I-Event
3,pitch,I-Event
3,axis,I-Event
3,endpoint,I-Event
3,reached,E-Event
3,.,O
4,Your,B-Event
4,aircraft,I-Event
4,is,I-Event
4,flying,I-Event
4,in,I-Event
4,an,I-Event
4,Altitude,I-Event
4,Zone,I-Event
4,(nnn),E-Event
4,.,O
4,Please,B-NonEvent
4,fly,I-NonEvent
4,with,I-NonEvent
4,caution,E-NonEvent
4,.,O
5,Aircraft,B-NonEvent
5,not,I-NonEvent
5,in,I-NonEvent
5,flight,E-NonEvent
5,.,O
5,Vision,B-Event
5,systems,I-Event
5,and,I-Event
5,obstacle,I-Event
5,avoidance,I-Event
5,disabled,I-Event
5,(Code,I-Event
5,:,I-Event
5,180059),E-Event
5,.,O
6,The,B-NonEvent
6,remaining,I-NonEvent
6,battery,I-NonEvent
6,is,I-NonEvent
6,only,I-NonEvent
6,enough,I-NonEvent
6,for,I-NonEvent
6,RTH,E-NonEvent
6,.,O
6,Return,B-NonEvent
6,home,I-NonEvent
6,now,E-NonEvent
6,.,O
7,Reaching,B-Event
7,maximum,I-Event
7,altitude,E-Event
7,.,O
8,Gimbal,B-Event
8,Recenter,E-Event
8,.,O
9,High,B-Event
9,Wind,I-Event
9,Velocity,E-Event
9,:,O
9,Fly,B-NonEvent
9,with,I-NonEvent
9,caution,I-NonEvent
9,and,I-NonEvent
9,ensure,I-NonEvent
9,the,I-NonEvent
9,aircraft,I-NonEvent
9,remains,I-NonEvent
9,within,I-NonEvent
9,your,I-NonEvent
9,line,I-NonEvent
9,of,I-NonEvent
9,sight,E-NonEvent
9,.,O
10,GEO,B-Event
10,:,O
10,You,B-Event
10,are,I-Event
10,in,I-Event
10,a,I-Event
10,Warning,I-Event
10,Zone,I-Event
10,(Airport,I-Event
10,Class,I-Event
10,Airspace,I-Event
10,Unpaved,I-Event
10,Airports,I-Event
10,Power,I-Event
10,Plant),E-Event
10,.,O
10,Fly,B-NonEvent
10,with,I-NonEvent
10,caution,E-NonEvent
10,.,O
11,Recenter,B-NonEvent
11,Gimbal,I-NonEvent
11,Pan,E-NonEvent
11,.,O
12,Remote,B-Event
12,controller,I-Event
12,signal,I-Event
12,weak,E-Event
12,.,O
12,Adjust,B-NonEvent
12,remote,I-NonEvent
12,controller,I-NonEvent
12,antennas,I-NonEvent
12,(Code,I-NonEvent
12,:,I-NonEvent
12,80002),E-NonEvent
12,.,O
13,Switched,B-Event
13,to,I-Event
13,S,E-Event
13,(Sport)-mode,E-Event
13,.,O
14,Remote,B-Event
14,ID,I-Event
14,functionality,I-Event
14,normal,I-Event
14,(Code,I-Event
14,:,I-Event
14,1B080003),E-Event
14,.,O
15,Switched,B-Event
15,to,I-Event
15,T,I-Event
15,(Tripod)-mode,E-Event
15,.,O
16,Gimbal,B-Event
16,nnn,I-Event
16,pan,I-Event
16,axis,I-Event
16,endpoint,I-Event
16,reached,E-Event
16,.,O
17,Critical,B-Event
17,low,I-Event
17,battery,E-Event
17,.,O
17,Return,B-NonEvent
17,to,I-NonEvent
17,home,I-NonEvent
17,or,I-NonEvent
17,land,I-NonEvent
17,promptly,E-NonEvent
17,.,O
18,Aircraft,B-Event
18,is,I-Event
18,returning,I-Event
18,to,I-Event
18,the,I-Event
18,Home,I-Event
18,Point,E-Event
18,.,O
18,Minimum,B-NonEvent
18,RTH,I-NonEvent
18,Altitude,I-NonEvent
18,is,I-NonEvent
18,nnn,E-NonEvent
18,.,O
18,You,B-NonEvent
18,can,I-NonEvent
18,reset,I-NonEvent
18,the,I-NonEvent
18,RTH,I-NonEvent
18,Altitude,I-NonEvent
18,in,I-NonEvent
18,Remote,I-NonEvent
18,Controller,I-NonEvent
18,Settings,I-NonEvent
18,after,I-NonEvent
18,cancelling,I-NonEvent
18,RTH,I-NonEvent
18,if,I-NonEvent
18,necessary,E-NonEvent
18,.,O
19,Low,B-Event
19,battery,E-Event
19,.,O
19,Return,B-NonEvent
19,to,I-NonEvent
19,home,I-NonEvent
19,promptly,I-NonEvent
19,(Code,I-NonEvent
19,:,I-NonEvent
19,30183),E-NonEvent
19,.,O
20,Tip,B-NonEvent
20,:,O
20,Aircraft,I-NonEvent
20,reached,I-NonEvent
20,maximum,I-NonEvent
20,distance,E-NonEvent
20,",",O
20,please,B-NonEvent
20,pay,I-NonEvent
20,attention,I-NonEvent
20,to,I-NonEvent
20,flight,I-NonEvent
20,safety,E-NonEvent
20,.,O
21,Aircraft,B-NonEvent
21,in,I-NonEvent
21,Altitude,I-NonEvent
21,Zone,I-Event
21,(nnn),E-Event
21,.,O
21,Fly,B-NonEvent
21,with,I-NonEvent
21,caution,I-NonEvent
21,(Code,I-NonEvent
21,:,I-NonEvent
21,190001),E-NonEvent
21,.,O
22,Home,B-Event
22,Point,I-Event
22,updated,E-Event
22,.,O
22,RTH,B-Event
22,altitude,I-Event
22,adjusted,I-Event
22,to,I-Event
22,nnn,I-Event
22,(Code,I-Event
22,:,I-Event
22,3000001),E-Event
22,.,O
23,Flight,B-Event
23,altitude,I-Event
23,exceeds,I-Event
23,nnn,E-Event
23,.,O
23,Aircraft,B-NonEvent
23,may,I-NonEvent
23,be,I-NonEvent
23,in,I-NonEvent
23,violation,I-NonEvent
23,of,I-NonEvent
23,local,I-NonEvent
23,laws,I-NonEvent
23,and,I-NonEvent
23,regulations,E-NonEvent
23,.,O
23,Check,B-NonEvent
23,and,I-NonEvent
23,make,I-NonEvent
23,sure,I-NonEvent
23,you,I-NonEvent
23,have,I-NonEvent
23,obtained,I-NonEvent
23,proper,I-NonEvent
23,authorization,I-NonEvent
23,to,I-NonEvent
23,fly,I-NonEvent
23,in,I-NonEvent
23,this,I-NonEvent
23,airspace,I-NonEvent
23,(Code,I-NonEvent
23,:,I-NonEvent
23,3000006),E-NonEvent
23,.,O
24,Weak,B-Event
24,signal,E-Event
24,.,O
24,Adjust,B-NonEvent
24,antennas,I-NonEvent
24,(Code,I-NonEvent
24,:,I-NonEvent
24,80016),E-NonEvent
24,.,O
25,Remote,B-Event
25,ID,I-Event
25,functionality,I-Event
25,normal,I-Event
25,(Code,I-Event
25,:,I-Event
25,30331),E-Event
25,.,O
26,Motor,B-Event
26,is,I-Event
26,Blocked,E-Event
26,.,O
27,Aircraft,B-Event
27,battery,I-Event
27,level,I-Event
27,low,E-Event
27,.,O
27,Return,B-NonEvent
27,to,I-NonEvent
27,home,I-NonEvent
27,promptly,I-NonEvent
27,(Code,I-NonEvent
27,:,I-NonEvent
27,1B030014),E-NonEvent
27,.,O
28,Downlink,B-Event
28,data,I-Event
28,connection,I-Event
28,lost,I-Event
28,for,I-Event
28,nnn,I-Event
28,seconds,E-Event
28,.,O
29,Switched,B-Event
29,to,I-Event
29,P,I-Event
29,(Positioning)-mode,E-Event
29,.,O
30,RTK,B-Event
30,signal,I-Event
30,weak,E-Event
30,.,O
30,Move,B-NonEvent
30,to,I-NonEvent
30,an,I-NonEvent
30,open,I-NonEvent
30,area,I-NonEvent
30,for,I-NonEvent
30,takeoff,I-NonEvent
30,or,I-NonEvent
30,turn,I-NonEvent
30,off,I-NonEvent
30,RTK,E-NonEvent
30,.,O
31,Strong,B-Event
31,wind,I-Event
31,warning,E-Event
31,.,O
31,Aircraft,B-Event
31,unable,I-Event
31,to,I-Event
31,return,I-Event
31,to,I-Event
31,home,I-Event
31,automatically,E-Event
31,.,O
31,Lower,B-NonEvent
31,altitude,I-NonEvent
31,immediately,I-NonEvent
31,and,I-NonEvent
31,return,I-NonEvent
31,to,I-NonEvent
31,home,I-NonEvent
31,manually,I-NonEvent
31,(Code,I-NonEvent
31,:,I-NonEvent
31,30149),E-NonEvent
31,.,O
32,Aircraft,B-Event
32,antenna,I-Event
32,satellite,I-Event
32,signal,I-Event
32,searching,I-Event
32,error,E-Event
32,.,O
32,Fly,B-NonEvent
32,with,I-NonEvent
32,caution,I-NonEvent
32,(0x1610008f),I-NonEvent
32,.,O
33,Obstacle,B-Event
33,Avoided,E-Event
33,.,O
33,Revise,B-Event
33,Flight,I-Event
33,Route,E-Event
33,.,O
34,Home,B-Event
34,Point,I-Event
34,updated,E-Event
34,.,O
34,RTH,B-Event
34,altitude,I-Event
34,adjusted,I-Event
34,to,I-Event
34,nnn,I-Event
34,(Code,I-Event
34,:,I-Event
34,120852),I-Event
34,.,O
35,Not,B-Event
35,Enough,I-Event
35,Force/ESC,I-Event
35,Error,E-Event
35,.,O
36,Remote,B-Event
36,controller,I-Event
36,in,I-Event
36,high,I-Event
36,interference,I-Event
36,environment,E-Event
36,.,O
36,Manually,B-NonEvent
36,adjust,I-NonEvent
36,flight,I-NonEvent
36,route,I-NonEvent
36,or,I-NonEvent
36,return,I-NonEvent
36,to,I-NonEvent
36,home,I-NonEvent
36,(Code,I-NonEvent
36,:,I-NonEvent
36,80014),E-NonEvent
36,.,O
37,Starting,B-Event
37,Smart,I-Event
37,Track,E-Event
37,.,O
38,Cannot,B-Event
38,switch,I-Event
38,flight,I-Event
38,mode,E-Event
38,.,O
38,Turn,B-NonEvent
38,on,I-NonEvent
38,Multiple,I-NonEvent
38,Flight,I-NonEvent
38,Modes,I-NonEvent
38,to,I-NonEvent
38,enable,I-NonEvent
38,Atti,I-NonEvent
38,and,I-NonEvent
38,Sport,I-NonEvent
38,Modes,E-NonEvent
38,.,O
39,Aircraft,B-NonEvent
39,in,I-NonEvent
39,Attitude,I-NonEvent
39,mode,E-NonEvent
39,.,O
39,Unable,B-Event
39,to,I-Event
39,hover,E-Event
39,.,O
39,Fly,B-NonEvent
39,with,I-NonEvent
39,caution,I-NonEvent
39,(Code,I-NonEvent
39,:,I-NonEvent
39,30004),E-NonEvent
39,.,O
40,Object,B-Event
40,too,I-Event
40,far,I-Event
40,for,I-Event
40,laser,I-Event
40,rangefinder,E-Event
40,.,O
41,Braking,B-NonEvent
41,now,E-NonEvent
41,.,O
41,Return,B-NonEvent
41,sticks,I-NonEvent
41,to,I-NonEvent
41,midpoints,I-NonEvent
41,",",O
41,then,B-NonEvent
41,continue,I-NonEvent
41,flying,E-NonEvent
41,.,O
42,Vision,B-Event
42,systems,I-Event
42,and,I-Event
42,obstacle,I-Event
42,avoidance,I-Event
42,disabled,I-Event
42,(Code,I-Event
42,:,I-Event
42,180059),E-Event
42,.,O
43,Manned,B-Event
43,aircraft,I-Event
43,detected,I-Event
43,nearby,E-Event
43,.,O
43,Fly,B-NonEvent
43,with,I-NonEvent
43,caution,I-NonEvent
43,(Code,I-NonEvent
43,:,I-NonEvent
43,30179),E-NonEvent
43,.,O
44,Ambient,B-Event
44,light,I-Event
44,too,I-Event
44,low,E-Event
44,.,O
44,Vision,B-NonEvent
44,system,I-NonEvent
44,and,I-NonEvent
44,obstacle,I-NonEvent
44,sensing,I-NonEvent
44,unavailable,E-NonEvent
44,.,O
44,Fly,B-NonEvent
44,with,I-NonEvent
44,caution,I-NonEvent
44,(Code,I-NonEvent
44,:,I-NonEvent
44,1A420BC6),E-NonEvent
44,.,O
45,Vision,B-Event
45,sensor(s),I-Event
45,blocked,E-Event
45,.,O
45,Fly,B-NonEvent
45,with,I-NonEvent
45,caution,I-NonEvent
45,(Code,I-NonEvent
45,:,I-NonEvent
45,180038),E-NonEvent
45,.,O
46,No,B-Event
46,SD,I-Event
46,card,E-Event
46,.,O
46,Insert,B-Event
46,card,I-Event
46,(Code,I-Event
46,:,I-Event
46,10022),E-Event
46,.,O
47,Critical,B-Event
47,low,I-Event
47,battery,E-Event
47,.,O
47,Aircraft,B-Event
47,landing,I-Event
47,automatically,I-Event
47,(Code,I-Event
47,:,I-Event
47,30033),E-Event
47,.,O
48,High,B-Event
48,altitude,E-Event
48,.,O
48,Aircraft,B-Event
48,braking,I-Event
48,distance,I-Event
48,increased,I-Event
48,and,I-Event
48,flight,I-Event
48,time,I-Event
48,decreased,E-Event
48,.,O
48,Fly,B-NonEvent
48,with,I-NonEvent
48,caution,I-NonEvent
48,(Code,I-NonEvent
48,:,I-NonEvent
48,30238),E-NonEvent
48,.,O
49,Object,B-Event
49,too,I-Event
49,close,I-Event
49,to,I-Event
49,laser,I-Event
49,rangefinder,E-Event
49,.,O
50,Low,B-Event
50,battery,E-Event
50,.,O
50,Return,B-NonEvent
50,to,I-NonEvent
50,home,I-NonEvent
50,promptly,I-NonEvent
50,(Code,I-NonEvent
50,:,I-NonEvent
50,120732),E-NonEvent
50,.,O
51,Obstacle,B-Event
51,Avoidance,I-Event
51,will,I-Event
51,be,I-Event
51,disabled,I-Event
51,in,I-Event
51,landing,E-Event
51,.,O
52,Aircraft,B-Event
52,is,I-Event
52,returning,I-Event
52,to,I-Event
52,the,I-Event
52,Home,I-Event
52,Point,E-Event
52,.,O
52,RTH,B-NonEvent
52,Altitude,I-NonEvent
52,is,I-NonEvent
52,nnn,E-NonEvent
52,.,O
52,You,B-NonEvent
52,can,I-NonEvent
52,reset,I-NonEvent
52,the,I-NonEvent
52,RTH,I-NonEvent
52,Altitude,I-NonEvent
52,in,I-NonEvent
52,Remote,I-NonEvent
52,Controller,I-NonEvent
52,Settings,I-NonEvent
52,after,I-NonEvent
52,cancelling,I-NonEvent
52,RTH,I-NonEvent
52,if,I-NonEvent
52,necessary,E-NonEvent
52,.,O
53,Taking,B-Event
53,off,E-Event
53,.,O
54,Propeller,B-Event
54,Fell,I-Event
54,Off,E-Event
54,.,O
55,Altitude,B-Event
55,above,I-Event
55,the,I-Event
55,takeoff,I-Event
55,point,I-Event
55,exceeds,I-Event
55,nnn,E-Event
55,.,O
55,Always,B-NonEvent
55,fly,I-NonEvent
55,in,I-NonEvent
55,compliance,I-NonEvent
55,with,I-NonEvent
55,altitude,I-NonEvent
55,limitations,E-NonEvent
55,.,O
56,Critical,B-Event
56,Low,I-Event
56,Battery,I-Event
56,(Code,I-Event
56,:,I-Event
56,30032),E-Event
56,.,O
57,Home,B-Event
57,Point,I-Event
57,updated,I-Event
57,(Code,I-Event
57,:,I-Event
57,120852),I-Event
57,.,O
58,Switched,B-Event
58,to,I-Event
58,A,I-Event
58,(Attitude)-mode,E-Event
58,.,O
59,The,B-Event
59,flight,I-Event
59,attitude,I-Event
59,angle,I-Event
59,is,I-Event
59,larger,I-Event
59,in,I-Event
59,Sport,I-Event
59,mode,E-Event
59,.,O
59,The,B-Event
59,gimbal,I-Event
59,will,I-Event
59,rotate,I-Event
59,when,I-Event
59,the,I-Event
59,aircraft,I-Event
59,starts,I-Event
59,or,I-Event
59,stops,E-Event
59,.,O
59,Use,B-NonEvent
59,Normal,I-NonEvent
59,mode,I-NonEvent
59,if,I-NonEvent
59,required,I-NonEvent
59,for,I-NonEvent
59,stable,I-NonEvent
59,shooting,I-NonEvent
59,(Code,I-NonEvent
59,:,I-NonEvent
59,40022),E-NonEvent
59,.,O
60,Compass,B-Event
60,Error,E-Event
60,.,O
61,Critical,B-Event
61,low,I-Event
61,battery,E-Event
61,.,O
61,Aircraft,B-Event
61,returning,I-Event
61,to,I-Event
61,home,I-Event
61,(Code,I-Event
61,:,I-Event
61,30184),E-Event
61,.,O
62,Maximum,B-Event
62,Flight,I-Event
62,Altitude,I-Event
62,Reached,E-Event
62,.,O
62,Adjust,B-NonEvent
62,altitude,I-NonEvent
62,in,I-NonEvent
62,MC,I-NonEvent
62,Settings,I-NonEvent
62,if,I-NonEvent
62,required,E-NonEvent
62,.,O
63,Image,B-Event
63,transmission,I-Event
63,signal,I-Event
63,lost,I-Event
63,(Code,I-Event
63,:,I-Event
63,80001),E-Event
63,.,O
64,Ambient,B-Event
64,light,I-Event
64,too,I-Event
64,low,E-Event
64,.,O
64,Vision,B-NonEvent
64,system,I-NonEvent
64,and,I-NonEvent
64,obstacle,I-NonEvent
64,sensing,I-NonEvent
64,unavailable,E-NonEvent
64,.,O
64,Fly,B-NonEvent
64,with,I-NonEvent
64,caution,I-NonEvent
64,(Code,I-NonEvent
64,:,I-NonEvent
64,1A420BC0),E-NonEvent
64,.,O
65,To,B-NonEvent
65,take,I-NonEvent
65,off,I-NonEvent
65,in,I-NonEvent
65,non-P,I-NonEvent
65,mode,E-NonEvent
65,",",O
65,toggle,B-NonEvent
65,Flight,I-NonEvent
65,Mode,I-NonEvent
65,Switch,I-NonEvent
65,to,I-NonEvent
65,another,I-NonEvent
65,mode,I-NonEvent
65,and,I-NonEvent
65,then,I-NonEvent
65,toggle,I-NonEvent
65,it,I-NonEvent
65,back,E-NonEvent
65,.,O
66,Critically,B-Event
66,low,I-Event
66,power,E-Event
66,.,O
66,Aircraft,B-Event
66,is,I-Event
66,landing,E-Event
66,.,O
67,Upward,B-Event
67,Obstacle,I-Event
67,Detected,E-Event
67,.,O
68,Aircraft,B-Event
68,flight,I-Event
68,control,I-Event
68,obtained,I-Event
68,by,I-Event
68,remote,I-Event
68,controller,I-Event
68,B,E-Event
68,.,O
69,Landing,B-Event
69,Gear,I-Event
69,Raised,E-Event
69,.,O
70,High,B-Event
70,wind,I-Event
70,velocity,E-Event
70,.,O
70,Fly,B-NonEvent
70,with,I-NonEvent
70,caution,I-NonEvent
70,and,I-NonEvent
70,land,I-NonEvent
70,in,I-NonEvent
70,a,I-NonEvent
70,safe,I-NonEvent
70,place,I-NonEvent
70,ASAP,E-NonEvent
70,.,O
71,Aircraft,B-NonEvent
71,in,I-NonEvent
71,Altitude,I-NonEvent
71,Zone,I-NonEvent
71,(Altitude,I-NonEvent
71,limit,I-Event
71,:,I-NonEvent
71,nnn),E-NonEvent
71,.,O
71,Fly,B-NonEvent
71,with,I-NonEvent
71,caution,I-NonEvent
71,(Code,I-NonEvent
71,:,I-NonEvent
71,190012),E-NonEvent
71,.,O
72,GPS,B-Event
72,signal,I-Event
72,weak,E-Event
72,.,O
72,Hovering,B-Event
72,unstable,E-Event
72,.,O
72,Fly,B-NonEvent
72,with,I-NonEvent
72,caution,I-NonEvent
72,(Code,I-NonEvent
72,:,I-NonEvent
72,30002),E-NonEvent
72,.,O
73,Landing,B-Event
73,Gear,I-Event
73,Lowering,E-Event
73,.,O
74,Weak,B-Event
74,GPS,I-Event
74,signal,E-Event
74,.,O
74,Positional,B-Event
74,accuracy,I-Event
74,may,I-Event
74,be,I-Event
74,compromised,E-Event
74,.,O
74,Please,B-NonEvent
74,fly,I-NonEvent
74,with,I-NonEvent
74,caution,E-NonEvent
74,.,O
75,Landing,B-Event
75,gear,I-Event
75,lowered,E-Event
75,.,O
75,Obstacle,B-Event
75,Avoidance,I-Event
75,Disabled,E-Event
75,.,O
76,Aircraft,B-Event
76,in,I-Event
76,high,I-Event
76,interference,I-Event
76,environment,E-Event
76,.,O
76,Manually,B-NonEvent
76,adjust,I-NonEvent
76,flight,I-NonEvent
76,route,I-NonEvent
76,or,I-NonEvent
76,return,I-NonEvent
76,to,I-NonEvent
76,home,I-NonEvent
76,(Code,I-NonEvent
76,:,I-NonEvent
76,80015),E-NonEvent
76,.,O
77,Extended,B-Event
77,flight,I-Event
77,distance,I-Event
77,detected,E-Event
77,.,O
77,Always,B-NonEvent
77,maintain,I-NonEvent
77,visual,I-NonEvent
77,line,I-NonEvent
77,of,I-NonEvent
77,sight,I-NonEvent
77,unless,I-NonEvent
77,otherwise,I-NonEvent
77,authorized,E-NonEvent
77,.,O
78,Landing,B-Event
78,Gear,I-Event
78,Raising,E-Event
78,.,O
79,Warning,B-Event
79,:,O
79,Battery,B-Event
79,Temperature,I-Event
79,Below,I-Event
79,15°C,I-Event
79,(59F),E-Event
79,.,O
79,Warm,B-NonEvent
79,battery,I-NonEvent
79,to,I-NonEvent
79,above,I-NonEvent
79,25°C,I-NonEvent
79,(77F),I-NonEvent
79,before,I-NonEvent
79,flying,E-NonEvent
79,.,O
80,Precision,B-Event
80,Landing,E-Event
80,.,O
80,Correcting,B-Event
80,Landing,I-Event
80,Position,E-Event
80,.,O
81,Weak,B-Event
81,signal,E-Event
81,.,O
81,Avoid,B-NonEvent
81,blocking,I-NonEvent
81,the,I-NonEvent
81,antennas,I-NonEvent
81,and,I-NonEvent
81,keep,I-NonEvent
81,the,I-NonEvent
81,antennas,I-NonEvent
81,parallel,I-NonEvent
81,to,I-NonEvent
81,and,I-NonEvent
81,facing,I-NonEvent
81,toward,I-NonEvent
81,the,I-NonEvent
81,aircraft,I-NonEvent
81,during,I-NonEvent
81,flight,E-NonEvent
81,.,O
82,Motor,B-Event
82,unable,I-Event
82,to,I-Event
82,rotate,E-Event
82,.,O
82,Check,B-NonEvent
82,motor,I-NonEvent
82,(Code,I-NonEvent
82,:,I-NonEvent
82,30142),E-NonEvent
82,.,O
83,Exiting,B-Event
83,GPS,I-Event
83,mode,E-Event
83,:,O
83,Unknown,B-Event
83,Error,E-Event
83,.,O
84,Forward,B-Event
84,Obstacle,I-Event
84,Sensing,I-Event
84,is,I-Event
84,not,I-Event
84,functioning,E-Event
84,.,O
84,Ambient,B-Event
84,Light,I-Event
84,is,I-Event
84,too,I-Event
84,weak,E-Event
84,.,O
85,Compass,B-Event
85,interference,E-Event
85,.,O
85,Please,B-NonEvent
85,move,I-NonEvent
85,the,I-NonEvent
85,aircraft,I-NonEvent
85,away,I-NonEvent
85,from,I-NonEvent
85,potential,I-NonEvent
85,interference,I-NonEvent
85,source,I-NonEvent
85,or,I-NonEvent
85,calibrate,I-NonEvent
85,the,I-NonEvent
85,compass,E-NonEvent
85,.,O
86,Tap,B-NonEvent
86,the,I-NonEvent
86,screen,I-NonEvent
86,to,I-NonEvent
86,focus,E-NonEvent
86,.,O
87,Video,B-Event
87,cache,I-Event
87,has,I-Event
87,stopped,I-Event
87,because,I-Event
87,there,I-Event
87,is,I-Event
87,not,I-Event
87,enough,I-Event
87,storage,I-Event
87,space,E-Event
87,.,O
87,You,B-NonEvent
87,can,I-NonEvent
87,enable,I-NonEvent
87,Auto,I-NonEvent
87,Cache,I-NonEvent
87,Clear,I-NonEvent
87,or,I-NonEvent
87,manually,I-NonEvent
87,delete,I-NonEvent
87,cache,I-NonEvent
87,to,I-NonEvent
87,get,I-NonEvent
87,enough,I-NonEvent
87,space,E-NonEvent
87,.,O
88,Critical,B-Event
88,low,I-Event
88,battery,E-Event
88,.,O
88,Unable,B-Event
88,to,I-Event
88,take,I-Event
88,off,E-Event
88,.,O
88,Recharge,B-NonEvent
88,promptly,I-NonEvent
88,(Code,I-NonEvent
88,:,I-NonEvent
88,30032),E-NonEvent
88,.,O
89,Aircraft,B-NonEvent
89,is,I-NonEvent
89,close,I-NonEvent
89,to,I-NonEvent
89,the,I-NonEvent
89,Home,I-NonEvent
89,Point,E-NonEvent
89,.,O
89,Initiating,B-Event
89,Return,I-Event
89,to,I-Event
89,Home,I-Event
89,will,I-Event
89,now,I-Event
89,trigger,I-Event
89,Auto,I-Event
89,Landing,E-Event
89,.,O
90,Altitude,B-NonEvent
90,Zone,I-Event
90,nnn,E-Event
90,.,O
91,Auxiliary,B-Event
91,Bottom,I-Event
91,Light,I-Event
91,turned,I-Event
91,off,E-Event
91,.,O
92,Warning,B-Event
92,:,O
92,Max,B-Event
92,Flight,I-Event
92,Altitude,I-Event
92,Reached,E-Event
92,.,O
92,Adjust,B-NonEvent
92,in,I-NonEvent
92,Main,I-NonEvent
92,Controller,I-NonEvent
92,Settings,I-NonEvent
92,if,I-NonEvent
92,necessary,E-NonEvent
92,.,O
93,Auxiliary,B-Event
93,Bottom,I-Event
93,Light,I-Event
93,turned,I-Event
93,on,E-Event
93,.,O
94,Backward,B-Event
94,Obstacle,I-Event
94,Sensing,I-Event
94,is,I-Event
94,not,I-Event
94,functioning,E-Event
94,.,O
94,Ambient,B-Event
94,Light,I-Event
94,is,I-Event
94,too,I-Event
94,weak,E-Event
94,.,O
95,Signal,B-Event
95,Lost,E-Event
95,.,O
95,Aircraft,B-Event
95,returning,I-Event
95,to,I-Event
95,Home,I-Event
95,Point,E-Event
95,.,O
96,Barometer,B-Event
96,Dead,I-Event
96,in,I-Event
96,Air,E-Event
96,.,O
97,Motor,B-Event
97,stuck,E-Event
97,.,O
97,Check,B-NonEvent
97,for,I-NonEvent
97,objects,I-NonEvent
97,blocking,I-NonEvent
97,motor,I-NonEvent
97,or,I-NonEvent
97,contact,I-NonEvent
97,DJI,I-NonEvent
97,Support,I-NonEvent
97,for,I-NonEvent
97,assistance,I-NonEvent
97,(Code,I-NonEvent
97,:,I-NonEvent
97,30165),E-NonEvent
97,.,O
98,Strong,B-Event
98,Remote,I-Event
98,Controller,I-Event
98,Interference,E-Event
98,.,O
99,Aircraft,B-Event
99,max,I-Event
99,power,I-Event
99,load,I-Event
99,reached,E-Event
99,.,O
99,Decrease,B-NonEvent
99,altitude,I-NonEvent
99,and,I-NonEvent
99,fly,I-NonEvent
99,with,I-NonEvent
99,caution,E-NonEvent
99,.,O
99,If,B-NonEvent
99,this,I-NonEvent
99,issue,I-NonEvent
99,persists,E-NonEvent
99,",",O
99,land,B-NonEvent
99,immediately,I-NonEvent
99,(Code,I-NonEvent
99,:,I-NonEvent
99,30168),E-NonEvent
99,.,O
100,Check,B-NonEvent
100,whether,I-NonEvent
100,the,I-NonEvent
100,propellers,I-NonEvent
100,are,I-NonEvent
100,attached,I-NonEvent
100,to,I-NonEvent
100,the,I-NonEvent
100,correct,I-NonEvent
100,motors,I-NonEvent
100,based,I-NonEvent
100,on,I-NonEvent
100,their,I-NonEvent
100,markings,E-NonEvent
100,.,O
100,Incorrect,B-NonEvent
100,installation,I-NonEvent
100,will,I-NonEvent
100,cause,I-NonEvent
100,the,I-NonEvent
100,aircraft,I-NonEvent
100,to,I-NonEvent
100,roll,I-NonEvent
100,over,I-NonEvent
100,during,I-NonEvent
100,takeoff,I-NonEvent
100,(Code,I-NonEvent
100,:,I-NonEvent
100,30251),E-NonEvent
100,.,O
101,Max,B-Event
101,Altitude,I-Event
101,Approached,E-Event
101,.,O
101,Wait,B-NonEvent
101,for,I-NonEvent
101,the,I-NonEvent
101,GPS,I-NonEvent
101,satellite,I-NonEvent
101,signal,I-NonEvent
101,recovery,I-NonEvent
101,before,I-NonEvent
101,ascend,E-NonEvent
101,.,O
102,Payload,B-Event
102,mode,I-Event
102,enabled,E-Event
102,.,O
102,Max,B-Event
102,altitude,I-Event
102,set,I-Event
102,to,I-Event
102,nnn,I-Event
102,and,I-Event
102,max,I-Event
102,distance,I-Event
102,set,I-Event
102,to,I-Event
102,nnn,E-Event
102,.,O
102,Fly,B-NonEvent
102,in,I-NonEvent
102,a,I-NonEvent
102,wind-free,I-NonEvent
102,environment,I-NonEvent
102,to,I-NonEvent
102,ensure,I-NonEvent
102,flight,I-NonEvent
102,safety,I-NonEvent
102,(Code,I-NonEvent
102,:,I-NonEvent
102,30232),E-NonEvent
102,.,O
103,Subject,B-Event
103,lost,E-Event
103,.,O
103,Reselect,B-Event
103,subject,I-Event
103,(Code,I-Event
103,:,I-Event
103,800018),E-Event
103,.,O
104,Aircraft,B-Event
104,is,I-Event
104,tilted,E-Event
104,",",O
104,please,B-NonEvent
104,keep,I-NonEvent
104,the,I-NonEvent
104,aircraft,I-NonEvent
104,stationary,I-NonEvent
104,and,I-NonEvent
104,level,I-NonEvent
104,before,I-NonEvent
104,flight,E-NonEvent
104,.,O
105,Current,B-Event
105,RTH,I-Event
105,route,I-Event
105,will,I-Event
105,pass,I-Event
105,a,I-Event
105,no-fly,I-Event
105,zone,E-Event
105,.,O
105,Pay,B-NonEvent
105,attention,I-NonEvent
105,to,I-NonEvent
105,the,I-NonEvent
105,aircraft's,I-NonEvent
105,position,I-NonEvent
105,to,I-NonEvent
105,avoid,I-NonEvent
105,RTH,I-NonEvent
105,failure,E-NonEvent
105,.,O
106,Gimbal,B-Event
106,calibration,I-Event
106,error,E-Event
106,.,O
106,Restart,B-NonEvent
106,aircraft,I-NonEvent
106,or,I-NonEvent
106,contact,I-NonEvent
106,DJI,I-NonEvent
106,Support,I-NonEvent
106,if,I-NonEvent
106,the,I-NonEvent
106,issue,I-NonEvent
106,persists,I-NonEvent
106,(Code,I-NonEvent
106,:,I-NonEvent
106,40011),E-NonEvent
106,.,O
107,Lighting,B-Event
107,environment,I-Event
107,too,I-Event
107,dark,E-Event
107,.,O
107,Visual,B-Event
107,positioning,I-Event
107,inaccurate,E-Event
107,.,O
107,Fly,B-NonEvent
107,with,I-NonEvent
107,caution,I-NonEvent
107,(Code,I-NonEvent
107,:,I-NonEvent
107,180032),E-NonEvent
107,.,O
108,Strong,B-Event
108,Aircraft,I-Event
108,Interference,E-Event
108,.,O
109,Aircraft,B-Event
109,flight,I-Event
109,control,I-Event
109,locked,E-Event
109,.,O
110,Aircraft,B-Event
110,flight,I-Event
110,control,I-Event
110,obtained,I-Event
110,by,I-Event
110,remote,I-Event
110,controller,I-Event
110,A,E-Event
110,.,O
111,Auxiliary,B-Event
111,Bottom,I-Event
111,Light,I-Event
111,set,I-Event
111,to,I-Event
111,automatic,I-Event
111,mode,E-Event
111,.,O
112,Battery,B-Event
112,power,I-Event
112,restricted,E-Event
112,.,O
112,Aircraft,B-Event
112,performance,I-Event
112,decreased,I-Event
112,to,I-Event
112,ensure,I-Event
112,flight,I-Event
112,safety,E-Event
112,.,O
112,Return,B-NonEvent
112,to,I-NonEvent
112,home,I-NonEvent
112,promptly,I-NonEvent
112,(Code,I-NonEvent
112,:,I-NonEvent
112,110013),E-NonEvent
112,.,O
113,Critical,B-Event
113,Low,I-Event
113,Battery,I-Event
113,(Code,I-Event
113,:,I-Event
113,30183),E-Event
113,.,O
114,Propeller,B-Event
114,Fell,I-Event
114,Off,E-Event
114,.,O
114,Motor,B-Event
114,idle,E-Event
114,.,O
114,Check,B-NonEvent
114,whether,I-NonEvent
114,propellers,I-NonEvent
114,are,I-NonEvent
114,installed,I-NonEvent
114,(Code,I-NonEvent
114,:,I-NonEvent
114,30166),E-NonEvent
114,.,O
115,Return-to-Home,B-NonEvent
115,Altitude,I-NonEvent
115,:,I-NonEvent
115,nnn,E-NonEvent
115,.,O
116,Weak,B-Event
116,signal,E-Event
116,.,O
116,Make,B-NonEvent
116,sure,I-NonEvent
116,the,I-NonEvent
116,remote,I-NonEvent
116,controller,I-NonEvent
116,is,I-NonEvent
116,facing,I-NonEvent
116,aircraft,I-NonEvent
116,and,I-NonEvent
116,avoid,I-NonEvent
116,blocking,I-NonEvent
116,the,I-NonEvent
116,signal,I-NonEvent
116,(Code,I-NonEvent
116,:,I-NonEvent
116,80016),E-NonEvent
116,.,O
117,Aircraft,B-Event
117,flight,I-Event
117,control,I-Event
117,unlocked,E-Event
117,.,O
118,Braking,B-NonEvent
118,now,E-NonEvent
118,!,O
118,No,B-NonEvent
118,use,I-NonEvent
118,to,I-NonEvent
118,move,I-NonEvent
118,the,I-NonEvent
118,stick,I-NonEvent
118,right,E-NonEvent
118,.,O
118,Avoid,B-NonEvent
118,the,I-NonEvent
118,obstacle,E-NonEvent
118,.,O
119,Homepoint,B-Event
119,updated,E-Event
119,.,O
119,RTH,B-Event
119,altitude,I-Event
119,adjusted,I-Event
119,to,I-Event
119,nnn,I-Event
119,(Code,I-Event
119,:,I-Event
119,3000001),E-Event
119,.,O
120,Insufficient,B-Event
120,SD,I-Event
120,card,I-Event
120,space,E-Event
120,.,O
120,Change,B-NonEvent
120,card,I-NonEvent
120,or,I-NonEvent
120,delete,I-NonEvent
120,files,I-NonEvent
120,(Code,I-NonEvent
120,:,I-NonEvent
120,10035),E-NonEvent
120,.,O
121,Motor,B-Event
121,idle,E-Event
121,.,O
121,Check,B-NonEvent
121,whether,I-NonEvent
121,propellers,I-NonEvent
121,are,I-NonEvent
121,installed,I-NonEvent
121,(Code,I-NonEvent
121,:,I-NonEvent
121,30166),E-NonEvent
121,.,O
122,Pano,B-Event
122,successful,E-Event
122,.,O
123,Strong,B-Event
123,Interference,I-Event
123,to,I-Event
123,Remote,I-Event
123,Controller,E-Event
123,.,O
123,Signal,B-NonEvent
123,interruption,I-NonEvent
123,maybe,I-NonEvent
123,more,I-NonEvent
123,likely,E-NonEvent
123,.,O
123,Fly,B-NonEvent
123,with,I-NonEvent
123,caution,E-NonEvent
123,.,O
124,Battery,B-Event
124,temperature,I-Event
124,too,I-Event
124,low,E-Event
124,.,O
124,Fly,B-NonEvent
124,with,I-NonEvent
124,caution,I-NonEvent
124,(Code,I-NonEvent
124,:,I-NonEvent
124,110023),E-NonEvent
124,.,O
125,EMMC,B-Event
125,is,I-Event
125,full,E-Event
125,.,O
126,Extra,B-Event
126,payload,I-Event
126,detected,E-Event
126,.,O
126,Max,B-Event
126,altitude,I-Event
126,set,I-Event
126,to,I-Event
126,nnn,I-Event
126,and,I-Event
126,max,I-Event
126,distance,I-Event
126,set,I-Event
126,to,I-Event
126,nnn,I-Event
126,to,I-Event
126,ensure,I-Event
126,flight,I-Event
126,safety,I-Event
126,(Code,I-Event
126,:,I-Event
126,30232),E-Event
126,.,O
127,SD,B-Event
127,card,I-Event
127,full,E-Event
127,.,O
127,Change,B-NonEvent
127,card,I-NonEvent
127,or,I-NonEvent
127,delete,I-NonEvent
127,files,I-NonEvent
127,(Code,I-NonEvent
127,:,I-NonEvent
127,10027),E-NonEvent
127,.,O
128,Unable,B-Event
128,to,I-Event
128,take,I-Event
128,off,I-Event
128,in,I-Event
128,low,I-Event
128,light,I-Event
128,environment,E-Event
128,.,O
128,Ensure,B-NonEvent
128,there,I-NonEvent
128,are,I-NonEvent
128,no,I-NonEvent
128,metal,I-NonEvent
128,and,I-NonEvent
128,magnetic,I-NonEvent
128,objects,I-NonEvent
128,near,I-NonEvent
128,the,I-NonEvent
128,aircraft,I-NonEvent
128,and,I-NonEvent
128,calibrate,I-NonEvent
128,compass,I-NonEvent
128,(Code,I-NonEvent
128,:,I-NonEvent
128,30096),E-NonEvent
128,.,O
129,During,B-NonEvent
129,Smart,I-NonEvent
129,Track,E-NonEvent
129,",",O
129,you,B-NonEvent
129,can,I-NonEvent
129,control,I-NonEvent
129,lens,I-NonEvent
129,zoom,I-NonEvent
129,within,I-NonEvent
129,a,I-NonEvent
129,certain,I-NonEvent
129,limit,E-NonEvent
129,.,O
130,Gimbal,B-Event
130,IMU,I-Event
130,data,I-Event
130,error,E-Event
130,.,O
130,Contact,B-NonEvent
130,DJI,I-NonEvent
130,Support,I-NonEvent
130,for,I-NonEvent
130,assistance,I-NonEvent
130,(Code,I-NonEvent
130,:,I-NonEvent
130,40021),E-NonEvent
130,.,O
131,Motor,B-Event
131,is,I-Event
131,Blocked,E-Event
131,.,O
131,Motor,B-Event
131,stuck,E-Event
131,.,O
131,Check,B-NonEvent
131,for,I-NonEvent
131,objects,I-NonEvent
131,blocking,I-NonEvent
131,motor,I-NonEvent
131,or,I-NonEvent
131,contact,I-NonEvent
131,DJI,I-NonEvent
131,Support,I-NonEvent
131,for,I-NonEvent
131,assistance,I-NonEvent
131,(Code,I-NonEvent
131,:,I-NonEvent
131,30165),E-NonEvent
131,.,O
132,Obstacle,B-Event
132,Avoidance,I-Event
132,disabled,E-Event
132,.,O
132,Fly,B-NonEvent
132,with,I-NonEvent
132,caution,E-NonEvent
132,.,O
133,Propeller,B-Event
133,Guard,I-Event
133,Mounted,E-Event
133,.,O
133,Propeller,B-Event
133,Guard,I-Event
133,mounted,E-Event
133,.,O
133,Forward,B-Event
133,Obstacle,I-Event
133,Sensing,I-Event
133,will,I-Event
133,be,I-Event
133,automatically,I-Event
133,switched,I-Event
133,off,E-Event
133,.,O
134,Unable,B-Event
134,to,I-Event
134,take,I-Event
134,off,I-Event
134,(Code,I-Event
134,:,I-Event
134,30064),E-Event
134,.,O
135,Downward,B-Event
135,Obstacle,I-Event
135,Sensing,I-Event
135,is,I-Event
135,not,I-Event
135,functioning,E-Event
135,.,O
135,Ambient,B-Event
135,Light,I-Event
135,is,I-Event
135,too,I-Event
135,weak,E-Event
135,.,O
136,Extra,B-Event
136,payload,I-Event
136,detected,E-Event
136,.,O
136,Return,B-NonEvent
136,aircraft,I-NonEvent
136,to,I-NonEvent
136,an,I-NonEvent
136,area,I-NonEvent
136,nearby,I-NonEvent
136,the,I-NonEvent
136,home,I-NonEvent
136,point,I-NonEvent
136,promptly,I-NonEvent
136,and,I-NonEvent
136,fly,I-NonEvent
136,in,I-NonEvent
136,a,I-NonEvent
136,wind-free,I-NonEvent
136,environment,I-NonEvent
136,to,I-NonEvent
136,ensure,I-NonEvent
136,flight,I-NonEvent
136,safety,I-NonEvent
136,(Code,I-NonEvent
136,:,I-NonEvent
136,30231),E-NonEvent
136,.,O
137,Extra,B-Event
137,payload,I-Event
137,detected,E-Event
137,.,O
137,Return,B-Event
137,the,I-Event
137,aircraft,I-Event
137,to,I-Event
137,an,I-Event
137,area,I-Event
137,nearby,I-Event
137,the,I-Event
137,home,I-Event
137,point,I-Event
137,promptly,I-Event
137,to,I-Event
137,ensure,I-Event
137,flight,I-Event
137,safety,I-Event
137,(Code,I-Event
137,:,I-Event
137,30231),E-Event
137,.,O
138,Motor,B-Event
138,unable,I-Event
138,to,I-Event
138,rotate,E-Event
138,.,O
138,Check,B-NonEvent
138,for,I-NonEvent
138,objects,I-NonEvent
138,blocking,I-NonEvent
138,motor,I-NonEvent
138,or,I-NonEvent
138,contact,I-NonEvent
138,DJI,I-NonEvent
138,Support,I-NonEvent
138,for,I-NonEvent
138,assistance,I-NonEvent
138,(Code,I-NonEvent
138,:,I-NonEvent
138,30165),E-NonEvent
138,.,O
139,Propulsion,B-Event
139,output,I-Event
139,has,I-Event
139,been,I-Event
139,limited,I-Event
139,to,I-Event
139,ensure,I-Event
139,battery,I-Event
139,health,E-Event
139,.,O
140,Strong,B-Event
140,wireless,I-Event
140,interference,E-Event
140,.,O
140,Please,B-NonEvent
140,fly,I-NonEvent
140,with,I-NonEvent
140,caution,E-NonEvent
140,.,O
141,Subject,B-Event
141,lost,E-Event
141,",",O
141,searching,E-Event
141,.,O
142,Account,B-Event
142,not,I-Event
142,logged,I-Event
142,in,E-Event
142,.,O
142,Flight,B-Event
142,altitude,I-Event
142,and,I-Event
142,distance,I-Event
142,restricted,I-Event
142,to,I-Event
142,nnn,I-Event
142,and,I-Event
142,nnn,E-Event
142,.,O
142,Check,B-NonEvent
142,and,I-NonEvent
142,log,I-NonEvent
142,in,I-NonEvent
142,(Code,I-NonEvent
142,:,I-NonEvent
142,3000003),E-NonEvent
142,.,O
143,Aircraft,B-Event
143,in,I-Event
143,Authorization,I-Event
143,Zone,E-Event
143,.,O
143,Exit,B-NonEvent
143,zone,I-NonEvent
143,promptly,I-NonEvent
143,(Code,I-NonEvent
143,:,I-NonEvent
143,190004),E-NonEvent
143,.,O
144,Compass,B-Event
144,initialization,I-Event
144,failed,E-Event
144,.,O
144,Restart,B-NonEvent
144,aircraft,I-NonEvent
144,(Code,I-NonEvent
144,:,I-NonEvent
144,30063),E-NonEvent
144,.,O
145,Intelligent,B-Event
145,Flight,I-Event
145,Modes,I-Event
145,have,I-Event
145,not,I-Event
145,been,I-Event
145,enabled,E-Event
145,.,O
145,Enable,B-NonEvent
145,this,I-NonEvent
145,option,I-NonEvent
145,in,I-NonEvent
145,Main,I-NonEvent
145,Controller,I-NonEvent
145,Settings,I-NonEvent
145,if,I-NonEvent
145,needed,E-NonEvent
145,.,O
146,Obstacle,B-Event
146,sensing,I-Event
146,not,I-Event
146,available,I-Event
146,at,I-Event
146,night,E-Event
146,.,O
146,Adjust,B-NonEvent
146,RTH,I-NonEvent
146,altitude,I-NonEvent
146,to,I-NonEvent
146,above,I-NonEvent
146,tallest,I-NonEvent
146,surrounding,I-NonEvent
146,building,I-NonEvent
146,before,I-NonEvent
146,flying,I-NonEvent
146,(Code,I-NonEvent
146,:,I-NonEvent
146,3203600),E-NonEvent
146,.,O
147,Panorama,B-Event
147,Captured,I-Event
147,Successfully,E-Event
147,.,O
148,Tip,B-NonEvent
148,:,O
148,Only,B-NonEvent
148,the,I-NonEvent
148,first,I-NonEvent
148,camera,I-NonEvent
148,can,I-NonEvent
148,tap-zoom,I-NonEvent
148,in,I-NonEvent
148,dual,I-NonEvent
148,gimbal,I-NonEvent
148,control,I-NonEvent
148,mode,E-NonEvent
148,.,O
149,Tip,B-NonEvent
149,:,O
149,When,B-NonEvent
149,multi-gimbals,I-NonEvent
149,are,I-NonEvent
149,controlled,I-NonEvent
149,together,E-NonEvent
149,",",O
149,only,B-NonEvent
149,the,I-NonEvent
149,first,I-NonEvent
149,gimbal,I-NonEvent
149,spotlight,I-NonEvent
149,feature,I-NonEvent
149,is,I-NonEvent
149,available,E-NonEvent
149,.,O
150,Weak,B-Event
150,GPS,I-Event
150,signal,E-Event
150,.,O
150,Aircraft,B-NonEvent
150,is,I-NonEvent
150,in,I-NonEvent
150,Attitude,I-NonEvent
150,mode,I-NonEvent
150,and,I-NonEvent
150,hovering,I-NonEvent
150,may,I-NonEvent
150,be,I-NonEvent
150,unstable,E-NonEvent
150,.,O
150,Fly,B-NonEvent
150,with,I-NonEvent
150,caution,E-NonEvent
150,.,O
151,Aircraft,B-NonEvent
151,ActiveTrack,I-NonEvent
151,max,I-NonEvent
151,speed,I-NonEvent
151,of,I-NonEvent
151,nnn,I-NonEvent
151,and,I-NonEvent
151,Obstacle,I-NonEvent
151,Avoidance,I-NonEvent
151,functions,I-NonEvent
151,normally,E-NonEvent
151,.,O
152,Compass,B-Event
152,error,E-Event
152,.,O
152,Ensure,B-NonEvent
152,there,I-NonEvent
152,are,I-NonEvent
152,no,I-NonEvent
152,metal,I-NonEvent
152,or,I-NonEvent
152,magnetic,I-NonEvent
152,objects,I-NonEvent
152,near,I-NonEvent
152,the,I-NonEvent
152,aircraft,I-NonEvent
152,and,I-NonEvent
152,calibrate,I-NonEvent
152,it,I-NonEvent
152,before,I-NonEvent
152,use,I-NonEvent
152,(Code,I-NonEvent
152,:,I-NonEvent
152,30060),E-NonEvent
152,.,O
153,Gimbal,B-Event
153,Pitch,I-Event
153,Limit,I-Event
153,Reached,E-Event
153,.,O
154,Motor,B-Event
154,nnn,I-Event
154,stalled,E-Event
154,.,O
154,Land,B-NonEvent
154,aircraft,I-NonEvent
154,immediately,E-NonEvent
154,.,O
155,Pano,B-Event
155,shooting,I-Event
155,completed,E-Event
155,.,O
155,The,B-NonEvent
155,sky,I-NonEvent
155,part,I-NonEvent
155,is,I-NonEvent
155,filled,I-NonEvent
155,automatically,E-NonEvent
155,.,O
156,Precision,B-Event
156,Landing,E-Event
156,.,O
156,Locating,B-Event
156,Landing,I-Event
156,Point,E-Event
156,.,O
157,Remote,B-Event
157,controller,I-Event
157,disconnected,I-Event
157,from,I-Event
157,aircraft,I-Event
157,(Code,I-Event
157,:,I-Event
157,30029),E-Event
157,.,O
158,Yaw,B-Event
158,Error,E-Event
158,.,O
159,Aircraft,B-NonEvent
159,is,I-NonEvent
159,in,I-NonEvent
159,QuickShot,I-NonEvent
159,Mode,E-NonEvent
159,.,O
159,Ensure,B-NonEvent
159,your,I-NonEvent
159,environment,I-NonEvent
159,is,I-NonEvent
159,free,I-NonEvent
159,of,I-NonEvent
159,potential,I-NonEvent
159,obstacles,E-NonEvent
159,.,O
160,Aircraft,B-Event
160,propulsion,I-Event
160,system,I-Event
160,error,E-Event
160,.,O
160,Forced,B-Event
160,landing,E-Event
160,.,O
160,Manually,B-NonEvent
160,control,I-NonEvent
160,the,I-NonEvent
160,aircraft,I-NonEvent
160,and,I-NonEvent
160,land,I-NonEvent
160,in,I-NonEvent
160,an,I-NonEvent
160,open,I-NonEvent
160,area,E-NonEvent
160,.,O
161,Camera,B-Event
161,Settings,I-Event
161,ActiveTrack,I-Event
161,Optimized,E-Event
161,.,O
162,Color,B-Event
162,display,I-Event
162,in,I-Event
162,the,I-Event
162,Liveview,I-Event
162,has,I-Event
162,been,I-Event
162,enhanced,E-Event
162,.,O
162,Videos,B-Event
162,and,I-Event
162,photos,I-Event
162,will,I-Event
162,still,I-Event
162,be,I-Event
162,shot,I-Event
162,in,I-Event
162,D-Log,I-Event
162,mode,E-Event
162,.,O
163,Impact,B-Event
163,detected,E-Event
163,.,O
163,Restart,B-Event
163,aircraft,I-Event
163,(Code,I-Event
163,:,I-Event
163,30132),E-Event
163,.,O
164,Low,B-Event
164,power,E-Event
164,",",O
164,please,B-NonEvent
164,replace,I-NonEvent
164,the,I-NonEvent
164,battery,E-NonEvent
164,.,O
165,QuickShot,B-Event
165,has,I-Event
165,ended,E-Event
165,.,O
166,Remote,B-Event
166,controller,I-Event
166,battery,I-Event
166,level,I-Event
166,low,E-Event
166,.,O
166,Recharge,B-NonEvent
166,promptly,I-NonEvent
166,(Code,I-NonEvent
166,:,I-NonEvent
166,60001),E-NonEvent
166,.,O
167,Remote,B-Event
167,controller,I-Event
167,signal,I-Event
167,lost,I-Event
167,(Code,I-Event
167,:,I-Event
167,30029),E-Event
167,.,O
168,Returning,B-Event
168,Home,E-Event
168,.,O
169,SD,B-Event
169,card,I-Event
169,malfunction,E-Event
169,.,O
169,Change,B-Event
169,card,I-Event
169,(Code,I-Event
169,:,I-Event
169,10023),E-Event
169,.,O
170,Weak,B-Event
170,signal,E-Event
170,.,O
170,Adjust,B-NonEvent
170,antenna,I-NonEvent
170,and,I-NonEvent
170,avoid,I-NonEvent
170,signal,I-NonEvent
170,block,E-NonEvent
170,.,O
171,Accelerator,B-Event
171,is,I-Event
171,Over,I-Event
171,Range,E-Event
171,.,O
172,Aircraft,B-Event
172,in,I-Event
172,Authorization,I-Event
172,Zone,E-Event
172,.,O
172,Unable,B-Event
172,to,I-Event
172,take,I-Event
172,off,I-Event
172,before,I-Event
172,unlocking,I-Event
172,(Code,I-Event
172,:,I-Event
172,3000005),E-Event
172,.,O
173,Aircraft,B-Event
173,in,I-Event
173,Restricted,I-Event
173,Zones,E-Event
173,.,O
173,Check,B-NonEvent
173,map,I-NonEvent
173,to,I-NonEvent
173,find,I-NonEvent
173,Recommended,I-NonEvent
173,Zones,I-NonEvent
173,(Code,I-NonEvent
173,:,I-NonEvent
173,30083),E-NonEvent
173,.,O
174,Backward,B-Event
174,Obstacle,I-Event
174,Sensing,I-Event
174,is,I-Event
174,not,I-Event
174,functioning,E-Event
174,.,O
175,Camera,B-Event
175,busy,E-Event
175,",",O
175,cannot,B-NonEvent
175,enter,I-NonEvent
175,playback,E-NonEvent
175,.,O
176,Cannot,B-Event
176,Enter,I-Event
176,TapFly,E-Event
176,.,O
176,Cannot,B-Event
176,fly,I-Event
176,in,I-Event
176,that,I-Event
176,direction,E-Event
176,.,O
177,Critical,B-Event
177,low,I-Event
177,battery,E-Event
177,.,O
177,Recharge,B-NonEvent
177,promptly,I-NonEvent
177,(Code,I-NonEvent
177,:,I-NonEvent
177,30077),E-NonEvent
177,.,O
178,Critically,B-Event
178,Low,I-Event
178,Voltage,I-Event
178,Warning,E-Event
178,.,O
178,Land,B-NonEvent
178,as,I-NonEvent
178,soon,I-NonEvent
178,as,I-NonEvent
178,possible,E-NonEvent
178,",",O
178,otherwise,B-NonEvent
178,the,I-NonEvent
178,battery,I-NonEvent
178,will,I-NonEvent
178,be,I-NonEvent
178,damaged,E-NonEvent
178,.,O
179,Current,B-Event
179,elevation,I-Event
179,above,I-Event
179,nnn,E-Event
179,.,O
179,Fly,B-NonEvent
179,with,I-NonEvent
179,caution,I-NonEvent
179,(Code,I-NonEvent
179,:,I-NonEvent
179,30152),E-NonEvent
179,.,O
180,Drone,B-Event
180,is,I-Event
180,Vibrating,E-Event
180,.,O
181,Excessive,B-Event
181,attitude,I-Event
181,angle,I-Event
181,detected,E-Event
181,",",O
181,forward,B-Event
181,obstacle,I-Event
181,avoidance,I-Event
181,has,I-Event
181,stopped,I-Event
181,working,E-Event
181,.,O
182,Failed,B-Event
182,to,I-Event
182,cancel,I-Event
182,landing,E-Event
182,.,O
183,Forward,B-Event
183,Obstacle,I-Event
183,Sensing,I-Event
183,is,I-Event
183,not,I-Event
183,functioning,E-Event
183,.,O
184,Gimbal,B-Event
184,nnn,I-Event
184,roll,I-Event
184,axis,I-Event
184,endpoint,I-Event
184,reached,E-Event
184,.,O
185,Home,B-Event
185,Point,I-Event
185,Recorded,E-Event
185,.,O
186,Landing,B-Event
186,Canceled,E-Event
186,.,O
187,Low,B-Event
187,battery,I-Event
187,voltage,E-Event
187,.,O
187,Fly,B-NonEvent
187,with,I-NonEvent
187,caution,I-NonEvent
187,(Code,I-NonEvent
187,:,I-NonEvent
187,110011),E-NonEvent
187,.,O
188,Manned,B-Event
188,aircraft,I-Event
188,approaching,E-Event
188,.,O
188,Fly,B-NonEvent
188,at,I-NonEvent
188,a,I-NonEvent
188,safe,I-NonEvent
188,altitude,I-NonEvent
188,(Code,I-NonEvent
188,:,I-NonEvent
188,30180),E-NonEvent
188,.,O
189,Motor,B-Event
189,error,E-Event
189,.,O
189,Check,B-NonEvent
189,propellers,I-NonEvent
189,and,I-NonEvent
189,fly,I-NonEvent
189,with,I-NonEvent
189,caution,I-NonEvent
189,(Code,I-NonEvent
189,:,I-NonEvent
189,120652),E-NonEvent
189,.,O
190,Weak,B-Event
190,GPS,I-Event
190,signal,E-Event
190,.,O
190,Positioning,B-Event
190,accuracy,I-Event
190,may,I-Event
190,be,I-Event
190,compromised,E-Event
190,.,O
190,Please,B-NonEvent
190,fly,I-NonEvent
190,with,I-NonEvent
190,caution,E-NonEvent
190,.,O
191,Abnormal,B-Event
191,compass,I-Event
191,function,I-Event
191,or,I-Event
191,GPS,I-Event
191,signal,I-Event
191,detected,E-Event
191,.,O
191,Aircraft,B-Event
191,switched,I-Event
191,to,I-Event
191,ATTI,I-Event
191,mode,E-Event
191,.,O
192,Aircraft,B-Event
192,entered,I-Event
192,Fixed-Wing,I-Event
192,Mode,E-Event
192,.,O
192,Current,B-NonEvent
192,flight,I-NonEvent
192,speed,I-NonEvent
192,is,I-NonEvent
192,nnn,E-NonEvent
192,.,O
192,Press,B-NonEvent
192,C2,I-NonEvent
192,to,I-NonEvent
192,exit,E-NonEvent
192,.,O
193,Aircraft,B-Event
193,GPS,I-Event
193,interference,E-Event
193,.,O
193,Aircraft,B-Event
193,unable,I-Event
193,to,I-Event
193,fly,I-Event
193,stably,E-Event
193,.,O
193,Land,B-NonEvent
193,or,I-NonEvent
193,reutrn,I-NonEvent
193,to,I-NonEvent
193,home,I-NonEvent
193,promptly,I-NonEvent
193,(Code,I-NonEvent
193,:,I-NonEvent
193,30245),E-NonEvent
193,.,O
194,Aircraft,B-Event
194,pitch,I-Event
194,angle,I-Event
194,too,I-Event
194,large,E-Event
194,.,O
194,Ensure,B-NonEvent
194,aircraft,I-NonEvent
194,is,I-NonEvent
194,level,I-NonEvent
194,before,I-NonEvent
194,taking,I-NonEvent
194,off,I-NonEvent
194,(Code,I-NonEvent
194,:,I-NonEvent
194,30087),E-NonEvent
194,.,O
195,Aircraft,B-Event
195,will,I-Event
195,automatically,I-Event
195,descend,I-Event
195,in,I-Event
195,nnn,E-Event
195,.,O
196,Aircraft,B-NonEvent
196,will,I-NonEvent
196,not,I-NonEvent
196,enter,I-NonEvent
196,S-mode,I-NonEvent
196,if,I-NonEvent
196,powered,I-NonEvent
196,on,I-NonEvent
196,with,I-NonEvent
196,the,I-NonEvent
196,remote,I-NonEvent
196,controller,I-NonEvent
196,set,I-NonEvent
196,to,I-NonEvent
196,S-mode,E-NonEvent
196,.,O
196,Please,B-NonEvent
196,switch,I-NonEvent
196,to,I-NonEvent
196,Normal,I-NonEvent
196,mode,E-NonEvent
196,",",O
196,then,B-NonEvent
196,back,I-NonEvent
196,to,I-NonEvent
196,S-mode,I-NonEvent
196,to,I-NonEvent
196,enable,I-NonEvent
196,it,E-NonEvent
196,.,O
197,Auto,B-Event
197,Landing,I-Event
197,in,I-Event
197,nnn(s),E-Event
197,.,O
198,Battery,B-Event
198,installed,I-Event
198,incorrectly,E-Event
198,.,O
198,Detach,B-NonEvent
198,battery,I-NonEvent
198,and,I-NonEvent
198,reinstall,I-NonEvent
198,it,I-NonEvent
198,(Code,I-NonEvent
198,:,I-NonEvent
198,30068),E-NonEvent
198,.,O
199,Battery,B-Event
199,level,I-Event
199,low,E-Event
199,.,O
199,Charge,B-Event
199,battery,I-Event
199,(Code,I-Event
199,:,I-Event
199,30078),E-Event
199,.,O
200,Battery,B-Event
200,:,O
200,Connection,I-Event
200,Error,E-Event
200,.,O
201,Cache,B-Event
201,Space,I-Event
201,Full,E-Event
201,.,O
202,Camera,B-Event
202,not,I-Event
202,calibrated,E-Event
202,.,O
202,Image,B-Event
202,quality,I-Event
202,affected,E-Event
202,.,O
202,Contact,B-NonEvent
202,DJI,I-NonEvent
202,Support,I-NonEvent
202,for,I-NonEvent
202,assistance,I-NonEvent
202,(Code,I-NonEvent
202,:,I-NonEvent
202,10016),E-NonEvent
202,.,O
203,Camera,B-Event
203,not,I-Event
203,calibrated,E-Event
203,.,O
203,Image,B-Event
203,quality,I-Event
203,affected,E-Event
203,.,O
203,Contact,B-NonEvent
203,DJI,I-NonEvent
203,Support,I-NonEvent
203,for,I-NonEvent
203,assistance,I-NonEvent
203,(Code,I-NonEvent
203,:,I-NonEvent
203,10017),E-NonEvent
203,.,O
204,Camera,B-Event
204,Settings,I-Event
204,Adjusted,E-Event
204,.,O
205,Cannot,B-Event
205,enter,I-Event
205,the,I-Event
205,selected,I-Event
205,flight,I-Event
205,mode,E-Event
205,.,O
205,Try,B-NonEvent
205,again,I-NonEvent
205,later,E-NonEvent
205,.,O
206,Capture,B-Event
206,Failed,E-Event
206,.,O
206,The,B-Event
206,aircraft,I-Event
206,is,I-Event
206,moving,E-Event
206,.,O
206,Cannot,B-Event
206,shoot,I-Event
206,panorama,E-Event
206,.,O
207,Critical,B-Event
207,low,I-Event
207,battery,E-Event
207,.,O
207,Aircraft,B-Event
207,in,I-Event
207,Auto,I-Event
207,Power,I-Event
207,Off,I-Event
207,Protection,E-Event
207,.,O
207,Forced,B-Event
207,landing,I-Event
207,in,I-Event
207,progress,I-Event
207,(Code,I-Event
207,:,I-Event
207,110014),E-Event
207,.,O
208,Critically,B-Event
208,Low,I-Event
208,Voltage,I-Event
208,Warning,E-Event
208,.,O
208,Aircraft,B-Event
208,will,I-Event
208,be,I-Event
208,forced,I-Event
208,to,I-Event
208,land,E-Event
208,.,O
209,Disable,B-NonEvent
209,SD,I-NonEvent
209,card,I-NonEvent
209,read,I-NonEvent
209,and,I-NonEvent
209,write,I-NonEvent
209,protection,I-NonEvent
209,or,I-NonEvent
209,change,I-NonEvent
209,card,I-NonEvent
209,(Code,I-NonEvent
209,:,I-NonEvent
209,10024),E-NonEvent
209,.,O
210,Downward,B-Event
210,vision,I-Event
210,sensor,I-Event
210,error,E-Event
210,.,O
210,Contact,B-NonEvent
210,DJI,I-NonEvent
210,Support,I-NonEvent
210,for,I-NonEvent
210,assistance,I-NonEvent
210,(Code,I-NonEvent
210,:,I-NonEvent
210,180016),E-NonEvent
210,.,O
211,Downward,B-Event
211,vision,I-Event
211,sensor,I-Event
211,error,E-Event
211,.,O
211,Contact,B-NonEvent
211,DJI,I-NonEvent
211,Support,I-NonEvent
211,for,I-NonEvent
211,assistance,I-NonEvent
211,(Code,I-NonEvent
211,:,I-NonEvent
211,180017),E-NonEvent
211,.,O
212,Extra,B-Event
212,payload,I-Event
212,detected,E-Event
212,.,O
212,Flight,B-Event
212,performance,I-Event
212,will,I-Event
212,be,I-Event
212,affected,E-Event
212,.,O
212,Fly,B-NonEvent
212,with,I-NonEvent
212,caution,E-NonEvent
212,.,O
213,File,B-Event
213,system,I-Event
213,error,E-Event
213,.,O
213,Change,B-NonEvent
213,SD,I-NonEvent
213,card,I-NonEvent
213,(Code,I-NonEvent
213,:,I-NonEvent
213,10025),E-NonEvent
213,.,O
214,Gimbal,B-Event
214,Yaw,I-Event
214,Limit,I-Event
214,Reached,E-Event
214,.,O
215,GPS,B-Event
215,signal,I-Event
215,weak,E-Event
215,.,O
215,Positioning,B-Event
215,accuracy,I-Event
215,affected,E-Event
215,.,O
215,Fly,B-NonEvent
215,with,I-NonEvent
215,caution,I-NonEvent
215,(Code,I-NonEvent
215,:,I-NonEvent
215,30049),E-NonEvent
215,.,O
216,Landing,B-Event
216,gear,I-Event
216,function,I-Event
216,restored,E-Event
216,.,O
217,Max,B-Event
217,altitude,I-Event
217,reached,I-Event
217,(Altitude,I-Event
217,limit,I-Event
217,:,I-Event
217,nnn),I-Event
217,(Code,I-Event
217,:,I-Event
217,20000001),E-Event
217,.,O
218,Payload,B-Event
218,mode,I-Event
218,enabled,E-Event
218,.,O
218,Max,B-Event
218,altitude,I-Event
218,set,I-Event
218,to,I-Event
218,nnn,I-Event
218,and,I-Event
218,max,I-Event
218,distance,I-Event
218,set,I-Event
218,to,I-Event
218,nnn,E-Event
218,.,O
218,Fly,B-NonEvent
218,in,I-NonEvent
218,a,I-NonEvent
218,wind-free,I-NonEvent
218,environment,I-NonEvent
218,to,I-NonEvent
218,ensure,I-NonEvent
218,flight,I-NonEvent
218,safety,I-NonEvent
218,(Code,I-NonEvent
218,:,I-NonEvent
218,30230),E-NonEvent
218,.,O
219,Propellers,B-Event
219,not,I-Event
219,installed,I-Event
219,(Code,I-Event
219,:,I-Event
219,30144),I-Event
219,.,O
220,Right,B-Event
220,dial,I-Event
220,locked,E-Event
220,.,O
220,Please,B-NonEvent
220,press,I-NonEvent
220,to,I-NonEvent
220,adjust,E-NonEvent
220,.,O
221,RTH,B-Event
221,altitude,I-Event
221,adjusted,I-Event
221,to,I-Event
221,nnn,I-Event
221,(Code,I-Event
221,:,I-Event
221,120852),I-Event
221,.,O
222,The,B-Event
222,aircraft,I-Event
222,is,I-Event
222,flying,I-Event
222,back,I-Event
222,to,I-Event
222,the,I-Event
222,start,I-Event
222,point,E-Event
222,.,O
223,Vision,B-Event
223,sensor,I-Event
223,error,E-Event
223,.,O
223,Contact,B-NonEvent
223,DJI,I-NonEvent
223,Support,I-NonEvent
223,for,I-NonEvent
223,assistance,I-NonEvent
223,(Code,I-NonEvent
223,:,I-NonEvent
223,180030),E-NonEvent
223,.,O
224,Warning,B-Event
224,:,O
224,Command,B-Event
224,Failed,E-Event
224,.,O
225,Warning,B-Event
225,:,O
225,Motor,B-Event
225,Obstructed,E-Event
225,.,O
226,Weak,B-Event
226,image,I-Event
226,transmission,I-Event
226,signal,E-Event
226,.,O
226,Adjust,B-NonEvent
226,antennas,I-NonEvent
226,(Code,I-NonEvent
226,:,I-NonEvent
226,80004),E-NonEvent
226,.,O
227,Your,B-Event
227,aircraft,I-Event
227,is,I-Event
227,at,I-Event
227,the,I-Event
227,boundary,I-Event
227,of,I-Event
227,an,I-Event
227,Authorization,I-Event
227,Zone,E-Event
227,.,O
227,Please,B-NonEvent
227,fly,I-NonEvent
227,away,I-NonEvent
227,with,I-NonEvent
227,caution,E-NonEvent
227,.,O
228,A,B-Event
228,passenger,I-Event
228,aircraft,I-Event
228,is,I-Event
228,approaching,E-Event
228,.,O
228,Descend,B-NonEvent
228,as,I-NonEvent
228,soon,I-NonEvent
228,as,I-NonEvent
228,possible,E-NonEvent
228,.,O
229,A,B-Event
229,passenger,I-Event
229,aircraft,I-Event
229,is,I-Event
229,nearby,E-Event
229,.,O
229,Fly,B-NonEvent
229,with,I-NonEvent
229,caution,E-NonEvent
229,.,O
230,ActiveTrack,B-Event
230,Flight,I-Event
230,Ended,E-Event
230,:,O
230,Aircraft,B-Event
230,is,I-Event
230,entering,I-Event
230,a,I-Event
230,restricted,I-Event
230,area,E-Event
230,.,O
231,ActiveTrack,B-Event
231,Flight,I-Event
231,Ended,E-Event
231,:,O
231,Cannot,B-Event
231,find,I-Event
231,subject,E-Event
231,.,O
232,ActiveTrack,B-Event
232,Flight,I-Event
232,Ended,E-Event
232,:,O
232,Control,B-Event
232,Signal,I-Event
232,Timeout,I-Event
232,(RC),E-Event
232,.,O
233,ActiveTrack,B-Event
233,Flight,I-Event
233,Paused,E-Event
233,.,O
234,ActiveTrack,B-Event
234,Flight,I-Event
234,Stopped,E-Event
234,.,O
234,Aircraft,B-Event
234,Entering,I-Event
234,Restricted,I-Event
234,Area,E-Event
234,.,O
235,Advanced,B-Event
235,RTH,I-Event
235,Image,I-Event
235,Transmission,I-Event
235,Recovered,E-Event
235,.,O
235,Aircraft,B-Event
235,is,I-Event
235,returning,I-Event
235,home,E-Event
235,.,O
236,AE,B-Event
236,Locked,E-Event
236,.,O
236,Metering,B-Event
236,disabled,E-Event
236,.,O
237,Aircraft,B-NonEvent
237,ActiveTrack,I-NonEvent
237,available,I-NonEvent
237,at,I-NonEvent
237,max,I-NonEvent
237,speed,E-NonEvent
237,.,O
237,Obstacle,B-NonEvent
237,Avoidance,I-NonEvent
237,is,I-NonEvent
237,not,I-NonEvent
237,available,E-NonEvent
237,.,O
238,Aircraft,B-NonEvent
238,ActiveTrack,I-NonEvent
238,available,I-NonEvent
238,at,I-NonEvent
238,max,I-NonEvent
238,speed,E-NonEvent
238,.,O
238,When,B-NonEvent
238,exceeding,I-NonEvent
238,nnn,E-NonEvent
238,",",O
238,Obstacle,B-NonEvent
238,Avoidance,I-NonEvent
238,is,I-NonEvent
238,not,I-NonEvent
238,available,E-NonEvent
238,.,O
239,Aircraft,B-NonEvent
239,ActiveTrack,I-NonEvent
239,max,I-NonEvent
239,speed,I-NonEvent
239,of,I-NonEvent
239,nnn,E-NonEvent
239,.,O
239,Left,B-NonEvent
239,and,I-NonEvent
239,right,I-NonEvent
239,Obstacle,I-NonEvent
239,Sensing,I-NonEvent
239,systems,I-NonEvent
239,are,I-NonEvent
239,available,E-NonEvent
239,.,O
240,Aircraft,B-NonEvent
240,approaching,I-NonEvent
240,obstacle,I-NonEvent
240,sensing,I-NonEvent
240,blind,I-NonEvent
240,spot,I-NonEvent
240,and,I-NonEvent
240,may,I-NonEvent
240,be,I-NonEvent
240,unable,I-NonEvent
240,to,I-NonEvent
240,detect,I-NonEvent
240,obstacles,E-NonEvent
240,.,O
240,Fly,B-NonEvent
240,with,I-NonEvent
240,caution,E-NonEvent
240,.,O
241,Aircraft,B-Event
241,close,I-Event
241,to,I-Event
241,Home,I-Event
241,Point,E-Event
241,.,O
241,go,B-NonEvent
241,home,I-NonEvent
241,shifts,I-NonEvent
241,to,I-NonEvent
241,landing,E-NonEvent
241,.,O
242,Aircraft,B-Event
242,Core,I-Event
242,Board,I-Event
242,Overheated,E-Event
242,.,O
243,Aircraft,B-Event
243,exceeded,I-Event
243,distance,I-Event
243,limit,I-Event
243,and,I-Event
243,has,I-Event
243,exited,I-Event
243,Hyperlapse,I-Event
243,mode,E-Event
243,.,O
244,Aircraft,B-Event
244,flight,I-Event
244,control,I-Event
244,obtained,I-Event
244,by,I-Event
244,remote,I-Event
244,controller,I-Event
244,UNKNOWN,E-Event
244,.,O
245,Aircraft,B-Event
245,GPS,I-Event
245,signal,I-Event
245,too,I-Event
245,weak,E-Event
245,.,O
245,Home,B-Event
245,Point,I-Event
245,not,I-Event
245,updated,E-Event
245,.,O
246,Aircraft,B-NonEvent
246,in,I-NonEvent
246,Altitude,I-NonEvent
246,Zone,E-NonEvent
246,.,O
246,Max,B-Event
246,altitude,I-Event
246,set,I-Event
246,to,I-Event
246,nnn,I-Event
246,(Code,I-Event
246,:,I-Event
246,30015),E-Event
246,.,O
247,Aircraft,B-Event
247,in,I-Event
247,high,I-Event
247,interference,I-Event
247,environment,E-Event
247,.,O
247,Fly,B-NonEvent
247,with,I-NonEvent
247,caution,I-NonEvent
247,(Code,I-NonEvent
247,:,I-NonEvent
247,80015),E-NonEvent
247,.,O
248,Aircraft,B-Event
248,in,I-Event
248,Restricted,I-Event
248,Zone,E-Event
248,.,O
248,Unable,B-Event
248,to,I-Event
248,take,I-Event
248,off,E-Event
248,.,O
248,Check,B-NonEvent
248,map,I-NonEvent
248,to,I-NonEvent
248,find,I-NonEvent
248,Recommended,I-NonEvent
248,Zones,I-NonEvent
248,(Code,I-NonEvent
248,:,I-NonEvent
248,3000006),E-NonEvent
248,.,O
249,Aircraft,B-NonEvent
249,is,I-NonEvent
249,close,I-NonEvent
249,to,I-NonEvent
249,Home,I-NonEvent
249,Point,E-NonEvent
249,.,O
249,Return-to-Home,B-Event
249,Mode,I-Event
249,is,I-Event
249,now,I-Event
249,Auto,I-Event
249,Landing,I-Event
249,Mode,E-Event
249,.,O
250,Aircraft,B-Event
250,is,I-Event
250,flying,I-Event
250,back,I-Event
250,to,I-Event
250,the,I-Event
250,start,I-Event
250,point,E-Event
250,.,O
251,Aircraft,B-NonEvent
251,is,I-NonEvent
251,in,I-NonEvent
251,Attitude,I-NonEvent
251,mode,E-NonEvent
251,",",O
251,so,B-NonEvent
251,that,I-NonEvent
251,it,I-NonEvent
251,will,I-NonEvent
251,not,I-NonEvent
251,hover,E-NonEvent
251,.,O
251,Please,B-NonEvent
251,fly,I-NonEvent
251,with,I-NonEvent
251,caution,E-NonEvent
251,.,O
252,Aircraft,B-NonEvent
252,is,I-NonEvent
252,in,I-NonEvent
252,Sport,I-NonEvent
252,Mode,E-NonEvent
252,.,O
252,Exit,B-NonEvent
252,this,I-NonEvent
252,mode,I-NonEvent
252,and,I-NonEvent
252,try,I-NonEvent
252,again,E-NonEvent
252,.,O
253,Aircraft,B-NonEvent
253,is,I-NonEvent
253,in,I-NonEvent
253,Tripod,I-NonEvent
253,Mode,E-NonEvent
253,.,O
253,Exit,B-NonEvent
253,this,I-NonEvent
253,mode,I-NonEvent
253,and,I-NonEvent
253,try,I-NonEvent
253,again,E-NonEvent
253,.,O
254,Aircraft,B-Event
254,is,I-Event
254,landing,I-Event
254,due,I-Event
254,to,I-Event
254,low,I-Event
254,voltage,E-Event
254,",",O
254,which,B-NonEvent
254,cannot,I-NonEvent
254,be,I-NonEvent
254,stopped,E-NonEvent
254,.,O
254,You,B-NonEvent
254,can,I-NonEvent
254,decelerate,I-NonEvent
254,the,I-NonEvent
254,descending,I-NonEvent
254,speed,I-NonEvent
254,and,I-NonEvent
254,avoid,I-NonEvent
254,obstacles,I-NonEvent
254,using,I-NonEvent
254,sticks,E-NonEvent
254,.,O
255,Aircraft,B-Event
255,is,I-Event
255,returning,I-Event
255,to,I-Event
255,the,I-Event
255,starting,I-Event
255,point,E-Event
255,.,O
256,Aircraft,B-Event
256,is,I-Event
256,too,I-Event
256,far,I-Event
256,away,E-Event
256,.,O
257,Aircraft,B-NonEvent
257,not,I-NonEvent
257,in,I-NonEvent
257,flight,E-NonEvent
257,.,O
257,Vision,B-NonEvent
257,system,I-NonEvent
257,and,I-NonEvent
257,obstacle,I-NonEvent
257,sensing,I-NonEvent
257,unavailable,I-NonEvent
257,(Code,I-NonEvent
257,:,I-NonEvent
257,180059),E-NonEvent
257,.,O
258,Aircraft,B-NonEvent
258,not,I-NonEvent
258,linked,I-NonEvent
258,to,I-NonEvent
258,phone,I-NonEvent
258,number,E-NonEvent
258,.,O
258,Flight,B-Event
258,range,I-Event
258,restricted,E-Event
258,.,O
258,Check,B-NonEvent
258,and,I-NonEvent
258,link,I-NonEvent
258,phone,I-NonEvent
258,number,I-NonEvent
258,(Code,I-NonEvent
258,:,I-NonEvent
258,3000004),E-NonEvent
258,.,O
259,Aircraft,B-Event
259,power,I-Event
259,insufficient,E-Event
259,.,O
259,Fly,B-NonEvent
259,with,I-NonEvent
259,caution,I-NonEvent
259,(Code,I-NonEvent
259,:,I-NonEvent
259,30168),E-NonEvent
259,.,O
260,Aircraft,B-Event
260,processor,I-Event
260,chip,I-Event
260,overheated,E-Event
260,.,O
260,Power,B-NonEvent
260,off,I-NonEvent
260,aircraft,I-NonEvent
260,and,I-NonEvent
260,wait,I-NonEvent
260,for,I-NonEvent
260,temperature,I-NonEvent
260,to,I-NonEvent
260,return,I-NonEvent
260,to,I-NonEvent
260,normal,I-NonEvent
260,(Code,I-NonEvent
260,:,I-NonEvent
260,30136),E-NonEvent
260,.,O
261,Aircraft,B-Event
261,processor,I-Event
261,overheated,E-Event
261,.,O
261,Automatically,B-Event
261,returning,I-Event
261,to,I-Event
261,home,I-Event
261,(Code,I-Event
261,:,I-Event
261,30185),E-Event
261,.,O
262,Aircraft,B-Event
262,settings,I-Event
262,updated,I-Event
262,to,I-Event
262,comply,I-Event
262,with,I-Event
262,national,I-Event
262,regulations,E-Event
262,.,O
263,Aircraft,B-Event
263,switched,I-Event
263,to,I-Event
263,ATTI,I-Event
263,mode,E-Event
263,.,O
264,Aircraft,B-Event
264,takeoff,I-Event
264,altitude,I-Event
264,error,E-Event
264,.,O
264,Restart,B-NonEvent
264,aircraft,I-NonEvent
264,(Code,I-NonEvent
264,:,I-NonEvent
264,30235),E-NonEvent
264,.,O
265,Aircraft,B-Event
265,too,I-Event
265,Far,E-Event
265,.,O
265,Cannot,B-Event
265,enter,I-Event
265,Follow,I-Event
265,Me,I-Event
265,Mode,E-Event
265,.,O
266,Aircraft,B-Event
266,unable,I-Event
266,to,I-Event
266,return,I-Event
266,to,I-Event
266,home,I-Event
266,automatically,E-Event
266,.,O
266,Lower,B-NonEvent
266,altitude,I-NonEvent
266,immediately,I-NonEvent
266,and,I-NonEvent
266,return,I-NonEvent
266,to,I-NonEvent
266,home,I-NonEvent
266,manually,I-NonEvent
266,(Code,I-NonEvent
266,:,I-NonEvent
266,120596),E-NonEvent
266,.,O
267,AirSense,B-Event
267,communication,I-Event
267,error,E-Event
267,.,O
267,Unable,B-Event
267,to,I-Event
267,display,I-NonEvent
267,nearby,I-NonEvent
267,manned,I-NonEvent
267,aircraft,I-NonEvent
267,and,I-NonEvent
267,anti-collision,I-NonEvent
267,warnings,E-NonEvent
267,.,O
267,Fly,B-NonEvent
267,with,I-NonEvent
267,caution,I-NonEvent
267,(Code,I-NonEvent
267,:,I-NonEvent
267,30247),E-NonEvent
267,.,O
268,Altitude,B-NonEvent
268,Less,I-NonEvent
268,than,I-NonEvent
268,nnn,E-NonEvent
268,.,O
268,Cannot,B-Event
268,enable,I-Event
268,Follow,I-Event
268,Me,I-Event
268,Mode,E-Event
268,.,O
269,Another,B-Event
269,aircraft,I-Event
269,is,I-Event
269,dangerously,I-Event
269,close,E-Event
269,",",O
269,please,B-NonEvent
269,descend,I-NonEvent
269,to,I-NonEvent
269,a,I-NonEvent
269,safer,I-NonEvent
269,altitude,E-NonEvent
269,.,O
270,Another,B-Event
270,aircraft,I-Event
270,is,I-Event
270,nearby,E-Event
270,.,O
270,Another,B-Event
270,aircraft,I-Event
270,is,I-Event
270,approaching,E-Event
270,.,O
270,Descend,B-NonEvent
270,as,I-NonEvent
270,soon,I-NonEvent
270,as,I-NonEvent
270,possible,E-NonEvent
270,.,O
271,Another,B-Event
271,aircraft,I-Event
271,is,I-Event
271,nearby,E-Event
271,.,O
271,Fly,B-NonEvent
271,with,I-NonEvent
271,caution,E-NonEvent
271,.,O
272,APAS,B-Event
272,has,I-Event
272,been,I-Event
272,enabled,E-Event
272,.,O
273,API,B-Event
273,Automatic,I-Event
273,Return,I-Event
273,Home,E-Event
273,.,O
274,API,B-Event
274,Automatic,I-Event
274,Takeoff,E-Event
274,.,O
275,Approaching,B-Event
275,a,I-Event
275,No-Fly,I-Event
275,Zone,E-Event
275,.,O
275,RTH,B-Event
275,may,I-Event
275,be,I-Event
275,affected,E-Event
275,.,O
275,Fly,B-NonEvent
275,with,I-NonEvent
275,caution,E-NonEvent
275,.,O
276,Approaching,B-Event
276,NFZ,I-Event
276,or,I-Event
276,pre-set,I-Event
276,distance,I-Event
276,limit,I-Event
276,of,I-Event
276,(nnn),E-Event
276,.,O
276,Revise,B-NonEvent
276,Flight,I-NonEvent
276,Route,E-NonEvent
276,.,O
277,Arrived,B-Event
277,at,I-Event
277,destination,E-Event
277,.,O
278,Arrived,B-Event
278,at,I-Event
278,End,I-Event
278,Point,E-Event
278,.,O
279,Arrived,B-Event
279,at,I-Event
279,Start,I-Event
279,Point,E-Event
279,.,O
279,Starting,B-Event
279,Waypoint,I-Event
279,Mission,E-Event
279,.,O
280,At,B-NonEvent
280,least,I-NonEvent
280,two,I-NonEvent
280,Waypoints,I-NonEvent
280,are,I-NonEvent
280,needed,E-NonEvent
280,.,O
281,At,B-NonEvent
281,Least,I-NonEvent
281,Two,I-NonEvent
281,Waypoints,I-NonEvent
281,Required,E-NonEvent
281,.,O
282,Attitude,B-Event
282,is,I-Event
282,too,I-Event
282,large,E-Event
282,.,O
282,Backward,B-Event
282,Obstacle,I-Event
282,Sensing,I-Event
282,is,I-Event
282,not,I-Event
282,functioning,E-Event
282,.,O
283,Attitude,B-Event
283,is,I-Event
283,too,I-Event
283,large,E-Event
283,.,O
283,Backward,B-Event
283,obstacle,I-Event
283,sensing,I-Event
283,is,I-Event
283,unavailable,E-Event
283,.,O
284,Attitude,B-Event
284,is,I-Event
284,too,I-Event
284,large,E-Event
284,.,O
284,Forward,B-Event
284,Obstacle,I-Event
284,Sensing,I-Event
284,is,I-Event
284,not,I-Event
284,functioning,E-Event
284,.,O
285,Attitude,B-Event
285,is,I-Event
285,too,I-Event
285,large,E-Event
285,.,O
285,Forward,B-Event
285,obstacle,I-Event
285,sensing,I-Event
285,is,I-Event
285,unavailable,E-Event
285,.,O
286,Auto,B-Event
286,landing,I-Event
286,initiated,E-Event
286,.,O
287,Backward,B-Event
287,ambient,I-Event
287,light,I-Event
287,too,I-Event
287,low,E-Event
287,.,O
287,Backward,B-NonEvent
287,obstacle,I-NonEvent
287,avoidance,I-NonEvent
287,unavailable,E-NonEvent
287,.,O
287,Only,B-NonEvent
287,infrared,I-NonEvent
287,sensors,I-NonEvent
287,available,E-NonEvent
287,.,O
287,Fly,B-NonEvent
287,with,I-NonEvent
287,caution,E-NonEvent
287,.,O
288,Backward,B-Event
288,sensor(s),I-Event
288,blocked,E-Event
288,.,O
288,Obstacle,B-NonEvent
288,avoidance,I-NonEvent
288,unavailable,E-NonEvent
288,.,O
288,Fly,B-NonEvent
288,with,I-NonEvent
288,caution,E-NonEvent
288,.,O
289,Barometer,B-Event
289,initialization,I-Event
289,failed,E-Event
289,.,O
289,Restart,B-NonEvent
289,aircraft,I-NonEvent
289,(Code,I-NonEvent
289,:,I-NonEvent
289,30042),E-NonEvent
289,.,O
290,Barometer,B-Event
290,initialization,I-Event
290,failed,E-Event
290,.,O
290,Restart,B-NonEvent
290,aircraft,I-NonEvent
290,(Code,I-NonEvent
290,:,I-NonEvent
290,30047),E-NonEvent
290,.,O
291,Battery,B-Event
291,Alert,E-Event
291,.,O
291,Battery,B-Event
291,installation,I-Event
291,error,E-Event
291,.,O
291,Please,B-NonEvent
291,check,I-NonEvent
291,the,I-NonEvent
291,batteries,I-NonEvent
291,are,I-NonEvent
291,inserted,I-NonEvent
291,correctly,E-NonEvent
291,.,O
292,Battery,B-Event
292,cell,I-Event
292,broken,E-Event
292,",",O
292,please,B-NonEvent
292,replace,I-NonEvent
292,the,I-NonEvent
292,battery,E-NonEvent
292,.,O
293,Battery,B-Event
293,cells,I-Event
293,undervoltage,I-Event
293,(Code,I-Event
293,:,I-Event
293,110011),E-Event
293,.,O
294,Battery,B-Event
294,communication,I-Event
294,malfunction,E-Event
294,.,O
294,Reinstall,B-NonEvent
294,battery,E-NonEvent
294,.,O
294,If,B-NonEvent
294,the,I-NonEvent
294,issue,I-NonEvent
294,persists,E-NonEvent
294,",",O
294,replace,B-NonEvent
294,battery,I-NonEvent
294,(Code,I-NonEvent
294,:,I-NonEvent
294,110007),E-NonEvent
294,.,O
295,Battery,B-Event
295,error,E-Event
295,.,O
295,Aircraft,B-Event
295,returning,I-Event
295,to,I-Event
295,home,I-Event
295,automatically,I-Event
295,(Code,I-Event
295,:,I-Event
295,110024),E-Event
295,.,O
296,Battery,B-NonEvent
296,nnn,I-NonEvent
296,requires,I-NonEvent
296,maintenance,E-NonEvent
296,.,O
297,Battery,B-Event
297,not,I-Event
297,installed,I-Event
297,properly,E-Event
297,.,O
297,Return,B-NonEvent
297,to,I-NonEvent
297,home,I-NonEvent
297,immediately,E-NonEvent
297,.,O
297,Check,B-NonEvent
297,and,I-NonEvent
297,re-install,I-NonEvent
297,battery,E-NonEvent
297,.,O
298,Battery,B-Event
298,overheating,E-Event
298,.,O
298,Stop,B-NonEvent
298,flying,I-NonEvent
298,and,I-NonEvent
298,wait,I-NonEvent
298,for,I-NonEvent
298,battery,I-NonEvent
298,temperature,I-NonEvent
298,to,I-NonEvent
298,return,I-NonEvent
298,to,I-NonEvent
298,normal,I-NonEvent
298,(Code,I-NonEvent
298,:,I-NonEvent
298,110002),E-NonEvent
298,.,O
299,Battery,B-Event
299,power,I-Event
299,limit,I-Event
299,will,I-Event
299,automatically,I-Event
299,reduce,I-Event
299,the,I-Event
299,aircraft's,I-Event
299,mobility,I-Event
299,to,I-Event
299,ensure,I-Event
299,flight,I-Event
299,safety,E-Event
299,.,O
300,Battery,B-Event
300,power,I-Event
300,low,E-Event
300,.,O
300,Check,B-NonEvent
300,battery,I-NonEvent
300,status,I-NonEvent
300,and,I-NonEvent
300,charge,I-NonEvent
300,or,I-NonEvent
300,warm,I-NonEvent
300,up,I-NonEvent
300,battery,I-NonEvent
300,(Code,I-NonEvent
300,:,I-NonEvent
300,30078),E-NonEvent
300,.,O
301,Battery,B-Event
301,temperature,I-Event
301,is,I-Event
301,below,I-Event
301,15,I-Event
301,degrees,I-Event
301,Celsius,E-Event
301,.,O
301,Warm,B-NonEvent
301,up,I-NonEvent
301,the,I-NonEvent
301,battery,I-NonEvent
301,temperature,I-NonEvent
301,to,I-NonEvent
301,above,I-NonEvent
301,25,I-NonEvent
301,degree,I-NonEvent
301,Celsius,I-NonEvent
301,to,I-NonEvent
301,ensure,I-NonEvent
301,a,I-NonEvent
301,safe,I-NonEvent
301,flight,E-NonEvent
301,.,O
302,Battery,B-Event
302,Voltage,I-Event
302,Difference,I-Event
302,too,I-Event
302,large,E-Event
302,.,O
302,Check,B-NonEvent
302,Battery,I-NonEvent
302,Status,E-NonEvent
302,.,O
303,Battery,B-Event
303,:,O
303,Battery,B-Event
303,Error,E-Event
303,.,O
303,Return,B-NonEvent
303,home,I-NonEvent
303,and,I-NonEvent
303,land,I-NonEvent
303,soon,E-NonEvent
303,.,O
303,View,B-NonEvent
303,the,I-NonEvent
303,checklist,I-NonEvent
303,after,I-NonEvent
303,landing,E-NonEvent
303,.,O
304,Battery,B-Event
304,:,O
304,Low,B-Event
304,Voltage,I-Event
304,Protection,E-Event
304,.,O
305,Battery,B-Event
305,:,O
305,Overcurrent,I-Event
305,During,I-Event
305,Discharge,E-Event
305,.,O
306,Braking,B-NonEvent
306,now,E-NonEvent
306,!,O
306,Return,B-NonEvent
306,sticks,I-NonEvent
306,to,I-NonEvent
306,midpoints,I-NonEvent
306,first,E-NonEvent
306,.,O
307,Calibration,B-Event
307,subject,I-Event
307,is,I-Event
307,too,I-Event
307,close,E-Event
307,.,O
307,Recalibrate,B-NonEvent
307,using,I-NonEvent
307,a,I-NonEvent
307,subject,I-NonEvent
307,that,I-NonEvent
307,is,I-NonEvent
307,farther,I-NonEvent
307,away,E-NonEvent
307,.,O
308,Calibration,B-Event
308,target,I-Event
308,not,I-Event
308,far,I-Event
308,away,I-Event
308,enough,E-Event
308,.,O
308,Please,B-NonEvent
308,calibrate,I-NonEvent
308,using,I-NonEvent
308,infinity,E-NonEvent
308,.,O
309,Camera,B-Event
309,Error,I-Event
309,(error,I-Event
309,code,I-Event
309,01),E-Event
309,.,O
309,Solution,B-NonEvent
309,:,I-NonEvent
309,Restart,I-NonEvent
309,the,I-NonEvent
309,aircraft,E-NonEvent
309,",",O
309,if,B-NonEvent
309,the,I-NonEvent
309,problem,I-NonEvent
309,persists,E-NonEvent
309,",",O
309,contact,B-NonEvent
309,DJI,I-NonEvent
309,Support,E-NonEvent
309,.,O
310,Camera,B-Event
310,error,E-Event
310,.,O
310,AI,B-Event
310,Spot-Check,I-Event
310,failed,E-Event
310,.,O
310,Restart,B-NonEvent
310,camera,E-NonEvent
310,.,O
311,Camera,B-Event
311,RCAM,I-Event
311,not,I-Event
311,connected,E-Event
311,.,O
311,Image,B-Event
311,quality,I-Event
311,affected,E-Event
311,.,O
311,Contact,B-NonEvent
311,DJI,I-NonEvent
311,Support,I-NonEvent
311,for,I-NonEvent
311,assistance,I-NonEvent
311,(Code,I-NonEvent
311,:,I-NonEvent
311,10018),E-NonEvent
311,.,O
312,Camera,B-Event
312,sensor,I-Event
312,error,E-Event
312,.,O
312,Hardware,B-Event
312,malfunction,E-Event
312,:,O
312,Contact,B-NonEvent
312,DJI,I-NonEvent
312,Support,I-NonEvent
312,to,I-NonEvent
312,arrange,I-NonEvent
312,for,I-NonEvent
312,repairs,E-NonEvent
312,.,O
313,Camera,B-Event
313,Settings,I-Event
313,Adjusted,I-Event
313,to,I-Event
313,ActiveTrack,E-Event
313,.,O
314,Camera,B-Event
314,storage,I-Event
314,full,E-Event
314,.,O
315,Cancel,B-Event
315,Landing,I-Event
315,Failed,E-Event
315,.,O
316,Cancel,B-Event
316,Return-to-Home,I-Event
316,Failed,E-Event
316,.,O
317,Cannot,B-Event
317,enable,I-Event
317,Intelligent,I-Event
317,Flight,I-Event
317,Mode,E-Event
317,:,O
317,Low,B-Event
317,Battery,E-Event
317,.,O
318,Cannot,B-Event
318,enter,I-Event
318,ActiveTrack,E-Event
318,.,O
318,Ambient,B-Event
318,Light,I-Event
318,is,I-Event
318,too,I-Event
318,weak,E-Event
318,.,O
319,Cannot,B-Event
319,enter,I-Event
319,TapFly,I-Event
319,Mode,E-Event
319,:,O
319,Max,B-Event
319,Flight,I-Event
319,Altitude,I-Event
319,Reached,E-Event
319,.,O
319,Adjust,B-NonEvent
319,in,I-NonEvent
319,Main,I-NonEvent
319,Controller,I-NonEvent
319,Settings,I-NonEvent
319,if,I-NonEvent
319,necessary,E-NonEvent
319,.,O
320,Cannot,B-Event
320,exit,I-Event
320,ActiveTrack,E-Event
320,.,O
321,Cannot,B-Event
321,send,I-Event
321,ActiveTrack,I-Event
321,command,E-Event
321,.,O
322,Cannot,B-Event
322,start,I-Event
322,Return,I-Event
322,to,I-Event
322,Home,I-Event
322,due,I-Event
322,to,I-Event
322,weak,I-Event
322,GPS,I-Event
322,signal,E-Event
322,.,O
323,Cannot,B-Event
323,start,I-Event
323,Self-Timer,E-Event
323,.,O
323,Exposure,B-Event
323,time,I-Event
323,is,I-Event
323,too,I-Event
323,long,E-Event
323,.,O
324,Cannot,B-Event
324,takeoff,I-Event
324,in,I-Event
324,a,I-Event
324,no-fly,I-Event
324,zone,E-Event
324,.,O
325,Cannot,B-Event
325,takeoff,E-Event
325,.,O
325,Ensure,B-NonEvent
325,the,I-NonEvent
325,aircraft,I-NonEvent
325,battery,I-NonEvent
325,is,I-NonEvent
325,properly,I-NonEvent
325,connected,E-NonEvent
325,.,O
326,Cannot,B-Event
326,Track,I-Event
326,Subject,E-Event
326,.,O
326,Cannot,B-Event
326,Identify,I-Event
326,Subject,E-Event
326,.,O
327,Cannot,B-Event
327,track,I-Event
327,subject,E-Event
327,:,O
327,Cannot,B-Event
327,Identify,I-Event
327,Subject,E-Event
327,.,O
328,Cannot,B-Event
328,track,I-Event
328,subject,E-Event
328,:,O
328,Forward,B-Event
328,Obstacle,I-Event
328,Sensing,I-Event
328,not,I-Event
328,Responding,E-Event
328,.,O
329,Cannot,B-Event
329,track,I-Event
329,subject,E-Event
329,:,O
329,Gimbal,B-Event
329,Tilt,I-Event
329,too,I-Event
329,Large,E-Event
329,.,O
330,Cannot,B-Event
330,track,I-Event
330,subject,E-Event
330,:,O
330,No,B-Event
330,image,E-Event
330,.,O
330,Please,B-NonEvent
330,retry,E-NonEvent
330,.,O
331,Cannot,B-Event
331,track,I-Event
331,subject,E-Event
331,:,O
331,Subject,B-Event
331,too,I-Event
331,Large,E-Event
331,.,O
331,Move,B-NonEvent
331,Away,I-NonEvent
331,and,I-NonEvent
331,retry,E-NonEvent
331,.,O
332,Cannot,B-Event
332,track,I-Event
332,subject,E-Event
332,:,O
332,Subject,B-Event
332,too,I-Event
332,Small,E-Event
332,.,O
332,Get,B-NonEvent
332,Closer,I-NonEvent
332,and,I-NonEvent
332,retry,E-NonEvent
332,.,O
333,Capture,B-Event
333,Failed,E-Event
333,.,O
333,Cannot,B-Event
333,enter,I-Event
333,Pano,I-Event
333,mode,E-Event
333,.,O
334,Capture,B-Event
334,Failed,E-Event
334,.,O
334,Distance,B-Event
334,limit,I-Event
334,exceeded,E-Event
334,.,O
334,Cannot,B-Event
334,shoot,I-Event
334,panorama,E-Event
334,.,O
335,Capture,B-Event
335,Failed,E-Event
335,.,O
335,Insufficient,B-Event
335,storage,I-Event
335,space,E-Event
335,.,O
335,Cannot,B-Event
335,shoot,I-Event
335,panorama,E-Event
335,.,O
336,Capture,B-Event
336,Failed,E-Event
336,.,O
336,Shooting,B-Event
336,interrupted,E-Event
336,.,O
337,Capture,B-Event
337,Failed,E-Event
337,.,O
337,Shooting,B-NonEvent
337,is,I-NonEvent
337,currently,I-NonEvent
337,not,I-NonEvent
337,permitted,E-NonEvent
337,.,O
338,Capture,B-Event
338,Failed,E-Event
338,.,O
338,Stick,B-Event
338,movement,I-Event
338,detected,E-Event
338,.,O
338,Panorama,B-Event
338,has,I-Event
338,stopped,E-Event
338,.,O
339,Capture,B-Event
339,Failed,E-Event
339,.,O
339,The,B-Event
339,gimbal,I-Event
339,is,I-Event
339,moving,E-Event
339,.,O
339,Cannot,B-Event
339,shoot,I-Event
339,panorama,E-Event
339,.,O
340,Check,B-NonEvent
340,whether,I-NonEvent
340,propellers,I-NonEvent
340,are,I-NonEvent
340,installed,I-NonEvent
340,correctly,E-NonEvent
340,.,O
340,If,B-NonEvent
340,the,I-NonEvent
340,propellers,I-NonEvent
340,are,I-NonEvent
340,installed,I-NonEvent
340,correctly,I-NonEvent
340,and,I-NonEvent
340,the,I-NonEvent
340,aircraft,I-NonEvent
340,still,I-NonEvent
340,cannot,I-NonEvent
340,takeoff,E-NonEvent
340,",",O
340,a,B-NonEvent
340,motor,I-NonEvent
340,error,I-NonEvent
340,may,I-NonEvent
340,exist,E-NonEvent
340,.,O
340,Contact,B-NonEvent
340,DJI,I-NonEvent
340,Support,I-NonEvent
340,for,I-NonEvent
340,assistance,I-NonEvent
340,(Code,I-NonEvent
340,:,I-NonEvent
340,30252),E-NonEvent
340,.,O
341,Color,B-Event
341,display,I-Event
341,in,I-Event
341,Liveview,I-Event
341,is,I-Event
341,enhanced,E-Event
341,.,O
341,Videos,B-Event
341,and,I-Event
341,photos,I-Event
341,will,I-Event
341,still,I-Event
341,be,I-Event
341,shot,I-Event
341,in,I-Event
341,D-Log,I-Event
341,mode,E-Event
341,.,O
342,Compass,B-Event
342,abnormal,E-Event
342,.,O
342,Solution,B-NonEvent
342,:,I-NonEvent
342,1,E-NonEvent
342,.,O
342,Ensure,I-NonEvent
342,there,I-NonEvent
342,are,I-NonEvent
342,no,I-NonEvent
342,magnets,I-NonEvent
342,or,I-NonEvent
342,metal,I-NonEvent
342,objects,I-NonEvent
342,near,I-NonEvent
342,the,I-NonEvent
342,aircraft,E-NonEvent
342,.,O
342,The,B-NonEvent
342,ground,I-NonEvent
342,or,I-NonEvent
342,walls,I-NonEvent
342,may,I-NonEvent
342,contain,I-NonEvent
342,metal,E-NonEvent
342,.,O
342,Move,B-NonEvent
342,away,I-NonEvent
342,from,I-NonEvent
342,sources,I-NonEvent
342,of,I-NonEvent
342,interference,I-NonEvent
342,before,I-NonEvent
342,attempting,I-NonEvent
342,flight,E-NonEvent
342,.,O
342,2,B-NonEvent
342,.,O
342,Calibrate,B-NonEvent
342,Compass,I-NonEvent
342,Before,I-NonEvent
342,Takeoff,E-NonEvent
342,.,O
343,Compass,B-Event
343,data,I-Event
343,error,E-Event
343,.,O
343,Please,B-NonEvent
343,contact,I-NonEvent
343,DJI,I-NonEvent
343,Support,E-NonEvent
343,.,O
344,Compass,B-Event
344,direction,I-Event
344,is,I-Event
344,not,I-Event
344,the,I-Event
344,same,I-Event
344,with,I-Event
344,IMU,E-Event
344,.,O
345,Compass,B-Event
345,error,E-Event
345,.,O
345,Solution,B-NonEvent
345,:,I-NonEvent
345,Move,I-NonEvent
345,away,I-NonEvent
345,from,I-NonEvent
345,ground,I-NonEvent
345,magnetic,I-NonEvent
345,interference,E-NonEvent
345,.,O
346,Compass,B-Event
346,error,E-Event
346,",",O
346,calibration,B-NonEvent
346,required,E-NonEvent
346,.,O
347,Compass,B-Event
347,Error,E-Event
347,.,O
347,Compass,B-Event
347,data,I-Event
347,error,E-Event
347,.,O
347,Please,B-NonEvent
347,check,I-NonEvent
347,the,I-NonEvent
347,Compass,I-NonEvent
347,installation,I-NonEvent
347,and,I-NonEvent
347,interference,E-NonEvent
347,.,O
348,Compass,B-Event
348,Error,E-Event
348,.,O
348,Compass,B-Event
348,data,I-Event
348,error,E-Event
348,.,O
348,Please,B-NonEvent
348,contact,I-NonEvent
348,DJI,I-NonEvent
348,Support,E-NonEvent
348,.,O
349,Compass,B-Event
349,Error,E-Event
349,.,O
349,Compass,B-Event
349,data,I-Event
349,error,E-Event
349,.,O
349,Please,B-NonEvent
349,contact,I-NonEvent
349,DJI,I-NonEvent
349,Support,E-NonEvent
349,.,O
349,Compass,B-Event
349,disconnected,E-Event
349,.,O
350,Compass,B-Event
350,Error,E-Event
350,.,O
350,Compass,B-Event
350,direction,I-Event
350,is,I-Event
350,not,I-Event
350,the,I-Event
350,same,I-Event
350,with,I-Event
350,IMU,E-Event
350,.,O
351,Compass,B-Event
351,Error,E-Event
351,.,O
351,Compass,B-Event
351,disconnected,E-Event
351,.,O
352,Compass,B-Event
352,Error,E-Event
352,.,O
352,Compass,B-Event
352,error,E-Event
352,.,O
352,Solution,B-NonEvent
352,:,I-NonEvent
352,Move,I-NonEvent
352,away,I-NonEvent
352,from,I-NonEvent
352,ground,I-NonEvent
352,magnetic,I-NonEvent
352,interference,E-NonEvent
352,.,O
353,Compass,B-Event
353,Error,E-Event
353,.,O
353,Compass,B-Event
353,Error,E-Event
353,.,O
353,Compass,B-Event
353,data,I-Event
353,error,E-Event
353,.,O
353,Please,B-NonEvent
353,contact,I-NonEvent
353,DJI,I-NonEvent
353,Support,E-NonEvent
353,.,O
354,Compass,B-Event
354,Error,E-Event
354,.,O
354,Compass,B-Event
354,Error,E-Event
354,.,O
354,Compass,B-Event
354,disconnected,E-Event
354,.,O
355,Compass,B-Event
355,Error,E-Event
355,.,O
355,Compass,B-Event
355,interference,E-Event
355,.,O
355,Please,B-NonEvent
355,move,I-NonEvent
355,the,I-NonEvent
355,aircraft,I-NonEvent
355,away,I-NonEvent
355,from,I-NonEvent
355,potential,I-NonEvent
355,interference,I-NonEvent
355,source,I-NonEvent
355,or,I-NonEvent
355,calibrate,I-NonEvent
355,the,I-NonEvent
355,compass,E-NonEvent
355,.,O
356,Compass,B-Event
356,Error,E-Event
356,.,O
356,Compass,B-Event
356,Redundancy,I-Event
356,Switch,E-NonEvent
356,.,O
357,Compass,B-Event
357,Error,E-Event
357,.,O
357,Exit,B-NonEvent
357,P-GPS,I-NonEvent
357,Mode,E-NonEvent
357,.,O
358,Compass,B-Event
358,Error,E-Event
358,.,O
358,Magnetic,B-Event
358,Field,I-Event
358,Interference,E-Event
358,.,O
358,Exit,B-NonEvent
358,P-GPS,I-NonEvent
358,Mode,E-NonEvent
358,.,O
359,Compass,B-Event
359,Interference,E-Event
359,.,O
359,Temp,B-NonEvent
359,Max,I-NonEvent
359,Altitude,I-NonEvent
359,:,I-NonEvent
359,nnn,E-NonEvent
359,.,O
360,Compass,B-Event
360,Redundancy,I-Event
360,Switch,E-Event
360,.,O
361,Critical,B-Event
361,low,I-Event
361,battery,I-Event
361,voltage,I-Event
361,(Code,I-Event
361,:,I-Event
361,30035),E-Event
361,.,O
362,Critically,B-Event
362,Low,I-Event
362,Battery,E-Event
362,.,O
362,Aircraft,B-Event
362,Landing,E-Event
362,.,O
363,Critically,B-Event
363,Low,I-Event
363,Power,E-Event
363,.,O
363,Aircraft,B-Event
363,Landing,E-Event
363,.,O
363,Throttle,B-NonEvent
363,up,I-NonEvent
363,to,I-NonEvent
363,reduce,I-NonEvent
363,the,I-NonEvent
363,speed,I-NonEvent
363,of,I-NonEvent
363,descent,I-NonEvent
363,and,I-NonEvent
363,use,I-NonEvent
363,sticks,I-NonEvent
363,to,I-NonEvent
363,avoid,I-NonEvent
363,obstacles,E-NonEvent
363,.,O
364,Critically,B-Event
364,Low,I-Event
364,Voltage,E-Event
364,.,O
364,Aircraft,B-Event
364,will,I-Event
364,land,E-Event
364,.,O
365,CrystalSky,B-Event
365,is,I-Event
365,too,I-Event
365,hot,E-Event
365,.,O
365,Cool,B-NonEvent
365,down,I-NonEvent
365,the,I-NonEvent
365,monitor,I-NonEvent
365,to,I-NonEvent
365,prevent,I-NonEvent
365,overheating,E-NonEvent
365,.,O
366,Current,B-Event
366,elevation,I-Event
366,above,I-Event
366,nnn,I-Event
366,(nnn),E-Event
366,.,O
366,Fly,B-NonEvent
366,with,I-NonEvent
366,caution,I-NonEvent
366,(Code,I-NonEvent
366,:,I-NonEvent
366,30153),E-NonEvent
366,.,O
367,Descending,S-Event
367,.,O
367,Exited,B-Event
367,Visual,I-Event
367,Avoidance,I-Event
367,System,E-Event
367,.,O
368,Detecting,B-Event
368,subject,E-Event
368,.,O
369,Distance,B-Event
369,limit,I-Event
369,enabled,E-Event
369,.,O
369,Fly,B-NonEvent
369,safely,E-NonEvent
369,.,O
370,Downward,B-Event
370,altitude,I-Event
370,sensor,I-Event
370,data,I-Event
370,error,E-Event
370,.,O
370,Please,B-NonEvent
370,contact,I-NonEvent
370,DJI,I-NonEvent
370,Support,I-NonEvent
370,for,I-NonEvent
370,help,E-NonEvent
370,.,O
371,Downward,B-Event
371,ambient,I-Event
371,light,I-Event
371,too,I-Event
371,low,E-Event
371,.,O
371,Obstacle,B-NonEvent
371,avoidance,I-NonEvent
371,unavailable,E-NonEvent
371,.,O
371,Fly,B-NonEvent
371,with,I-NonEvent
371,caution,E-NonEvent
371,.,O
372,Downward,B-Event
372,ambient,I-Event
372,light,I-Event
372,too,I-Event
372,low,E-Event
372,.,O
372,Obstacle,B-NonEvent
372,avoidance,I-NonEvent
372,unavailable,E-NonEvent
372,.,O
372,Fly,B-NonEvent
372,with,I-NonEvent
372,caution,E-NonEvent
372,.,O
372,Backward,B-Event
372,ambient,I-Event
372,light,I-Event
372,too,I-Event
372,low,E-Event
372,.,O
372,Backward,B-NonEvent
372,obstacle,I-NonEvent
372,avoidance,I-NonEvent
372,unavailable,E-NonEvent
372,.,O
372,Only,B-NonEvent
372,infrared,I-NonEvent
372,sensors,I-NonEvent
372,available,E-NonEvent
372,.,O
372,Fly,B-NonEvent
372,with,I-NonEvent
372,caution,E-NonEvent
372,.,O
373,Downward,B-Event
373,infrared,I-Event
373,sensor,I-Event
373,failure,E-Event
373,.,O
373,Land,B-Event
373,as,I-Event
373,soon,I-Event
373,as,I-Event
373,possible,E-Event
373,.,O
374,Downward,B-Event
374,sensor,I-Event
374,error,E-Event
374,.,O
374,Aircraft,B-Event
374,unstable,I-Event
374,at,I-Event
374,low,I-Event
374,altitude,E-Event
374,.,O
374,Please,B-NonEvent
374,fly,I-NonEvent
374,with,I-NonEvent
374,caution,E-NonEvent
374,.,O
375,Downward,B-Event
375,vision,I-Event
375,sensor,I-Event
375,calibration,I-Event
375,error,E-Event
375,.,O
375,Auto,B-Event
375,calibration,I-Event
375,in,I-Event
375,progress,I-Event
375,(Code,I-Event
375,:,I-Event
375,180003),E-Event
375,.,O
376,Drag,B-NonEvent
376,a,I-NonEvent
376,box,I-NonEvent
376,around,I-NonEvent
376,or,I-NonEvent
376,tap,I-NonEvent
376,a,I-NonEvent
376,target,I-NonEvent
376,on,I-NonEvent
376,screen,E-NonEvent
376,.,O
376,Then,B-NonEvent
376,tap,I-NonEvent
376,Go,E-NonEvent
376,.,O
377,Ensure,B-NonEvent
377,control,I-NonEvent
377,sticks,I-NonEvent
377,are,I-NonEvent
377,centered,I-NonEvent
377,during,I-NonEvent
377,takeoff,I-NonEvent
377,(Code,I-NonEvent
377,:,I-NonEvent
377,30138),E-NonEvent
377,.,O
378,Entered,B-Event
378,Cruise,I-Event
378,Control,I-Event
378,mode,E-Event
378,.,O
378,Press,B-NonEvent
378,C1,I-NonEvent
378,or,I-NonEvent
378,C2,I-NonEvent
378,to,I-NonEvent
378,exit,E-NonEvent
378,.,O
379,Error,B-Event
379,:,O
379,Course,B-Event
379,angle,I-Event
379,control,I-Event
379,error,E-Event
379,.,O
379,Please,B-NonEvent
379,ensure,I-NonEvent
379,the,I-NonEvent
379,propellers,I-NonEvent
379,are,I-NonEvent
379,installed,I-NonEvent
379,on,I-NonEvent
379,the,I-NonEvent
379,correct,I-NonEvent
379,motors,E-NonEvent
379,.,O
380,Excessive,B-Event
380,gimbal,I-Event
380,vibration,E-Event
380,.,O
380,Check,B-NonEvent
380,whether,I-NonEvent
380,gimbal,I-NonEvent
380,can,I-NonEvent
380,rotate,I-NonEvent
380,freely,I-NonEvent
380,(Code,I-NonEvent
380,:,I-NonEvent
380,40004),E-NonEvent
380,.,O
381,Executing,B-Event
381,waypoint,I-Event
381,mission,E-Event
381,.,O
382,Exited,B-Event
382,Cruise,I-Event
382,Control,I-Event
382,mode,E-Event
382,.,O
383,Exited,B-Event
383,Hyperlapse,I-Event
383,mode,E-Event
383,.,O
384,Extra,B-Event
384,payload,I-Event
384,detected,E-Event
384,.,O
384,Max,B-Event
384,altitude,I-Event
384,and,I-Event
384,distance,I-Event
384,set,E-Event
384,.,O
384,Fly,B-NonEvent
384,with,I-NonEvent
384,caution,I-NonEvent
384,(Code,I-NonEvent
384,:,I-NonEvent
384,30232),E-NonEvent
384,.,O
385,Extra,B-Event
385,payload,I-Event
385,detected,E-Event
385,.,O
385,Return,B-NonEvent
385,aircraft,I-NonEvent
385,to,I-NonEvent
385,an,I-NonEvent
385,area,I-NonEvent
385,nearby,I-NonEvent
385,the,I-NonEvent
385,home,I-NonEvent
385,point,I-NonEvent
385,promptly,I-NonEvent
385,and,I-NonEvent
385,fly,I-NonEvent
385,in,I-NonEvent
385,a,I-NonEvent
385,wind-free,I-NonEvent
385,environment,I-NonEvent
385,to,I-NonEvent
385,ensure,I-NonEvent
385,flight,I-NonEvent
385,safety,I-NonEvent
385,(Code,I-NonEvent
385,:,I-NonEvent
385,30232),E-NonEvent
385,.,O
386,Failed,B-Event
386,to,I-Event
386,cancel,I-Event
386,Return,I-Event
386,to,I-Event
386,Home,E-Event
386,.,O
387,Failed,B-Event
387,to,I-Event
387,lower,I-Event
387,or,I-Event
387,pack,I-Event
387,up,I-Event
387,landing,I-Event
387,gear,E-Event
387,.,O
387,Take,B-NonEvent
387,care,I-NonEvent
387,of,I-NonEvent
387,your,I-NonEvent
387,gimbal,I-NonEvent
387,when,I-NonEvent
387,landing,E-NonEvent
387,.,O
388,Failed,B-Event
388,to,I-Event
388,take,I-Event
388,off,E-Event
388,.,O
388,Check,B-NonEvent
388,the,I-NonEvent
388,USB,I-NonEvent
388,connection,I-NonEvent
388,with,I-NonEvent
388,aircraft,E-NonEvent
388,.,O
388,Contact,B-NonEvent
388,DJI,I-NonEvent
388,Support,I-NonEvent
388,if,I-NonEvent
388,this,I-NonEvent
388,error,I-NonEvent
388,persists,I-NonEvent
388,after,I-NonEvent
388,restarting,E-NonEvent
388,.,O
389,Flight,B-Event
389,altitude,I-Event
389,exceeds,I-Event
389,nnn,E-Event
389,.,O
389,May,B-NonEvent
389,violate,I-NonEvent
389,local,I-NonEvent
389,policies,I-NonEvent
389,and,I-NonEvent
389,regulations,E-NonEvent
389,.,O
389,Ensure,B-NonEvent
389,you,I-NonEvent
389,have,I-NonEvent
389,obtained,I-NonEvent
389,proper,I-NonEvent
389,airspace,I-NonEvent
389,authorization,E-NonEvent
389,.,O
390,Flight,B-Event
390,control,I-Event
390,mode,I-Event
390,error,E-Event
390,",",O
390,cannot,B-NonEvent
390,start,I-NonEvent
390,recording,I-NonEvent
390,QuickShot,E-NonEvent
390,.,O
391,Flight,B-Event
391,distance,I-Event
391,may,I-Event
391,exceed,I-Event
391,line-of-sight,E-Event
391,.,O
391,Fly,B-NonEvent
391,with,I-NonEvent
391,caution,E-NonEvent
391,.,O
392,Flight,B-Event
392,height,I-Event
392,too,I-Event
392,low,E-Event
392,.,O
393,Flight,B-Event
393,mode,I-Event
393,configuration,E-Event
393,:,O
393,A/P/S,E-Event
393,.,O
393,Current,B-Event
393,flight,I-Event
393,mode,E-Event
393,:,O
393,RTK,E-Event
393,.,O
394,Fly,B-NonEvent
394,with,I-NonEvent
394,caution,E-NonEvent
394,.,O
394,Compass,B-Event
394,abnormal,E-Event
394,.,O
394,Solution,B-NonEvent
394,:,I-NonEvent
394,1,E-NonEvent
394,.,O
394,Ensure,I-NonEvent
394,there,I-NonEvent
394,are,I-NonEvent
394,no,I-NonEvent
394,magnets,I-NonEvent
394,or,I-NonEvent
394,metal,I-NonEvent
394,objects,I-NonEvent
394,near,I-NonEvent
394,the,I-NonEvent
394,aircraft,E-NonEvent
394,.,O
394,The,B-NonEvent
394,ground,I-NonEvent
394,or,I-NonEvent
394,walls,I-NonEvent
394,may,I-NonEvent
394,contain,I-NonEvent
394,metal,E-NonEvent
394,.,O
394,Move,B-NonEvent
394,away,I-NonEvent
394,from,I-NonEvent
394,sources,I-NonEvent
394,of,I-NonEvent
394,interference,I-NonEvent
394,before,I-NonEvent
394,attempting,I-NonEvent
394,flight,E-NonEvent
394,.,O
395,Forward,B-Event
395,vision,I-Event
395,sensor,I-Event
395,calibration,I-Event
395,error,E-Event
395,.,O
395,Auto,B-Event
395,calibration,I-Event
395,in,I-Event
395,progress,I-Event
395,(Code,I-Event
395,:,I-Event
395,180001),E-Event
395,.,O
396,Forward,B-Event
396,vision,I-Event
396,sensor,I-Event
396,error,E-Event
396,.,O
396,Contact,B-NonEvent
396,DJI,I-NonEvent
396,Support,I-NonEvent
396,for,I-NonEvent
396,assistance,I-NonEvent
396,(Code,I-NonEvent
396,:,I-NonEvent
396,180018),E-NonEvent
396,.,O
397,GEO,B-Event
397,Zone,I-Event
397,Info,E-Event
397,:,O
397,The,B-Event
397,target,I-Event
397,area,I-Event
397,is,I-Event
397,in,I-Event
397,an,I-Event
397,Altitude,I-Event
397,Zone,E-Event
397,.,O
397,Flight,B-Event
397,altitude,I-Event
397,restricted,I-Event
397,to,I-Event
397,nnn,E-Event
397,.,O
398,Gimbal,B-Event
398,calibrating,I-Event
398,(Code,I-Event
398,:,I-Event
398,30217),E-Event
398,.,O
399,Gimbal,B-Event
399,motor,I-Event
399,overloaded,E-Event
399,.,O
399,Check,B-NonEvent
399,whether,I-NonEvent
399,gimbal,I-NonEvent
399,can,I-NonEvent
399,rotate,I-NonEvent
399,freely,I-NonEvent
399,(Code,I-NonEvent
399,:,I-NonEvent
399,40003),E-NonEvent
399,.,O
400,Gimbal,B-Event
400,Roll,I-Event
400,Limit,I-Event
400,Reached,E-Event
400,.,O
401,Gimbal,B-Event
401,stuck,E-Event
401,.,O
401,Check,B-NonEvent
401,whether,I-NonEvent
401,gimbal,I-NonEvent
401,lock,I-NonEvent
401,is,I-NonEvent
401,removed,I-NonEvent
401,and,I-NonEvent
401,ensure,I-NonEvent
401,gimbal,I-NonEvent
401,can,I-NonEvent
401,rotate,I-NonEvent
401,freely,I-NonEvent
401,(Code,I-NonEvent
401,:,I-NonEvent
401,40002),E-NonEvent
401,.,O
402,GPS,B-Event
402,module,I-Event
402,error,E-Event
402,.,O
402,Restart,B-NonEvent
402,aircraft,I-NonEvent
402,(Code,I-NonEvent
402,:,I-NonEvent
402,30049),E-NonEvent
402,.,O
403,GPS,B-Event
403,signal,I-Event
403,low,E-Event
403,.,O
403,Aircraft,B-Event
403,unable,I-Event
403,to,I-Event
403,auto,I-Event
403,hover,I-Event
403,and,I-Event
403,takeoff,I-Event
403,restricted,E-Event
403,.,O
403,Move,B-NonEvent
403,to,I-NonEvent
403,environment,I-NonEvent
403,with,I-NonEvent
403,adequate,I-NonEvent
403,light,E-NonEvent
403,.,O
403,Unlocking,B-Event
403,takeoff,I-Event
403,restrictions,I-Event
403,not,I-Event
403,recommended,I-Event
403,(Code,I-Event
403,:,I-Event
403,30239),E-Event
403,.,O
404,GPS,B-Event
404,signal,I-Event
404,weak,E-Event
404,.,O
404,Fly,B-NonEvent
404,with,I-NonEvent
404,caution,E-NonEvent
404,.,O
404,Aircraft,B-NonEvent
404,in,I-NonEvent
404,Altitude,I-NonEvent
404,Zone,E-NonEvent
404,.,O
404,Max,B-Event
404,altitude,I-Event
404,set,I-Event
404,to,I-Event
404,nnn,I-Event
404,(Code,I-Event
404,:,I-Event
404,30014),E-Event
404,.,O
405,Gyroscope,B-Event
405,initialization,I-Event
405,failed,E-Event
405,.,O
405,Restart,B-NonEvent
405,aircraft,I-NonEvent
405,(Code,I-NonEvent
405,:,I-NonEvent
405,30045),E-NonEvent
405,.,O
406,High-altitude,B-NonEvent
406,flight,E-NonEvent
406,",",O
406,aircraft,B-Event
406,braking,I-Event
406,distance,I-Event
406,is,I-Event
406,extended,E-Event
406,",",O
406,flight,B-Event
406,time,I-Event
406,is,I-Event
406,shortened,E-Event
406,.,O
406,Fly,B-NonEvent
406,with,I-NonEvent
406,caution,I-NonEvent
406,(Code,I-NonEvent
406,:,I-NonEvent
406,30238),E-NonEvent
406,.,O
407,Home,B-Event
407,point,I-Event
407,updated,E-Event
407,.,O
408,Impact,B-Event
408,detected,E-Event
408,.,O
408,Aircraft,B-Event
408,stopped,E-Event
408,.,O
408,Restart,B-Event
408,aircraft,I-Event
408,(Code,I-Event
408,:,I-Event
408,30236),I-Event
408,.,O
409,IMU,B-Event
409,attitude,I-Event
409,restricted,E-Event
409,.,O
409,Ensure,B-NonEvent
409,aircraft,I-NonEvent
409,is,I-NonEvent
409,level,I-NonEvent
409,(Code,I-NonEvent
409,:,I-NonEvent
409,30082),E-NonEvent
409,.,O
410,IMU,B-Event
410,calibration,I-Event
410,required,E-Event
410,.,O
410,Calibrate,B-NonEvent
410,IMU,I-NonEvent
410,(Code,I-NonEvent
410,:,I-NonEvent
410,30050),E-NonEvent
410,.,O
411,IMU,B-Event
411,not,I-Event
411,calibrated,E-Event
411,.,O
411,Calibrate,B-NonEvent
411,IMU,I-NonEvent
411,(Code,I-NonEvent
411,:,I-NonEvent
411,30055),E-NonEvent
411,.,O
412,IMU,B-Event
412,warming,E-Event
412,up,E-Event
412,.,O
412,Wait,B-NonEvent
412,before,I-NonEvent
412,taking,I-NonEvent
412,off,I-NonEvent
412,(Code,I-NonEvent
412,:,I-NonEvent
412,30072),E-NonEvent
412,.,O
413,Incompatible,B-Event
413,firmware,I-Event
413,version,E-Event
413,.,O
413,Go,B-NonEvent
413,to,I-NonEvent
413,Profile,I-NonEvent
413,Settings,I-NonEvent
413,to,I-NonEvent
413,update,I-NonEvent
413,firmware,I-NonEvent
413,(Code,I-NonEvent
413,:,I-NonEvent
413,30224),E-NonEvent
413,.,O
414,Landing,B-Event
414,Protection,I-Event
414,Activated,E-Event
414,.,O
414,Aircraft,B-Event
414,will,I-Event
414,decelerate,I-Event
414,during,I-Event
414,landing,E-Event
414,.,O
415,Lighting,B-Event
415,environment,I-Event
415,too,I-Event
415,dark,E-Event
415,.,O
415,Vision,B-NonEvent
415,System,I-NonEvent
415,unavailable,E-NonEvent
415,.,O
415,Fly,B-NonEvent
415,with,I-NonEvent
415,caution,I-NonEvent
415,(Code,I-NonEvent
415,:,I-NonEvent
415,180037),E-NonEvent
415,.,O
416,Live,B-NonEvent
416,stream,I-NonEvent
416,video,I-NonEvent
416,frame,I-NonEvent
416,rate,I-NonEvent
416,less,I-NonEvent
416,than,I-NonEvent
416,9Hz,E-NonEvent
416,.,O
416,Fly,B-NonEvent
416,with,I-NonEvent
416,caution,E-NonEvent
416,.,O
417,Loading,B-Event
417,database,I-Event
417,failed,E-Event
417,.,O
417,Geo-awareness,B-Event
417,function,I-Event
417,degraded,E-Event
417,(Code,E-Event
417,:,I-Event
417,1B070002),I-Event
417,.,O
418,Low,B-Event
418,battery,E-Event
418,.,O
418,Recharge,B-NonEvent
418,promptly,I-NonEvent
418,(Code,I-NonEvent
418,:,I-NonEvent
418,30079),E-NonEvent
418,.,O
419,Manned,B-Event
419,aircraft,I-Event
419,too,I-Event
419,close,E-Event
419,.,O
419,Fly,B-NonEvent
419,at,I-NonEvent
419,a,I-NonEvent
419,safe,I-NonEvent
419,altitude,I-NonEvent
419,(Code,I-NonEvent
419,:,I-NonEvent
419,30181),E-NonEvent
419,.,O
420,Min,B-Event
420,Waypoint,I-Event
420,Distance,I-Event
420,:,I-Event
420,nnn,I-Event
420,(nnn),E-Event
420,.,O
421,Mobile,B-Event
421,device,I-Event
421,CPU,I-Event
421,fully,I-Event
421,loaded,E-Event
421,.,O
421,Related,B-Event
421,performance,I-Event
421,will,I-Event
421,be,I-Event
421,affected,E-Event
421,.,O
422,Motor,B-Event
422,is,I-Event
422,idling,I-Event
422,(lost,I-Event
422,or,I-Event
422,missing,I-Event
422,propeller),E-Event
422,.,O
423,Motor,B-Event
423,nnn,I-Event
423,propeller,I-Event
423,detached,I-Event
423,or,I-Event
423,installed,I-Event
423,incorrectly,I-Event
423,(0x16080029),I-Event
423,.,O
424,Motor,B-Event
424,Obstructed,E-Event
424,.,O
424,Propulsion,B-Event
424,output,I-Event
424,is,I-Event
424,limited,I-Event
424,to,I-Event
424,ensure,I-Event
424,the,I-Event
424,health,I-Event
424,of,I-Event
424,the,I-Event
424,battery,E-Event
424,.,O
425,Motor,B-Event
425,speed,I-Event
425,error,E-Event
425,.,O
425,Land,B-NonEvent
425,or,I-NonEvent
425,return,I-NonEvent
425,to,I-NonEvent
425,home,I-NonEvent
425,promptly,E-NonEvent
425,.,O
425,After,B-NonEvent
425,powering,I-NonEvent
425,off,I-NonEvent
425,the,I-NonEvent
425,aircraft,E-NonEvent
425,",",O
425,replace,B-NonEvent
425,the,I-NonEvent
425,propeller,I-NonEvent
425,on,I-NonEvent
425,the,I-NonEvent
425,beeping,I-NonEvent
425,ESC,E-NonEvent
425,.,O
425,If,B-NonEvent
425,the,I-NonEvent
425,issue,I-NonEvent
425,persists,E-NonEvent
425,",",O
425,contact,B-NonEvent
425,DJI,I-NonEvent
425,Support,I-NonEvent
425,(Code,I-NonEvent
425,:,I-NonEvent
425,30246),I-NonEvent
425,.,O
426,Motors,B-Event
426,Started,E-Event
426,.,O
427,Navigation,B-Event
427,system,I-Event
427,error,E-Event
427,.,O
427,Restart,B-NonEvent
427,aircraft,I-NonEvent
427,(Code,I-NonEvent
427,:,I-NonEvent
427,35008),E-NonEvent
427,.,O
428,Navigation,B-Event
428,system,I-Event
428,error,E-Event
428,.,O
428,Restart,B-NonEvent
428,aircraft,I-NonEvent
428,(Code,I-NonEvent
428,:,I-NonEvent
428,35009),E-NonEvent
428,.,O
429,Navigation,B-Event
429,system,I-Event
429,error,E-Event
429,.,O
429,Restart,B-NonEvent
429,aircraft,I-NonEvent
429,(Code,I-NonEvent
429,:,I-NonEvent
429,35014),E-NonEvent
429,.,O
430,Navigation,B-Event
430,system,I-Event
430,error,E-Event
430,.,O
430,Restart,B-NonEvent
430,aircraft,I-NonEvent
430,(Code,I-NonEvent
430,:,I-NonEvent
430,35015),E-NonEvent
430,.,O
431,Navigation,B-Event
431,system,I-Event
431,error,E-Event
431,.,O
431,Restart,B-NonEvent
431,aircraft,I-NonEvent
431,(Code,I-NonEvent
431,:,I-NonEvent
431,35024),E-NonEvent
431,.,O
432,Navigation,B-Event
432,system,I-Event
432,error,E-Event
432,.,O
432,Restart,B-NonEvent
432,aircraft,I-NonEvent
432,(Code,I-NonEvent
432,:,I-NonEvent
432,35061),E-NonEvent
432,.,O
433,Navigation,B-Event
433,system,I-Event
433,error,E-Event
433,.,O
433,Restart,B-NonEvent
433,aircraft,I-NonEvent
433,(Code,I-NonEvent
433,:,I-NonEvent
433,35103),E-NonEvent
433,.,O
434,Navigation,B-Event
434,system,I-Event
434,error,E-Event
434,.,O
434,Restart,B-NonEvent
434,aircraft,I-NonEvent
434,(Code,I-NonEvent
434,:,I-NonEvent
434,35104),E-NonEvent
434,.,O
435,Navigation,B-Event
435,system,I-Event
435,error,E-Event
435,.,O
435,Restart,B-NonEvent
435,aircraft,I-NonEvent
435,(Code,I-NonEvent
435,:,I-NonEvent
435,35112),E-NonEvent
435,.,O
436,Navigation,B-Event
436,system,I-Event
436,error,E-Event
436,.,O
436,Restart,B-NonEvent
436,aircraft,I-NonEvent
436,(Code,I-NonEvent
436,:,I-NonEvent
436,35123),E-NonEvent
436,.,O
437,Navigation,B-Event
437,system,I-Event
437,error,E-Event
437,.,O
437,Restart,B-NonEvent
437,aircraft,I-NonEvent
437,(Code,I-NonEvent
437,:,I-NonEvent
437,35147),E-NonEvent
437,.,O
438,Navigation,B-Event
438,system,I-Event
438,error,E-Event
438,.,O
438,Restart,B-NonEvent
438,aircraft,I-NonEvent
438,(Code,I-NonEvent
438,:,I-NonEvent
438,35149),E-NonEvent
438,.,O
439,No,B-Event
439,GPS,I-Event
439,signal,E-Event
439,.,O
439,Aircraft,B-Event
439,unable,I-Event
439,to,I-Event
439,hover,E-Event
439,.,O
439,Fly,B-NonEvent
439,with,I-NonEvent
439,caution,I-NonEvent
439,(Code,I-NonEvent
439,:,I-NonEvent
439,30008),E-NonEvent
439,.,O
440,No,B-Event
440,GPS,I-Event
440,signal,E-Event
440,.,O
440,Unable,B-Event
440,to,I-Event
440,hover,E-Event
440,.,O
440,Fly,B-NonEvent
440,with,I-NonEvent
440,caution,I-NonEvent
440,(Code,I-NonEvent
440,:,I-NonEvent
440,30007),E-NonEvent
440,.,O
441,No,B-Event
441,GPS,I-Event
441,signal,E-Event
441,.,O
441,Unable,B-NonEvent
441,to,I-NonEvent
441,take,I-NonEvent
441,off,E-NonEvent
441,.,O
441,Move,B-NonEvent
441,to,I-NonEvent
441,an,I-NonEvent
441,open,I-NonEvent
441,area,I-NonEvent
441,or,I-NonEvent
441,exit,I-NonEvent
441,flight,I-NonEvent
441,tutorial,I-NonEvent
441,(Code,I-NonEvent
441,:,I-NonEvent
441,30065),E-NonEvent
441,.,O
442,No,B-Event
442,GPS,E-Event
442,.,O
442,Return,B-Event
442,to,I-Event
442,Home,I-Event
442,failed,E-Event
442,.,O
442,Return,B-NonEvent
442,the,I-NonEvent
442,aircraft,I-NonEvent
442,to,I-NonEvent
442,home,I-NonEvent
442,manually,I-NonEvent
442,(Code,I-NonEvent
442,:,I-NonEvent
442,60016),E-NonEvent
442,.,O
443,Not,B-Event
443,Allowed,I-Event
443,to,I-Event
443,change,I-Event
443,Aircraft,I-Event
443,Mode,E-Event
443,.,O
443,If,B-NonEvent
443,needed,E-NonEvent
443,",",O
443,enable,B-NonEvent
443,it,I-NonEvent
443,in,I-NonEvent
443,Main,I-NonEvent
443,Controller,I-NonEvent
443,Settings,E-NonEvent
443,.,O
444,Payload,B-Event
444,mode,I-Event
444,enabled,E-Event
444,.,O
444,Max,B-Event
444,altitude,I-Event
444,and,I-Event
444,distance,I-Event
444,set,E-Event
444,.,O
444,Fly,B-NonEvent
444,with,I-NonEvent
444,caution,I-NonEvent
444,(Code,I-NonEvent
444,:,I-NonEvent
444,30230),E-NonEvent
444,.,O
445,Payload,B-Event
445,mode,I-Event
445,enabled,E-Event
445,.,O
445,Max,B-Event
445,altitude,I-Event
445,set,I-Event
445,to,I-Event
445,nnn,I-Event
445,and,I-Event
445,max,I-Event
445,distance,I-Event
445,set,I-Event
445,to,I-Event
445,nnn,I-Event
445,to,I-Event
445,ensure,I-Event
445,flight,I-Event
445,safety,I-Event
445,(Code,I-Event
445,:,I-Event
445,30230),E-Event
445,.,O
446,Payload,B-Event
446,mode,I-Event
446,enabled,E-Event
446,.,O
446,Return,B-NonEvent
446,the,I-NonEvent
446,aircraft,I-NonEvent
446,to,I-NonEvent
446,an,I-NonEvent
446,area,I-NonEvent
446,nearby,I-NonEvent
446,the,I-NonEvent
446,home,I-NonEvent
446,point,I-NonEvent
446,promptly,I-NonEvent
446,to,I-NonEvent
446,ensure,I-NonEvent
446,flight,I-NonEvent
446,safety,I-NonEvent
446,(Code,I-NonEvent
446,:,I-NonEvent
446,30229),E-NonEvent
446,.,O
447,Propeller,B-Event
447,guard,I-Event
447,or,I-Event
447,extra,I-Event
447,payload,I-Event
447,detected,E-Event
447,.,O
447,Flight,B-Event
447,performance,I-Event
447,will,I-Event
447,be,I-Event
447,affected,E-Event
447,.,O
447,Fly,B-NonEvent
447,with,I-NonEvent
447,caution,E-NonEvent
447,.,O
448,Propeller,B-Event
448,rotating,I-Event
448,too,I-Event
448,fast,E-Event
448,.,O
448,Wind,B-Event
448,resistance,I-Event
448,affected,E-Event
448,.,O
448,Return,B-NonEvent
448,to,I-NonEvent
448,home,I-NonEvent
448,and,I-NonEvent
448,land,I-NonEvent
448,promptly,E-NonEvent
448,.,O
448,Check,B-NonEvent
448,whether,I-NonEvent
448,propeller,I-NonEvent
448,on,I-NonEvent
448,beeping,I-NonEvent
448,ESC,I-NonEvent
448,is,I-NonEvent
448,warped,I-NonEvent
448,or,I-NonEvent
448,damaged,I-NonEvent
448,(Code,I-NonEvent
448,:,I-NonEvent
448,30246),E-NonEvent
448,.,O
449,Recharge,B-NonEvent
449,promptly,I-NonEvent
449,(Code,I-NonEvent
449,:,I-Event
449,120732),E-NonEvent
449,.,O
450,Remote,B-Event
450,Controller,I-Event
450,Right,I-Event
450,Dial,I-Event
450,Locked,E-Event
450,.,O
450,Lightly,B-NonEvent
450,press,I-NonEvent
450,it,I-NonEvent
450,to,I-NonEvent
450,adjust,E-NonEvent
450,.,O
451,Remote,B-Event
451,ID,I-Event
451,error,E-Event
451,.,O
451,Connect,B-NonEvent
451,to,I-NonEvent
451,network,I-NonEvent
451,to,I-NonEvent
451,obtain,I-NonEvent
451,mobile,I-NonEvent
451,device,I-NonEvent
451,location,E-NonEvent
451,.,O
451,Flying,B-NonEvent
451,without,I-NonEvent
451,broadcasting,I-NonEvent
451,required,I-NonEvent
451,remote,I-NonEvent
451,ID,I-NonEvent
451,messages,I-NonEvent
451,may,I-NonEvent
451,violate,I-NonEvent
451,local,I-NonEvent
451,regulations,I-NonEvent
451,(Code,I-NonEvent
451,:,I-NonEvent
451,1B080001),I-NonEvent
451,.,O
452,Remote,B-Event
452,ID,I-Event
452,error,E-Event
452,.,O
452,Connect,B-NonEvent
452,to,I-NonEvent
452,network,I-NonEvent
452,to,I-NonEvent
452,obtain,I-NonEvent
452,mobile,I-NonEvent
452,device,I-NonEvent
452,location,E-NonEvent
452,.,O
452,Flying,B-NonEvent
452,without,I-NonEvent
452,broadcasting,I-NonEvent
452,required,I-NonEvent
452,remote,I-NonEvent
452,ID,I-NonEvent
452,messages,I-NonEvent
452,may,I-NonEvent
452,violate,I-NonEvent
452,local,I-NonEvent
452,regulations,I-NonEvent
452,(Code,I-NonEvent
452,:,I-NonEvent
452,30334),E-NonEvent
452,.,O
453,Remote,B-Event
453,ID,I-Event
453,error,E-Event
453,.,O
453,Contact,B-NonEvent
453,DJI,I-NonEvent
453,Support,I-NonEvent
453,(Code,I-NonEvent
453,:,I-NonEvent
453,1B080002),I-NonEvent
453,.,O
454,Restart,B-NonEvent
454,aircraft,I-NonEvent
454,(Code,I-NonEvent
454,:,I-Event
454,35nnn),E-Event
454,.,O
455,Restart,B-NonEvent
455,aircraft,I-NonEvent
455,and,I-NonEvent
455,DJI,I-NonEvent
455,Fly,I-NonEvent
455,(Code,I-NonEvent
455,:,I-NonEvent
455,30226),E-NonEvent
455,.,O
456,RTH,B-NonEvent
456,Altitude,I-NonEvent
456,:,I-NonEvent
456,nnn,E-NonEvent
456,.,O
457,RTK,B-Event
457,Base,I-Event
457,Station,I-Event
457,Data,I-Event
457,Not,I-Event
457,Received,E-Event
457,.,O
458,RTK,B-Event
458,Base,I-Event
458,Station,I-Event
458,Data,I-Event
458,Not,I-Event
458,Received,E-Event
458,.,O
458,Please,B-NonEvent
458,make,I-NonEvent
458,sure,I-NonEvent
458,base,I-NonEvent
458,station,I-NonEvent
458,antenna,I-NonEvent
458,is,I-NonEvent
458,connected,I-NonEvent
458,to,I-NonEvent
458,the,I-NonEvent
458,correct,I-NonEvent
458,port,E-NonEvent
458,.,O
459,Running,B-Event
459,Flight,I-Event
459,Simulator,E-Event
459,.,O
459,Restart,B-NonEvent
459,aircraft,I-NonEvent
459,to,I-NonEvent
459,take,I-NonEvent
459,off,I-NonEvent
459,(Code,I-NonEvent
459,:,I-NonEvent
459,30086),E-NonEvent
459,.,O
460,SD,B-Event
460,card,I-Event
460,speed,I-Event
460,low,E-Event
460,.,O
460,Change,B-Event
460,card,I-Event
460,(Code,I-Event
460,:,I-Event
460,10028),E-Event
460,.,O
461,Sprayer,B-Event
461,turned,I-Event
461,OFF,E-Event
461,",",O
461,spray,B-Event
461,rate,I-Event
461,was,I-Event
461,nnn,I-Event
461,liters/min,E-Event
461,.,O
462,Sprayer,B-Event
462,turned,I-Event
462,OFF,E-Event
462,",",O
462,sprayed,B-Event
462,nnn,I-Event
462,at,I-Event
462,nnn,I-Event
462,liters/min,E-Event
462,.,O
463,Sprayer,B-Event
463,turned,I-Event
463,ON,E-Event
463,.,O
464,Strong,B-Event
464,Interference,I-Event
464,to,I-Event
464,Aircraft,E-Event
464,.,O
464,Signal,B-NonEvent
464,interruption,I-NonEvent
464,may,I-NonEvent
464,be,I-NonEvent
464,more,I-NonEvent
464,likely,E-NonEvent
464,.,O
464,Fly,B-NonEvent
464,with,I-NonEvent
464,caution,E-NonEvent
464,.,O
465,Strong,B-Event
465,wind,I-Event
465,warning,E-Event
465,.,O
465,Aircraft,B-Event
465,unable,I-Event
465,to,I-Event
465,fly,I-Event
465,stably,E-Event
465,.,O
465,Lower,B-NonEvent
465,altitude,I-NonEvent
465,immediately,I-NonEvent
465,and,I-NonEvent
465,manually,I-NonEvent
465,return,I-NonEvent
465,to,I-NonEvent
465,home,I-NonEvent
465,(Code,I-NonEvent
465,:,I-NonEvent
465,30149),E-NonEvent
465,.,O
466,Strong,B-Event
466,wind,I-Event
466,warning,E-Event
466,.,O
466,Aircraft,B-Event
466,unable,I-Event
466,to,I-Event
466,return,I-Event
466,to,I-Event
466,home,I-Event
466,automatically,E-Event
466,.,O
466,Lower,B-NonEvent
466,altitude,I-NonEvent
466,immediately,I-NonEvent
466,and,I-NonEvent
466,return,I-NonEvent
466,to,I-NonEvent
466,home,I-NonEvent
466,manually,I-NonEvent
466,(Code,I-NonEvent
466,:,I-NonEvent
466,120596),E-NonEvent
466,.,O
467,Strong,B-Event
467,wind,E-Event
467,.,O
467,Fly,B-NonEvent
467,with,I-NonEvent
467,caution,I-NonEvent
467,(Code,I-NonEvent
467,:,I-NonEvent
467,30149),E-NonEvent
467,.,O
468,Switched,B-Event
468,to,I-Event
468,gimbal,I-Event
468,free,I-Event
468,mode,E-Event
468,.,O
468,Use,B-NonEvent
468,the,I-NonEvent
468,RC,I-NonEvent
468,to,I-NonEvent
468,control,I-NonEvent
468,aircraft,I-NonEvent
468,yaw,E-NonEvent
468,.,O
469,TapFly,B-Event
469,Flight,I-Event
469,Ended,E-Event
469,.,O
469,Landing,B-Event
469,Gear,I-Event
469,Lowered,E-Event
469,.,O
470,Target,B-Event
470,lost,E-Event
470,.,O
470,QuickShots,B-Event
470,stopped,I-Event
470,(Code,I-Event
470,:,I-Event
470,800018),E-Event
470,.,O
471,Unable,B-Event
471,to,I-Event
471,take,I-Event
471,off,I-Event
471,(code,I-Event
471,:,I-Event
471,110),I-Event
471,(Code,E-Event
471,:,I-Event
471,30064),E-Event
471,.,O
472,Unable,B-Event
472,to,I-Event
472,take,I-Event
472,off,I-Event
472,(code,I-Event
472,:,I-Event
472,12),I-Event
472,(Code,E-Event
472,:,I-Event
472,30064),E-Event
472,.,O
473,Unable,B-Event
473,to,I-Event
473,take,I-Event
473,off,I-Event
473,(code,I-Event
473,:,I-Event
473,15),I-Event
473,(Code,E-Event
473,:,I-Event
473,30064),E-Event
473,.,O
474,Unknown,B-Event
474,error,I-Event
474,(code,I-Event
474,:,I-Event
474,110),E-Event
474,.,O
474,Cannot,B-Event
474,takeoff,E-Event
474,.,O
474,Contact,B-NonEvent
474,DJI,I-NonEvent
474,support,E-NonEvent
474,.,O
475,Unknown,B-Event
475,Error,I-Event
475,(code,I-Event
475,:,I-Event
475,57),E-Event
475,",",O
475,Cannot,B-Event
475,Takeoff,E-Event
475,.,O
475,Contact,B-NonEvent
475,DJI,I-NonEvent
475,support,E-NonEvent
475,.,O
476,Vision,B-Event
476,sensor,I-Event
476,error,E-Event
476,.,O
476,Contact,B-NonEvent
476,DJI,I-NonEvent
476,Support,I-NonEvent
476,for,I-NonEvent
476,assistance,I-NonEvent
476,(Code,I-NonEvent
476,:,I-NonEvent
476,180031),E-NonEvent
476,.,O
477,Visual,B-Event
477,positioning,I-Event
477,inaccurate,E-Event
477,.,O
477,Fly,B-NonEvent
477,with,I-NonEvent
477,caution,I-NonEvent
477,(Code,I-NonEvent
477,:,I-NonEvent
477,180032),E-NonEvent
477,.,O
478,Warning,B-Event
478,:,O
478,Critically,B-Event
478,low,I-Event
478,battery,E-Event
478,.,O
478,Please,B-NonEvent
478,change,I-NonEvent
478,the,I-NonEvent
478,battery,E-NonEvent
478,.,O
479,Warning,B-Event
479,:,O
479,Aircraft,B-Event
479,is,I-Event
479,less,I-Event
479,than,I-Event
479,nnn,I-Event
479,(minimum),I-Event
479,away,I-Event
479,from,I-Event
479,the,I-Event
479,object,I-Event
479,below,E-Event
479,.,O
480,Warning,B-Event
480,:,O
480,Command,B-Event
480,Timeout,E-Event
480,.,O
481,Warning,B-Event
481,:,O
481,Motor,B-Event
481,Overloaded,E-Event
481,.,O
481,Aircraft,B-NonEvent
481,will,I-NonEvent
481,decelerate,I-NonEvent
481,to,I-NonEvent
481,ensure,I-NonEvent
481,safety,E-NonEvent
481,.,O
482,Waypoint,B-Event
482,Mission,I-Event
482,Paused,E-Event
482,.,O
483,Waypoint,B-Event
483,Mission,I-Event
483,Resumed,E-Event
483,.,O
484,Waypoint,B-Event
484,Mission,I-Event
484,Start,E-Event
484,.,O
485,Your,B-Event
485,aircraft,I-Event
485,is,I-Event
485,at,I-Event
485,the,I-Event
485,boundary,I-Event
485,of,I-Event
485,an,I-Event
485,Altitude,I-Event
485,Zone,E-Event
485,.,O
485,Please,B-NonEvent
485,fly,I-NonEvent
485,away,I-NonEvent
485,or,I-NonEvent
485,land,I-NonEvent
485,with,I-NonEvent
485,caution,E-NonEvent
485,.,O
486,Detected,B-Event
486,forward,I-Event
486,shock,E-Event
486,",",O
486,possible,B-Event
486,collision,E-Event
486,.,O
486,Aircraft,B-Event
486,is,I-Event
486,pitching,I-Event
486,sharply,I-Event
486,backward,E-Event
486,.,O
487,Detected,B-Event
487,backward,I-Event
487,shock,E-Event
487,",",O
487,possible,B-Event
487,collision,E-Event
487,.,O
487,Aircraft,B-Event
487,is,I-Event
487,pitching,I-Event
487,sharply,I-Event
487,forward,E-Event
487,.,O
488,Detected,B-Event
488,side,I-Event
488,shock,E-Event
488,",",O
488,possible,B-Event
488,collision,E-Event
488,.,O
488,Aircraft,B-Event
488,is,I-Event
488,rolling,I-Event
488,sharply,I-Event
488,right,E-Event
488,.,O
489,Detected,B-Event
489,side,I-Event
489,shock,E-Event
489,",",O
489,possible,B-Event
489,collision,E-Event
489,.,O
489,Aircraft,B-Event
489,is,I-Event
489,rolling,I-Event
489,sharply,I-Event
489,left,E-Event
489,.,O
490,Detected,B-Event
490,forward,I-Event
490,shock,E-Event
490,.,O
490,Aircraft,B-Event
490,is,I-Event
490,pitching,I-Event
490,sharply,I-Event
490,backward,E-Event
490,.,O
491,Exit,B-NonEvent
491,Backward,I-NonEvent
491,Obstacle,I-NonEvent
491,Sensing,I-NonEvent
491,system,E-NonEvent
491,",",O
491,Ambient,B-Event
491,Light,I-Event
491,is,I-Event
491,too,I-Event
491,weak,E-Event
491,.,O
492,Exit,B-NonEvent
492,Forward,I-NonEvent
492,Obstacle,I-NonEvent
492,Sensing,I-NonEvent
492,system,E-NonEvent
492,",",O
492,Ambient,B-Event
492,Light,I-Event
492,is,I-Event
492,too,I-Event
492,weak,E-Event
492,.,O
493,Exit,B-NonEvent
493,Downward,I-NonEvent
493,Obstacle,I-NonEvent
493,Sensing,I-NonEvent
493,system,E-NonEvent
493,",",O
493,Ambient,B-Event
493,Light,I-Event
493,is,I-Event
493,too,I-Event
493,weak,E-Event
493,.,O
494,Exit,B-NonEvent
494,Upward,I-NonEvent
494,Obstacle,I-NonEvent
494,Sensing,I-NonEvent
494,system,E-NonEvent
494,",",O
494,Ambient,B-Event
494,Light,I-Event
494,is,I-Event
494,too,I-Event
494,weak,E-Event
494,.,O
495,Flight,B-Event
495,Mode,I-Event
495,Set,I-Event
495,to,I-Event
495,Attitude,E-Event
495,.,O
495,Set,B-NonEvent
495,the,I-NonEvent
495,Flight,I-NonEvent
495,Mode,I-NonEvent
495,to,I-NonEvent
495,P-mode,I-NonEvent
495,to,I-NonEvent
495,ensure,I-NonEvent
495,flight,I-NonEvent
495,safety,E-NonEvent
495,.,O
496,Flight,B-Event
496,Mode,I-Event
496,Set,I-Event
496,to,I-Event
496,Atti,E-Event
496,.,O
496,Set,B-NonEvent
496,the,I-NonEvent
496,Flight,I-NonEvent
496,Mode,I-NonEvent
496,to,I-NonEvent
496,P-mode,I-NonEvent
496,to,I-NonEvent
496,ensure,I-NonEvent
496,flight,I-NonEvent
496,safety,E-NonEvent
496,.,O
497,Flight,B-Event
497,Mode,I-Event
497,Set,I-Event
497,to,I-Event
497,Attitude,E-Event
497,.,O
497,Set,B-NonEvent
497,the,I-NonEvent
497,Flight,I-NonEvent
497,Mode,I-NonEvent
497,to,I-NonEvent
497,GPS,I-NonEvent
497,to,I-NonEvent
497,ensure,I-NonEvent
497,flight,I-NonEvent
497,safety,E-NonEvent
497,.,O
498,Flight,B-Event
498,Mode,I-Event
498,Set,I-Event
498,to,I-Event
498,Atti,E-Event
498,.,O
498,Set,B-NonEvent
498,the,I-NonEvent
498,Flight,I-NonEvent
498,Mode,I-NonEvent
498,to,I-NonEvent
498,GPS,I-NonEvent
498,to,I-NonEvent
498,ensure,I-NonEvent
498,flight,I-NonEvent
498,safety,E-NonEvent
498,.,O
499,Ambient,B-Event
499,Light,I-Event
499,too,I-Event
499,Weak,E-Event
499,",",O
499,Vision,B-NonEvent
499,Positioning,I-NonEvent
499,is,I-NonEvent
499,unavailable,E-NonEvent
499,.,O
499,please,B-NonEvent
499,ensure,I-NonEvent
499,safety,I-NonEvent
499,during,I-NonEvent
499,the,I-NonEvent
499,flight,E-NonEvent
499,.,O
500,Ambient,B-Event
500,Light,I-Event
500,too,I-Event
500,Weak,E-Event
500,",",O
500,obstacle,B-NonEvent
500,sensing,I-NonEvent
500,is,I-NonEvent
500,unavailable,E-NonEvent
500,.,O
500,please,B-NonEvent
500,ensure,I-NonEvent
500,safety,I-NonEvent
500,during,I-NonEvent
500,the,I-NonEvent
500,flight,E-NonEvent
500,.,O
501,Ambient,B-Event
501,Light,I-Event
501,too,I-Event
501,Weak,E-Event
501,",",O
501,Backward,B-NonEvent
501,obstacle,I-NonEvent
501,sensing,I-NonEvent
501,is,I-NonEvent
501,unavailable,E-NonEvent
501,.,O
501,please,B-NonEvent
501,ensure,I-NonEvent
501,safety,I-NonEvent
501,during,I-NonEvent
501,the,I-NonEvent
501,flight,E-NonEvent
501,.,O
502,Ambient,B-Event
502,Light,I-Event
502,too,I-Event
502,Weak,E-Event
502,",",O
502,Vision,B-NonEvent
502,Positioning,I-NonEvent
502,is,I-NonEvent
502,unavailable,E-NonEvent
502,.,O
502,please,B-NonEvent
502,ensure,I-NonEvent
502,safety,I-NonEvent
502,during,I-NonEvent
502,the,I-NonEvent
502,flight,E-NonEvent
502,.,O
503,Ambient,B-Event
503,Light,I-Event
503,too,I-Event
503,Weak,E-Event
503,",",O
503,Forward,B-NonEvent
503,obstacle,I-NonEvent
503,sensing,I-NonEvent
503,is,I-NonEvent
503,unavailable,E-NonEvent
503,.,O
503,please,B-NonEvent
503,ensure,I-NonEvent
503,safety,I-NonEvent
503,during,I-NonEvent
503,the,I-NonEvent
503,flight,E-NonEvent
503,.,O
