sentence_id,word,tag
0,Taking,B-Event
0,Off,E-Event
0,.,O
1,Taking,B-Event
1,Off,E-Event
1,.,O
2,Taking,B-Event
2,Off,E-Event
2,.,O
3,Taking,B-Event
3,Off,E-Event
3,.,O
4,Home,B-Event
4,Point,I-Event
4,Recorded,E-Event
4,.,O
4,RTH,B-NonEvent
4,Altitude,I-NonEvent
4,:,I-NonEvent
4,30m,E-NonEvent
4,.,O
5,Home,B-Event
5,Point,I-Event
5,Recorded,E-Event
5,.,O
5,RTH,B-NonEvent
5,Altitude,I-NonEvent
5,:,I-NonEvent
5,30m,E-NonEvent
5,.,O
6,Camera,B-Event
6,Settings,I-Event
6,Adjusted,I-Event
6,to,I-Event
6,ActiveTrack,E-Event
6,.,O
7,Your,B-Event
7,palm,I-Event
7,is,I-Event
7,too,I-Event
7,far,I-Event
7,away,I-Event
7,from,I-Event
7,the,I-Event
7,aircraft,E-Event
7,.,O
7,Please,B-NonEvent
7,step,I-NonEvent
7,closer,E-NonEvent
7,.,O
8,Your,B-Event
8,palm,I-Event
8,is,I-Event
8,too,I-Event
8,far,I-Event
8,away,I-Event
8,from,I-Event
8,the,I-Event
8,aircraft,E-Event
8,.,O
8,Please,B-NonEvent
8,step,I-NonEvent
8,closer,E-NonEvent
8,.,O
9,Your,B-Event
9,palm,I-Event
9,is,I-Event
9,too,I-Event
9,close,I-Event
9,to,I-Event
9,the,I-Event
9,aircraft,E-Event
9,.,O
9,Please,B-NonEvent
9,step,I-NonEvent
9,farther,I-NonEvent
9,away,E-NonEvent
9,.,O
10,PalmControl,B-Event
10,in,I-Event
10,Process,E-Event
10,.,O
11,PalmControl,B-Event
11,in,I-Event
11,Process,E-Event
11,.,O
12,Your,B-Event
12,palm,I-Event
12,is,I-Event
12,too,I-Event
12,close,I-Event
12,to,I-Event
12,the,I-Event
12,aircraft,E-Event
12,.,O
12,Please,B-NonEvent
12,step,I-NonEvent
12,farther,I-NonEvent
12,away,E-NonEvent
12,.,O
13,Your,B-Event
13,palm,I-Event
13,is,I-Event
13,too,I-Event
13,far,I-Event
13,away,I-Event
13,from,I-Event
13,the,I-Event
13,aircraft,E-Event
13,.,O
13,Please,B-NonEvent
13,step,I-NonEvent
13,closer,E-NonEvent
13,.,O
14,Your,B-Event
14,palm,I-Event
14,is,I-Event
14,too,I-Event
14,close,I-Event
14,to,I-Event
14,the,I-Event
14,aircraft,E-Event
14,.,O
14,Please,B-NonEvent
14,step,I-NonEvent
14,farther,I-NonEvent
14,away,E-NonEvent
14,.,O
15,PalmControl,B-Event
15,in,I-Event
15,Process,E-Event
15,.,O
16,PalmControl,B-Event
16,in,I-Event
16,Process,E-Event
16,.,O
17,PalmControl,B-Event
17,in,I-Event
17,Process,E-Event
17,.,O
18,PalmControl,B-Event
18,in,I-Event
18,Process,E-Event
18,.,O
19,Camera,B-Event
19,Settings,I-Event
19,Adjusted,I-Event
19,to,I-Event
19,ActiveTrack,E-Event
19,.,O
20,Drag,B-NonEvent
20,a,I-NonEvent
20,box,I-NonEvent
20,around,I-NonEvent
20,or,I-NonEvent
20,tap,I-NonEvent
20,a,I-NonEvent
20,target,I-NonEvent
20,on,I-NonEvent
20,screen,E-NonEvent
20,.,O
20,Then,B-NonEvent
20,tap,I-NonEvent
20,Go,E-NonEvent
20,.,O
21,Camera,B-Event
21,Settings,I-Event
21,Adjusted,I-Event
21,to,I-Event
21,ActiveTrack,E-Event
21,.,O
22,Drag,B-NonEvent
22,a,I-NonEvent
22,box,I-NonEvent
22,around,I-NonEvent
22,or,I-NonEvent
22,tap,I-NonEvent
22,a,I-NonEvent
22,target,I-NonEvent
22,on,I-NonEvent
22,screen,E-NonEvent
22,.,O
22,Then,B-NonEvent
22,tap,I-NonEvent
22,Go,E-NonEvent
22,.,O
23,Cannot,B-Event
23,Identify,I-Event
23,Subject,E-Event
23,.,O
24,Taking,B-Event
24,Off,E-Event
24,.,O
25,Taking,B-Event
25,Off,E-Event
25,.,O
26,Compass,B-Event
26,Interference,E-Event
26,.,O
26,Temp,B-NonEvent
26,Max,I-NonEvent
26,Altitude,I-NonEvent
26,:,I-NonEvent
26,98ft,E-NonEvent
26,.,O
27,Taking,B-Event
27,Off,E-Event
27,.,O
28,Taking,B-Event
28,Off,E-Event
28,.,O
29,Taking,B-Event
29,Off,E-Event
29,.,O
30,Taking,B-Event
30,Off,E-Event
30,.,O
31,Taking,B-Event
31,Off,E-Event
31,.,O
32,Taking,B-Event
32,Off,E-Event
32,.,O
33,Home,B-Event
33,Point,I-Event
33,Recorded,E-Event
33,.,O
33,RTH,B-NonEvent
33,Altitude,I-NonEvent
33,:,I-NonEvent
33,30m,E-NonEvent
33,.,O
34,Home,B-Event
34,Point,I-Event
34,Recorded,E-Event
34,.,O
34,RTH,B-NonEvent
34,Altitude,I-NonEvent
34,:,I-NonEvent
34,30m,E-NonEvent
34,.,O
35,Obstacle,B-Event
35,Avoidance,I-Event
35,will,I-Event
35,be,I-Event
35,disabled,I-Event
35,in,I-Event
35,landing,E-Event
35,.,O
36,Taking,B-Event
36,Off,E-Event
36,.,O
37,Taking,B-Event
37,Off,E-Event
37,.,O
38,Home,B-Event
38,Point,I-Event
38,Recorded,E-Event
38,.,O
38,RTH,B-NonEvent
38,Altitude,I-NonEvent
38,:,I-NonEvent
38,30m,E-NonEvent
38,.,O
39,Obstacle,B-Event
39,Avoided,E-Event
39,.,O
39,Revise,B-Event
39,Flight,I-Event
39,Route,E-Event
39,.,O
40,Take,B-NonEvent
40,off,I-NonEvent
40,and,I-NonEvent
40,retry,I-NonEvent
40,this,I-NonEvent
40,function,E-NonEvent
40,.,O
41,Aircraft,B-NonEvent
41,is,I-NonEvent
41,in,I-NonEvent
41,Attitude,I-NonEvent
41,mode,E-NonEvent
41,",",O
41,so,B-NonEvent
41,that,I-NonEvent
41,it,I-NonEvent
41,will,I-NonEvent
41,not,I-NonEvent
41,hover,E-NonEvent
41,.,O
41,Please,B-NonEvent
41,fly,I-NonEvent
41,with,I-NonEvent
41,caution,E-NonEvent
41,.,O
42,Aircraft,B-NonEvent
42,is,I-NonEvent
42,in,I-NonEvent
42,Attitude,I-NonEvent
42,mode,E-NonEvent
42,",",O
42,so,B-NonEvent
42,that,I-NonEvent
42,it,I-NonEvent
42,will,I-NonEvent
42,not,I-NonEvent
42,hover,E-NonEvent
42,.,O
42,Please,B-NonEvent
42,fly,I-NonEvent
42,with,I-NonEvent
42,caution,E-NonEvent
42,.,O
43,Aircraft,B-NonEvent
43,is,I-NonEvent
43,in,I-NonEvent
43,Attitude,I-NonEvent
43,mode,E-NonEvent
43,",",O
43,so,B-NonEvent
43,that,I-NonEvent
43,it,I-NonEvent
43,will,I-NonEvent
43,not,I-NonEvent
43,hover,E-NonEvent
43,.,O
43,Please,B-NonEvent
43,fly,I-NonEvent
43,with,I-NonEvent
43,caution,E-NonEvent
43,.,O
44,Aircraft,B-NonEvent
44,is,I-NonEvent
44,in,I-NonEvent
44,Attitude,I-NonEvent
44,mode,E-NonEvent
44,",",O
44,so,B-NonEvent
44,that,I-NonEvent
44,it,I-NonEvent
44,will,I-NonEvent
44,not,I-NonEvent
44,hover,E-NonEvent
44,.,O
44,Please,B-NonEvent
44,fly,I-NonEvent
44,with,I-NonEvent
44,caution,E-NonEvent
44,.,O
45,Battery,B-Event
45,temperature,I-Event
45,is,I-Event
45,below,I-Event
45,15,I-Event
45,degrees,I-Event
45,Celsius,E-Event
45,.,O
45,Warm,B-NonEvent
45,up,I-NonEvent
45,the,I-NonEvent
45,battery,I-NonEvent
45,temperature,I-NonEvent
45,to,I-NonEvent
45,above,I-NonEvent
45,25,I-NonEvent
45,degree,I-NonEvent
45,Celsius,I-NonEvent
45,to,I-NonEvent
45,ensure,I-NonEvent
45,a,I-NonEvent
45,safe,I-NonEvent
45,flight,E-NonEvent
45,.,O
46,Return-to-Home,B-NonEvent
46,Altitude,I-NonEvent
46,:,I-NonEvent
46,65FT,E-NonEvent
46,.,O
47,Taking,B-Event
47,Off,E-Event
47,.,O
48,Landing,B-Event
48,Gear,I-Event
48,Raising,E-Event
48,.,O
49,Landing,B-Event
49,Gear,I-Event
49,Raised,E-Event
49,.,O
50,Landing,E-Event
50,.,O
51,Landing,B-Event
51,Gear,I-Event
51,Lowering,E-Event
51,.,O
52,Landing,B-Event
52,Gear,I-Event
52,Lowered,E-Event
52,.,O
53,Data,B-Event
53,Recorder,I-Event
53,File,I-Event
53,Index,I-Event
53,is,I-Event
53,13,E-Event
53,.,O
54,Battery,B-Event
54,temperature,I-Event
54,is,I-Event
54,below,I-Event
54,15,I-Event
54,degrees,I-Event
54,Celsius,E-Event
54,.,O
54,Warm,B-NonEvent
54,up,I-NonEvent
54,the,I-NonEvent
54,battery,I-NonEvent
54,temperature,I-NonEvent
54,to,I-NonEvent
54,above,I-NonEvent
54,25,I-NonEvent
54,degree,I-NonEvent
54,Celsius,I-NonEvent
54,to,I-NonEvent
54,ensure,I-NonEvent
54,a,I-NonEvent
54,safe,I-NonEvent
54,flight,E-NonEvent
54,.,O
55,RTH,B-NonEvent
55,Altitude,I-NonEvent
55,:,I-NonEvent
55,65FT,E-NonEvent
55,.,O
56,Taking,B-Event
56,off,E-Event
56,.,O
57,Landing,B-Event
57,Gear,I-Event
57,Raising,E-Event
57,.,O
58,Landing,B-Event
58,Gear,I-Event
58,Raised,E-Event
58,.,O
59,Landing,E-Event
59,.,O
60,Landing,B-Event
60,Gear,I-Event
60,Lowering,E-Event
60,.,O
61,Landing,B-Event
61,Gear,I-Event
61,Lowered,E-Event
61,.,O
62,Aircraft,B-NonEvent
62,is,I-NonEvent
62,in,I-NonEvent
62,Attitude,I-NonEvent
62,mode,E-NonEvent
62,",",O
62,so,B-NonEvent
62,that,I-NonEvent
62,it,I-NonEvent
62,will,I-NonEvent
62,not,I-NonEvent
62,hover,E-NonEvent
62,.,O
62,Please,B-NonEvent
62,fly,I-NonEvent
62,with,I-NonEvent
62,caution,E-NonEvent
62,.,O
63,Home,B-Event
63,Point,I-Event
63,Recorded,E-Event
63,.,O
64,Home,B-Event
64,Point,I-Event
64,Recorded,E-Event
64,.,O
65,Return-to-Home,B-NonEvent
65,Altitude,I-NonEvent
65,:,I-NonEvent
65,65FT,E-NonEvent
65,.,O
66,Landing,B-Event
66,Gear,I-Event
66,Raising,E-Event
66,.,O
67,Landing,B-Event
67,Gear,I-Event
67,Raised,E-Event
67,.,O
68,Landing,B-Event
68,Gear,I-Event
68,Lowering,E-Event
68,.,O
69,Landing,B-Event
69,Gear,I-Event
69,Lowered,E-Event
69,.,O
70,Landing,B-Event
70,Gear,I-Event
70,Raising,E-Event
70,.,O
71,Landing,B-Event
71,Gear,I-Event
71,Paused,E-Event
71,.,O
72,Aircraft,B-NonEvent
72,is,I-NonEvent
72,in,I-NonEvent
72,Attitude,I-NonEvent
72,mode,E-NonEvent
72,",",O
72,so,B-NonEvent
72,that,I-NonEvent
72,it,I-NonEvent
72,will,I-NonEvent
72,not,I-NonEvent
72,hover,E-NonEvent
72,.,O
72,Please,B-NonEvent
72,fly,I-NonEvent
72,with,I-NonEvent
72,caution,E-NonEvent
72,.,O
73,Data,B-Event
73,Recorder,I-Event
73,File,I-Event
73,Index,I-Event
73,is,I-Event
73,21,E-Event
73,.,O
74,Home,B-Event
74,Point,I-Event
74,Recorded,E-Event
74,.,O
75,Home,B-Event
75,Point,I-Event
75,Updated,E-Event
75,.,O
76,RTH,B-NonEvent
76,Altitude,I-NonEvent
76,:,I-NonEvent
76,65FT,E-NonEvent
76,.,O
77,Landing,B-Event
77,Gear,I-Event
77,Raising,E-Event
77,.,O
78,Landing,B-Event
78,Gear,I-Event
78,Raised,E-Event
78,.,O
79,Downlink,B-Event
79,Lost,E-Event
79,.,O
80,Landing,B-Event
80,Gear,I-Event
80,Lowering,E-Event
80,.,O
81,Landing,B-Event
81,Gear,I-Event
81,Lowered,E-Event
81,.,O
82,Aircraft,B-NonEvent
82,is,I-NonEvent
82,in,I-NonEvent
82,Attitude,I-NonEvent
82,mode,E-NonEvent
82,",",O
82,so,B-NonEvent
82,that,I-NonEvent
82,it,I-NonEvent
82,will,I-NonEvent
82,not,I-NonEvent
82,hover,E-NonEvent
82,.,O
82,Please,B-NonEvent
82,fly,I-NonEvent
82,with,I-NonEvent
82,caution,E-NonEvent
82,.,O
83,Home,B-Event
83,Point,I-Event
83,Recorded,E-Event
83,.,O
84,Home,B-Event
84,Point,I-Event
84,Recorded,E-Event
84,.,O
85,Landing,B-Event
85,Gear,I-Event
85,Raising,E-Event
85,.,O
86,Landing,B-Event
86,Gear,I-Event
86,Raised,E-Event
86,.,O
87,Landing,B-Event
87,Gear,I-Event
87,Lowering,E-Event
87,.,O
88,Landing,B-Event
88,Gear,I-Event
88,Lowered,E-Event
88,.,O
89,Landing,B-Event
89,Gear,I-Event
89,Raising,E-Event
89,.,O
90,Landing,B-Event
90,Gear,I-Event
90,Paused,E-Event
90,.,O
91,Aircraft,B-NonEvent
91,is,I-NonEvent
91,in,I-NonEvent
91,Attitude,I-NonEvent
91,mode,E-NonEvent
91,",",O
91,so,B-NonEvent
91,that,I-NonEvent
91,it,I-NonEvent
91,will,I-NonEvent
91,not,I-NonEvent
91,hover,E-NonEvent
91,.,O
91,Please,B-NonEvent
91,fly,I-NonEvent
91,with,I-NonEvent
91,caution,E-NonEvent
91,.,O
92,Landing,B-Event
92,Gear,I-Event
92,Raising,E-Event
92,.,O
93,Landing,B-Event
93,Gear,I-Event
93,Raised,E-Event
93,.,O
94,Command,B-Event
94,Timeout,E-Event
94,.,O
95,Low,B-Event
95,Power,E-Event
95,.,O
95,Aircraft,B-Event
95,is,I-Event
95,returning,I-Event
95,to,I-Event
95,the,I-Event
95,Home,I-Event
95,Point,E-Event
95,.,O
96,Low,B-Event
96,Power,E-Event
96,.,O
96,Aircraft,B-Event
96,is,I-Event
96,returning,I-Event
96,to,I-Event
96,the,I-Event
96,Home,I-Event
96,Point,E-Event
96,.,O
97,Landing,B-Event
97,Gear,I-Event
97,Lowering,E-Event
97,.,O
98,Landing,B-Event
98,Gear,I-Event
98,Lowered,E-Event
98,.,O
99,Landing,B-Event
99,Gear,I-Event
99,Raising,E-Event
99,.,O
100,Landing,B-Event
100,Gear,I-Event
100,Raised,E-Event
100,.,O
101,Command,B-Event
101,Timeout,E-Event
101,.,O
102,Low,B-Event
102,Power,E-Event
102,.,O
102,Aircraft,B-Event
102,is,I-Event
102,returning,I-Event
102,to,I-Event
102,the,I-Event
102,Home,I-Event
102,Point,E-Event
102,.,O
103,Low,B-Event
103,Power,E-Event
103,.,O
103,Aircraft,B-Event
103,is,I-Event
103,returning,I-Event
103,to,I-Event
103,the,I-Event
103,Home,I-Event
103,Point,E-Event
103,.,O
104,Landing,B-Event
104,Gear,I-Event
104,Lowering,E-Event
104,.,O
105,Landing,B-Event
105,Gear,I-Event
105,Lowered,E-Event
105,.,O
106,Data,B-Event
106,Recorder,I-Event
106,File,I-Event
106,Index,I-Event
106,is,I-Event
106,8,E-Event
106,.,O
107,Home,B-Event
107,Point,I-Event
107,Updated,E-Event
107,.,O
108,Exited,B-Event
108,Visual,I-Event
108,Avoidance,I-Event
108,System,E-Event
108,.,O
109,Motors,B-Event
109,Started,E-Event
109,.,O
110,Landing,B-Event
110,Gear,I-Event
110,Raising,E-Event
110,.,O
111,Landing,B-Event
111,Gear,I-Event
111,Raised,E-Event
111,.,O
112,Aircraft,B-Event
112,is,I-Event
112,returning,I-Event
112,to,I-Event
112,the,I-Event
112,Home,I-Event
112,Point,E-Event
112,.,O
112,Minimum,B-NonEvent
112,RTH,I-NonEvent
112,Altitude,I-NonEvent
112,is,I-NonEvent
112,30m,E-NonEvent
112,.,O
112,You,B-NonEvent
112,can,I-NonEvent
112,reset,I-NonEvent
112,the,I-NonEvent
112,RTH,I-NonEvent
112,Altitude,I-NonEvent
112,in,I-NonEvent
112,Remote,I-NonEvent
112,Controller,I-NonEvent
112,Settings,I-NonEvent
112,after,I-NonEvent
112,cancelling,I-NonEvent
112,RTH,I-NonEvent
112,if,I-NonEvent
112,necessary,E-NonEvent
112,.,O
113,Landing,B-Event
113,Gear,I-Event
113,Lowering,E-Event
113,.,O
114,Landing,B-Event
114,Gear,I-Event
114,Lowered,E-Event
114,.,O
115,Strong,B-Event
115,wireless,I-Event
115,interference,E-Event
115,.,O
115,Please,B-NonEvent
115,fly,I-NonEvent
115,with,I-NonEvent
115,caution,E-NonEvent
115,.,O
115,Obstacle,B-Event
115,Avoidance,I-Event
115,Disabled,E-Event
115,.,O
115,Landing,B-Event
115,gear,I-Event
115,lowered,E-Event
115,.,O
115,Obstacle,B-Event
115,Avoidance,I-Event
115,Disabled,E-Event
115,.,O
116,GPS,B-Event
116,Position,I-Event
116,Mismatch,E-Event
116,.,O
117,GPS,B-Event
117,Position,I-Event
117,Mismatch,E-Event
117,.,O
118,GPS,B-Event
118,Position,I-Event
118,Mismatch,E-Event
118,.,O
119,GPS,B-Event
119,Position,I-Event
119,Mismatch,E-Event
119,.,O
120,GPS,B-Event
120,Position,I-Event
120,Mismatch,E-Event
120,.,O
121,GPS,B-Event
121,Position,I-Event
121,Mismatch,E-Event
121,.,O
122,GPS,B-Event
122,Position,I-Event
122,Mismatch,E-Event
122,.,O
123,GPS,B-Event
123,Position,I-Event
123,Mismatch,E-Event
123,.,O
124,GPS,B-Event
124,Position,I-Event
124,Mismatch,E-Event
124,.,O
125,GPS,B-Event
125,Position,I-Event
125,Mismatch,E-Event
125,.,O
126,GPS,B-Event
126,Position,I-Event
126,Mismatch,E-Event
126,.,O
127,GPS,B-Event
127,Position,I-Event
127,Mismatch,E-Event
127,.,O
128,GPS,B-Event
128,Position,I-Event
128,Mismatch,E-Event
128,.,O
129,GPS,B-Event
129,Position,I-Event
129,Mismatch,E-Event
129,.,O
130,GPS,B-Event
130,Position,I-Event
130,Mismatch,E-Event
130,.,O
131,GPS,B-Event
131,Position,I-Event
131,Mismatch,E-Event
131,.,O
132,GPS,B-Event
132,Position,I-Event
132,Mismatch,E-Event
132,.,O
133,GPS,B-Event
133,Position,I-Event
133,Mismatch,E-Event
133,.,O
134,GPS,B-Event
134,Position,I-Event
134,Mismatch,E-Event
134,.,O
135,GPS,B-Event
135,Position,I-Event
135,Mismatch,E-Event
135,.,O
136,GPS,B-Event
136,Position,I-Event
136,Mismatch,E-Event
136,.,O
137,GPS,B-Event
137,Position,I-Event
137,Mismatch,E-Event
137,.,O
138,GPS,B-Event
138,Position,I-Event
138,Mismatch,E-Event
138,.,O
139,GPS,B-Event
139,Position,I-Event
139,Mismatch,E-Event
139,.,O
140,GPS,B-Event
140,Position,I-Event
140,Mismatch,E-Event
140,.,O
141,GPS,B-Event
141,Position,I-Event
141,Mismatch,E-Event
141,.,O
142,GPS,B-Event
142,Position,I-Event
142,Mismatch,E-Event
142,.,O
143,GPS,B-Event
143,Position,I-Event
143,Mismatch,E-Event
143,.,O
144,GPS,B-Event
144,Position,I-Event
144,Mismatch,E-Event
144,.,O
145,GPS,B-Event
145,Position,I-Event
145,Mismatch,E-Event
145,.,O
146,GPS,B-Event
146,Position,I-Event
146,Mismatch,E-Event
146,.,O
147,GPS,B-Event
147,Position,I-Event
147,Mismatch,E-Event
147,.,O
148,Strong,B-Event
148,wireless,I-Event
148,interference,E-Event
148,.,O
148,Please,B-NonEvent
148,fly,I-NonEvent
148,with,I-NonEvent
148,caution,E-NonEvent
148,.,O
149,GPS,B-Event
149,Position,I-Event
149,Mismatch,E-Event
149,.,O
150,GPS,B-Event
150,Position,I-Event
150,Mismatch,E-Event
150,.,O
151,GPS,B-Event
151,Position,I-Event
151,Mismatch,E-Event
151,.,O
152,GPS,B-Event
152,Position,I-Event
152,Mismatch,E-Event
152,.,O
153,GPS,B-Event
153,Position,I-Event
153,Mismatch,E-Event
153,.,O
154,GPS,B-Event
154,Position,I-Event
154,Mismatch,E-Event
154,.,O
155,GPS,B-Event
155,Position,I-Event
155,Mismatch,E-Event
155,.,O
156,GPS,B-Event
156,Position,I-Event
156,Mismatch,E-Event
156,.,O
157,Strong,B-Event
157,wireless,I-Event
157,interference,E-Event
157,.,O
157,Please,B-NonEvent
157,fly,I-NonEvent
157,with,I-NonEvent
157,caution,E-NonEvent
157,.,O
158,Obstacle,B-Event
158,Avoidance,I-Event
158,Disabled,E-Event
158,.,O
158,Landing,B-Event
158,gear,I-Event
158,lowered,E-Event
158,.,O
158,Obstacle,B-Event
158,Avoidance,I-Event
158,Disabled,E-Event
158,.,O
159,Data,B-Event
159,Recorder,I-Event
159,File,I-Event
159,Index,I-Event
159,is,I-Event
159,8,E-Event
159,.,O
160,Obstacle,B-Event
160,Avoidance,I-Event
160,Disabled,E-Event
160,.,O
160,Landing,B-Event
160,gear,I-Event
160,lowered,E-Event
160,.,O
160,Obstacle,B-Event
160,Avoidance,I-Event
160,Disabled,E-Event
160,.,O
161,Strong,B-Event
161,wireless,I-Event
161,interference,E-Event
161,.,O
161,Please,B-NonEvent
161,fly,I-NonEvent
161,with,I-NonEvent
161,caution,E-NonEvent
161,.,O
162,Strong,B-Event
162,wireless,I-Event
162,interference,E-Event
162,.,O
162,Please,B-NonEvent
162,fly,I-NonEvent
162,with,I-NonEvent
162,caution,E-NonEvent
162,.,O
163,Obstacle,B-Event
163,Avoidance,I-Event
163,Disabled,E-Event
163,.,O
164,Landing,B-Event
164,gear,I-Event
164,lowered,E-Event
164,.,O
164,Obstacle,B-Event
164,Avoidance,I-Event
164,Disabled,E-Event
164,.,O
165,Landing,B-Event
165,Gear,I-Event
165,Raising,E-Event
165,.,O
166,Landing,B-Event
166,Gear,I-Event
166,Raised,E-Event
166,.,O
167,Motors,B-Event
167,Started,E-Event
167,.,O
168,Strong,B-Event
168,wireless,I-Event
168,interference,E-Event
168,.,O
168,Please,B-NonEvent
168,fly,I-NonEvent
168,with,I-NonEvent
168,caution,E-NonEvent
168,.,O
169,Strong,B-Event
169,wireless,I-Event
169,interference,E-Event
169,.,O
169,Please,B-NonEvent
169,fly,I-NonEvent
169,with,I-NonEvent
169,caution,E-NonEvent
169,.,O
170,Landing,B-Event
170,Gear,I-Event
170,Lowering,E-Event
170,.,O
171,Landing,B-Event
171,Gear,I-Event
171,Lowered,E-Event
171,.,O
172,Home,B-Event
172,Point,I-Event
172,Recorded,E-Event
172,.,O
172,RTH,B-NonEvent
172,Altitude,I-NonEvent
172,:,I-NonEvent
172,30m,E-NonEvent
172,.,O
173,Landing,B-Event
173,gear,I-Event
173,lowered,E-Event
173,.,O
173,Obstacle,B-Event
173,Avoidance,I-Event
173,Disabled,E-Event
173,.,O
174,Aircraft,B-Event
174,is,I-Event
174,returning,I-Event
174,to,I-Event
174,the,I-Event
174,Home,I-Event
174,Point,E-Event
174,.,O
174,Minimum,B-NonEvent
174,RTH,I-NonEvent
174,Altitude,I-NonEvent
174,is,I-NonEvent
174,30m,E-NonEvent
174,.,O
174,You,B-NonEvent
174,can,I-NonEvent
174,reset,I-NonEvent
174,the,I-NonEvent
174,RTH,I-NonEvent
174,Altitude,I-NonEvent
174,in,I-NonEvent
174,Remote,I-NonEvent
174,Controller,I-NonEvent
174,Settings,I-NonEvent
174,after,I-NonEvent
174,cancelling,I-NonEvent
174,RTH,E-NonEvent
174,.,O
175,Obstacle,B-Event
175,Avoidance,I-Event
175,will,I-Event
175,be,I-Event
175,disabled,I-Event
175,in,I-Event
175,landing,E-Event
175,.,O
176,Landing,B-Event
176,gear,I-Event
176,lowered,E-Event
176,.,O
176,Obstacle,B-Event
176,Avoidance,I-Event
176,Disabled,E-Event
176,.,O
177,Landing,B-Event
177,Protection,I-Event
177,Activated,E-Event
177,.,O
177,Aircraft,B-Event
177,will,I-Event
177,decelerate,I-Event
177,during,I-Event
177,landing,E-Event
177,.,O
178,Ground,B-NonEvent
178,Plain,E-NonEvent
178,.,O
178,Safe,B-NonEvent
178,to,I-NonEvent
178,Land,E-NonEvent
178,.,O
179,Taking,B-Event
179,Off,E-Event
179,.,O
180,Taking,B-Event
180,Off,E-Event
180,.,O
181,Home,B-Event
181,Point,I-Event
181,Recorded,E-Event
181,.,O
181,RTH,B-NonEvent
181,Altitude,I-NonEvent
181,:,I-NonEvent
181,30m,E-NonEvent
181,.,O
182,Fly,B-NonEvent
182,with,I-NonEvent
182,caution,I-NonEvent
182,and,I-NonEvent
182,ensure,I-NonEvent
182,the,I-NonEvent
182,aircraft,I-NonEvent
182,remains,I-NonEvent
182,within,I-NonEvent
182,your,I-NonEvent
182,line,I-NonEvent
182,of,I-NonEvent
182,sight,E-NonEvent
182,.,O
183,Fly,B-NonEvent
183,with,I-NonEvent
183,caution,I-NonEvent
183,and,I-NonEvent
183,ensure,I-NonEvent
183,the,I-NonEvent
183,aircraft,I-NonEvent
183,remains,I-NonEvent
183,within,I-NonEvent
183,your,I-NonEvent
183,line,I-NonEvent
183,of,I-NonEvent
183,sight,E-NonEvent
183,.,O
184,Image,B-Event
184,Transmission,I-Event
184,Recovered,E-Event
184,.,O
184,Aircraft,B-Event
184,is,I-Event
184,returning,I-Event
184,home,E-Event
184,.,O
185,Obstacle,B-Event
185,Avoidance,I-Event
185,will,I-Event
185,be,I-Event
185,disabled,I-Event
185,in,I-Event
185,landing,E-Event
185,.,O
186,Landing,B-Event
186,gear,I-Event
186,lowered,E-Event
186,.,O
186,Obstacle,B-Event
186,Avoidance,I-Event
186,Disabled,E-Event
186,.,O
187,Landing,B-Event
187,Protection,I-Event
187,Activated,E-Event
187,.,O
187,Aircraft,B-Event
187,will,I-Event
187,decelerate,I-Event
187,during,I-Event
187,landing,E-Event
187,.,O
188,Ground,B-NonEvent
188,Plain,E-NonEvent
188,.,O
188,Safe,B-NonEvent
188,to,I-NonEvent
188,Land,E-NonEvent
188,.,O
189,Strong,B-Event
189,wireless,I-Event
189,interference,E-Event
189,.,O
189,Please,B-NonEvent
189,fly,I-NonEvent
189,with,I-NonEvent
189,caution,E-NonEvent
189,.,O
190,Strong,B-Event
190,wireless,I-Event
190,interference,E-Event
190,.,O
190,Please,B-NonEvent
190,fly,I-NonEvent
190,with,I-NonEvent
190,caution,E-NonEvent
190,.,O
191,Motors,B-Event
191,Started,E-Event
191,.,O
192,Obstacle,B-Event
192,Avoidance,I-Event
192,Disabled,E-Event
192,.,O
193,Landing,B-Event
193,gear,I-Event
193,lowered,E-Event
193,.,O
193,Obstacle,B-Event
193,Avoidance,I-Event
193,Disabled,E-Event
193,.,O
194,Landing,B-Event
194,Gear,I-Event
194,Raising,E-Event
194,.,O
195,Home,B-Event
195,Point,I-Event
195,Recorded,E-Event
195,",",O
195,Return-to-Home,B-NonEvent
195,Altitude,I-NonEvent
195,:,I-NonEvent
195,98FT,E-NonEvent
195,.,O
196,Landing,B-Event
196,Gear,I-Event
196,Raised,E-Event
196,.,O
197,Strong,B-Event
197,wireless,I-Event
197,interference,E-Event
197,.,O
197,Please,B-NonEvent
197,fly,I-NonEvent
197,with,I-NonEvent
197,caution,E-NonEvent
197,.,O
198,Strong,B-Event
198,wireless,I-Event
198,interference,E-Event
198,.,O
198,Please,B-NonEvent
198,fly,I-NonEvent
198,with,I-NonEvent
198,caution,E-NonEvent
198,.,O
199,Large,B-Event
199,Wind,I-Event
199,Velocity,E-Event
199,.,O
199,Fly,B-NonEvent
199,with,I-NonEvent
199,caution,E-NonEvent
199,.,O
200,Large,B-Event
200,Wind,I-Event
200,Velocity,E-Event
200,.,O
200,Fly,B-NonEvent
200,with,I-NonEvent
200,caution,E-NonEvent
200,.,O
201,Large,B-Event
201,Wind,I-Event
201,Velocity,E-Event
201,.,O
201,Fly,B-NonEvent
201,with,I-NonEvent
201,caution,E-NonEvent
201,.,O
202,Magnetic,B-Event
202,Filed,I-Event
202,Interference,E-Event
202,.,O
202,Exit,B-NonEvent
202,P-GPS,I-NonEvent
202,Mode,E-NonEvent
202,.,O
203,Data,B-Event
203,Recorder,I-Event
203,File,I-Event
203,Index,I-Event
203,is,I-Event
203,5,E-Event
203,.,O
204,Motors,B-Event
204,Started,E-Event
204,.,O
205,Motors,B-Event
205,Started,E-Event
205,.,O
206,Downlink,B-Event
206,Lost,E-Event
206,.,O
207,Downlink,B-Event
207,Restored,I-Event
207,(after,I-Event
207,0m,I-Event
207,1,E-Event
207,.,O
207,5s),E-Event
207,.,O
208,Obstacle,B-Event
208,Avoidance,I-Event
208,Disabled,E-Event
208,.,O
208,Landing,B-Event
208,gear,I-Event
208,lowered,E-Event
208,.,O
208,Obstacle,B-Event
208,Avoidance,I-Event
208,Disabled,E-Event
208,.,O
209,Landing,B-Event
209,Gear,I-Event
209,Raising,E-Event
209,.,O
209,Home,B-Event
209,Point,I-Event
209,Recorded,E-Event
209,.,O
210,Return-to-Home,B-NonEvent
210,Altitude,I-NonEvent
210,:,I-NonEvent
210,98FT,E-NonEvent
210,.,O
211,Home,B-Event
211,Point,I-Event
211,Updated,E-Event
211,.,O
212,Landing,B-Event
212,Gear,I-Event
212,Raised,E-Event
212,.,O
213,Strong,B-Event
213,wireless,I-Event
213,interference,E-Event
213,.,O
213,Please,B-NonEvent
213,fly,I-NonEvent
213,with,I-NonEvent
213,caution,E-NonEvent
213,.,O
214,GPS,B-Event
214,Position,I-Event
214,Mismatch,E-Event
214,.,O
215,GPS,B-Event
215,Position,I-Event
215,Mismatch,E-Event
215,.,O
216,GPS,B-Event
216,Position,I-Event
216,Mismatch,E-Event
216,.,O
217,GPS,B-Event
217,Position,I-Event
217,Mismatch,E-Event
217,.,O
218,GPS,B-Event
218,Position,I-Event
218,Mismatch,E-Event
218,.,O
219,GPS,B-Event
219,Position,I-Event
219,Mismatch,E-Event
219,.,O
220,GPS,B-Event
220,Position,I-Event
220,Mismatch,E-Event
220,.,O
221,GPS,B-Event
221,Position,I-Event
221,Mismatch,E-Event
221,.,O
222,GPS,B-Event
222,Position,I-Event
222,Mismatch,E-Event
222,.,O
223,GPS,B-Event
223,Position,I-Event
223,Mismatch,E-Event
223,.,O
224,GPS,B-Event
224,Position,I-Event
224,Mismatch,E-Event
224,.,O
225,GPS,B-Event
225,Position,I-Event
225,Mismatch,E-Event
225,.,O
226,Strong,B-Event
226,wireless,I-Event
226,interference,E-Event
226,.,O
226,Please,B-NonEvent
226,fly,I-NonEvent
226,with,I-NonEvent
226,caution,E-NonEvent
226,.,O
227,Downlink,B-Event
227,Lost,E-Event
227,.,O
228,GPS,B-Event
228,Position,I-Event
228,Mismatch,E-Event
228,.,O
229,GPS,B-Event
229,Position,I-Event
229,Mismatch,E-Event
229,.,O
230,GPS,B-Event
230,Position,I-Event
230,Mismatch,E-Event
230,.,O
231,GPS,B-Event
231,Position,I-Event
231,Mismatch,E-Event
231,.,O
232,GPS,B-Event
232,Position,I-Event
232,Mismatch,E-Event
232,.,O
233,GPS,B-Event
233,Position,I-Event
233,Mismatch,E-Event
233,.,O
234,GPS,B-Event
234,Position,I-Event
234,Mismatch,E-Event
234,.,O
235,GPS,B-Event
235,Position,I-Event
235,Mismatch,E-Event
235,.,O
236,GPS,B-Event
236,Position,I-Event
236,Mismatch,E-Event
236,.,O
237,GPS,B-Event
237,Position,I-Event
237,Mismatch,E-Event
237,.,O
238,GPS,B-Event
238,Position,I-Event
238,Mismatch,E-Event
238,.,O
239,GPS,B-Event
239,Position,I-Event
239,Mismatch,E-Event
239,.,O
240,GPS,B-Event
240,Position,I-Event
240,Mismatch,E-Event
240,.,O
241,Large,B-Event
241,Wind,I-Event
241,Velocity,E-Event
241,.,O
242,Large,B-Event
242,Wind,I-Event
242,Velocity,E-Event
242,.,O
243,Large,B-Event
243,Wind,I-Event
243,Velocity,E-Event
243,.,O
244,Yaw,B-Event
244,Error,E-Event
244,.,O
245,Yaw,B-Event
245,Error,E-Event
245,.,O
246,Yaw,B-Event
246,Error,E-Event
246,.,O
247,Yaw,B-Event
247,Error,E-Event
247,.,O
248,Yaw,B-Event
248,Error,E-Event
248,.,O
249,Yaw,B-Event
249,Error,E-Event
249,.,O
250,Yaw,B-Event
250,Error,E-Event
250,.,O
251,Yaw,B-Event
251,Error,E-Event
251,.,O
252,Yaw,B-Event
252,Error,E-Event
252,.,O
253,Yaw,B-Event
253,Error,E-Event
253,.,O
254,Yaw,B-Event
254,Error,E-Event
254,.,O
255,Yaw,B-Event
255,Error,E-Event
255,.,O
256,Yaw,B-Event
256,Error,E-Event
256,.,O
257,Yaw,B-Event
257,Error,E-Event
257,.,O
258,Yaw,B-Event
258,Error,E-Event
258,.,O
259,Yaw,B-Event
259,Error,E-Event
259,.,O
260,Yaw,B-Event
260,Error,E-Event
260,.,O
261,Magnetic,B-Event
261,Filed,I-Event
261,Interference,E-Event
261,.,O
261,Exit,B-NonEvent
261,P-GPS,I-NonEvent
261,Mode,E-NonEvent
261,.,O
261,Yaw,B-Event
261,Error,E-Event
261,.,O
262,Yaw,B-Event
262,Error,E-Event
262,.,O
263,Yaw,B-Event
263,Error,E-Event
263,.,O
264,Yaw,B-Event
264,Error,E-Event
264,.,O
265,Yaw,B-Event
265,Error,E-Event
265,.,O
266,Yaw,B-Event
266,Error,E-Event
266,.,O
267,Yaw,B-Event
267,Error,E-Event
267,.,O
268,Yaw,B-Event
268,Error,E-Event
268,.,O
269,Yaw,B-Event
269,Error,E-Event
269,.,O
270,Yaw,B-Event
270,Error,E-Event
270,.,O
271,Yaw,B-Event
271,Error,E-Event
271,.,O
272,GPS,B-Event
272,Position,I-Event
272,Mismatch,E-Event
272,.,O
273,GPS,B-Event
273,Position,I-Event
273,Mismatch,E-Event
273,.,O
274,GPS,B-Event
274,Position,I-Event
274,Mismatch,E-Event
274,.,O
275,GPS,B-Event
275,Position,I-Event
275,Mismatch,E-Event
275,.,O
276,GPS,B-Event
276,Position,I-Event
276,Mismatch,E-Event
276,.,O
277,GPS,B-Event
277,Position,I-Event
277,Mismatch,E-Event
277,.,O
278,GPS,B-Event
278,Position,I-Event
278,Mismatch,E-Event
278,.,O
279,GPS,B-Event
279,Position,I-Event
279,Mismatch,E-Event
279,.,O
280,Downlink,B-Event
280,Lost,E-Event
280,.,O
281,Downlink,B-Event
281,Lost,E-Event
281,.,O
282,Taking,B-Event
282,Off,E-Event
282,.,O
283,Taking,B-Event
283,Off,E-Event
283,.,O
284,Home,B-Event
284,Point,I-Event
284,Recorded,E-Event
284,.,O
284,RTH,B-NonEvent
284,Altitude,I-NonEvent
284,:,I-NonEvent
284,30m,E-NonEvent
284,.,O
285,Landing,B-Event
285,gear,I-Event
285,lowered,E-Event
285,.,O
285,Obstacle,B-Event
285,Avoidance,I-Event
285,Disabled,E-Event
285,.,O
286,Current,B-Event
286,RTH,I-Event
286,route,I-Event
286,will,I-Event
286,pass,I-Event
286,a,I-Event
286,No-Fly,I-Event
286,zone,E-Event
286,.,O
286,Pay,B-NonEvent
286,attention,I-NonEvent
286,to,I-NonEvent
286,the,I-NonEvent
286,aircraft's,I-NonEvent
286,position,I-NonEvent
286,to,I-NonEvent
286,avoid,I-NonEvent
286,RTH,I-NonEvent
286,failure,E-NonEvent
286,.,O
287,Compass,B-Event
287,Error,E-Event
287,.,O
287,Exit,B-NonEvent
287,P-GPS,I-NonEvent
287,Mode,E-NonEvent
287,.,O
288,In,B-Event
288,Flight,E-Event
288,.,O
289,Max,B-Event
289,Flight,I-Event
289,Distance,I-Event
289,Reached,E-Event
289,.,O
289,Adjust,B-NonEvent
289,in,I-NonEvent
289,Main,I-NonEvent
289,Controller,I-NonEvent
289,Settings,I-NonEvent
289,if,I-NonEvent
289,necessary,E-NonEvent
289,.,O
290,The,B-NonEvent
290,remaining,I-NonEvent
290,battery,I-NonEvent
290,is,I-NonEvent
290,only,I-NonEvent
290,enough,I-NonEvent
290,for,I-NonEvent
290,RTH,E-NonEvent
290,.,O
290,Return,B-NonEvent
290,home,I-NonEvent
290,now,E-NonEvent
290,.,O
291,Low,B-Event
291,Power,E-Event
291,.,O
291,Aircraft,B-Event
291,is,I-Event
291,returning,I-Event
291,to,I-Event
291,the,I-Event
291,Home,I-Event
291,Point,E-Event
291,.,O
292,Fly,B-NonEvent
292,with,I-NonEvent
292,caution,I-NonEvent
292,and,I-NonEvent
292,ensure,I-NonEvent
292,the,I-NonEvent
292,aircraft,I-NonEvent
292,remains,I-NonEvent
292,within,I-NonEvent
292,your,I-NonEvent
292,line,I-NonEvent
292,of,I-NonEvent
292,sight,E-NonEvent
292,.,O
293,The,B-NonEvent
293,remaining,I-NonEvent
293,battery,I-NonEvent
293,is,I-NonEvent
293,only,I-NonEvent
293,enough,I-NonEvent
293,for,I-NonEvent
293,RTH,E-NonEvent
293,.,O
293,Return,B-NonEvent
293,home,I-NonEvent
293,now,E-NonEvent
293,.,O
294,Obstacle,B-Event
294,Avoidance,I-Event
294,will,I-Event
294,be,I-Event
294,disabled,I-Event
294,in,I-Event
294,landing,E-Event
294,.,O
295,Landing,B-Event
295,gear,I-Event
295,lowered,E-Event
295,.,O
295,Obstacle,B-Event
295,Avoidance,I-Event
295,Disabled,E-Event
295,.,O
296,Landing,B-Event
296,Protection,I-Event
296,Activated,E-Event
296,.,O
296,Aircraft,B-Event
296,will,I-Event
296,decelerate,I-Event
296,during,I-Event
296,landing,E-Event
296,.,O
297,Ground,B-NonEvent
297,Plain,E-NonEvent
297,.,O
297,Safe,B-NonEvent
297,to,I-NonEvent
297,Land,E-NonEvent
297,.,O
298,Taking,B-Event
298,Off,E-Event
298,.,O
299,Taking,B-Event
299,Off,E-Event
299,.,O
300,Home,B-Event
300,Point,I-Event
300,Recorded,E-Event
300,.,O
300,RTH,B-NonEvent
300,Altitude,I-NonEvent
300,:,I-NonEvent
300,30m,E-NonEvent
300,.,O
301,Landing,B-Event
301,gear,I-Event
301,lowered,E-Event
301,.,O
301,Obstacle,B-Event
301,Avoidance,I-Event
301,Disabled,E-Event
301,.,O
302,Max,B-Event
302,Flight,I-Event
302,Altitude,I-Event
302,Reached,E-Event
302,.,O
302,Adjust,B-NonEvent
302,in,I-NonEvent
302,Main,I-NonEvent
302,Controller,I-NonEvent
302,Settings,I-NonEvent
302,if,I-NonEvent
302,necessary,E-NonEvent
302,.,O
303,Subject,B-Event
303,too,I-Event
303,Small,E-Event
303,.,O
303,Get,B-NonEvent
303,Closer,I-NonEvent
303,and,I-NonEvent
303,retry,E-NonEvent
303,.,O
304,Max,B-Event
304,Flight,I-Event
304,Distance,I-Event
304,Reached,E-Event
304,.,O
304,Adjust,B-NonEvent
304,in,I-NonEvent
304,Main,I-NonEvent
304,Controller,I-NonEvent
304,Settings,I-NonEvent
304,if,I-NonEvent
304,necessary,E-NonEvent
304,.,O
305,Aircraft,B-Event
305,is,I-Event
305,returning,I-Event
305,to,I-Event
305,the,I-Event
305,Home,I-Event
305,Point,E-Event
305,.,O
305,Minimum,B-NonEvent
305,RTH,I-NonEvent
305,Altitude,I-NonEvent
305,is,I-NonEvent
305,30m,E-NonEvent
305,.,O
305,You,B-NonEvent
305,can,I-NonEvent
305,reset,I-NonEvent
305,the,I-NonEvent
305,RTH,I-NonEvent
305,Altitude,I-NonEvent
305,in,I-NonEvent
305,Remote,I-NonEvent
305,Controller,I-NonEvent
305,Settings,I-NonEvent
305,after,I-NonEvent
305,cancelling,I-NonEvent
305,RTH,E-NonEvent
305,.,O
306,Max,B-Event
306,Flight,I-Event
306,Altitude,I-Event
306,Reached,E-Event
306,.,O
306,Adjust,B-NonEvent
306,in,I-NonEvent
306,Main,I-NonEvent
306,Controller,I-NonEvent
306,Settings,I-NonEvent
306,if,I-NonEvent
306,necessary,E-NonEvent
306,.,O
307,Obstacle,B-Event
307,Avoidance,I-Event
307,will,I-Event
307,be,I-Event
307,disabled,I-Event
307,in,I-Event
307,landing,E-Event
307,.,O
308,Landing,B-Event
308,gear,I-Event
308,lowered,E-Event
308,.,O
308,Obstacle,B-Event
308,Avoidance,I-Event
308,Disabled,E-Event
308,.,O
309,Landing,B-Event
309,Protection,I-Event
309,Activated,E-Event
309,.,O
309,Aircraft,B-Event
309,will,I-Event
309,decelerate,I-Event
309,during,I-Event
309,landing,E-Event
309,.,O
310,Ground,B-NonEvent
310,Plain,E-NonEvent
310,.,O
310,Safe,B-NonEvent
310,to,I-NonEvent
310,Land,E-NonEvent
310,.,O
311,Taking,B-Event
311,Off,E-Event
311,.,O
312,Taking,B-Event
312,Off,E-Event
312,.,O
313,Home,B-Event
313,Point,I-Event
313,Recorded,E-Event
313,.,O
313,RTH,B-NonEvent
313,Altitude,I-NonEvent
313,:,I-NonEvent
313,30m,E-NonEvent
313,.,O
314,Landing,B-Event
314,gear,I-Event
314,lowered,E-Event
314,.,O
314,Obstacle,B-Event
314,Avoidance,I-Event
314,Disabled,E-Event
314,.,O
315,Aircraft,B-Event
315,close,I-Event
315,to,I-Event
315,Home,I-Event
315,Point,E-Event
315,.,O
315,go,B-NonEvent
315,home,I-NonEvent
315,shifts,I-NonEvent
315,to,I-NonEvent
315,landing,E-NonEvent
315,.,O
316,Obstacle,B-Event
316,Avoidance,I-Event
316,will,I-Event
316,be,I-Event
316,disabled,I-Event
316,in,I-Event
316,landing,E-Event
316,.,O
317,Landing,B-Event
317,gear,I-Event
317,lowered,E-Event
317,.,O
317,Obstacle,B-Event
317,Avoidance,I-Event
317,Disabled,E-Event
317,.,O
318,Landing,B-Event
318,Protection,I-Event
318,Activated,E-Event
318,.,O
318,Aircraft,B-Event
318,will,I-Event
318,decelerate,I-Event
318,during,I-Event
318,landing,E-Event
318,.,O
319,Landing,B-Event
319,Canceled,E-Event
319,.,O
320,Aircraft,B-Event
320,close,I-Event
320,to,I-Event
320,Home,I-Event
320,Point,E-Event
320,.,O
320,go,B-NonEvent
320,home,I-NonEvent
320,shifts,I-NonEvent
320,to,I-NonEvent
320,landing,E-NonEvent
320,.,O
321,Obstacle,B-Event
321,Avoidance,I-Event
321,will,I-Event
321,be,I-Event
321,disabled,I-Event
321,in,I-Event
321,landing,E-Event
321,.,O
322,Landing,B-Event
322,Protection,I-Event
322,Activated,E-Event
322,.,O
322,Aircraft,B-Event
322,will,I-Event
322,decelerate,I-Event
322,during,I-Event
322,landing,E-Event
322,.,O
323,Landing,B-Event
323,gear,I-Event
323,lowered,E-Event
323,.,O
323,Obstacle,B-Event
323,Avoidance,I-Event
323,Disabled,E-Event
323,.,O
324,Obstacle,B-Event
324,Avoidance,I-Event
324,will,I-Event
324,be,I-Event
324,disabled,I-Event
324,in,I-Event
324,landing,E-Event
324,.,O
325,Landing,E-Event
325,.,O
326,Landing,B-Event
326,Protection,I-Event
326,Activated,E-Event
326,.,O
326,Aircraft,B-Event
326,will,I-Event
326,decelerate,I-Event
326,during,I-Event
326,landing,E-Event
326,.,O
327,Landing,B-Event
327,gear,I-Event
327,lowered,E-Event
327,.,O
327,Obstacle,B-Event
327,Avoidance,I-Event
327,Disabled,E-Event
327,.,O
328,Ground,B-NonEvent
328,Plain,E-NonEvent
328,.,O
328,Safe,B-NonEvent
328,to,I-NonEvent
328,Land,E-NonEvent
328,.,O
329,Obstacle,B-Event
329,Avoidance,I-Event
329,disabled,E-Event
329,.,O
330,Landing,B-Event
330,gear,I-Event
330,lowered,E-Event
330,.,O
330,Obstacle,B-Event
330,Avoidance,I-Event
330,has,I-Event
330,been,I-Event
330,disabled,E-Event
330,.,O
331,Landing,B-Event
331,Gear,I-Event
331,Raising,E-Event
331,.,O
332,Landing,B-Event
332,Gear,I-Event
332,Raised,E-Event
332,.,O
333,Gimbal,B-Event
333,Pitch,I-Event
333,Limit,I-Event
333,Reached,E-Event
333,.,O
334,Gimbal,B-Event
334,Roll,I-Event
334,Limit,I-Event
334,Reached,E-Event
334,.,O
335,Gimbal,B-Event
335,Pitch,I-Event
335,Limit,I-Event
335,Reached,E-Event
335,.,O
336,Obstacle,B-Event
336,Sensing,I-Event
336,will,I-Event
336,be,I-Event
336,disabled,I-Event
336,when,I-Event
336,aircraft,I-Event
336,is,I-Event
336,landing,E-Event
336,.,O
336,Fly,B-NonEvent
336,with,I-NonEvent
336,caution,E-NonEvent
336,.,O
337,Landing,B-Event
337,Gear,I-Event
337,Lowering,E-Event
337,.,O
338,Obstacle,B-Event
338,Avoidance,I-Event
338,disabled,E-Event
338,.,O
339,Landing,B-Event
339,gear,I-Event
339,lowered,E-Event
339,.,O
339,Obstacle,B-Event
339,Avoidance,I-Event
339,has,I-Event
339,been,I-Event
339,disabled,E-Event
339,.,O
340,Landing,B-Event
340,Gear,I-Event
340,Lowered,E-Event
340,.,O
341,Data,B-Event
341,Recorder,I-Event
341,File,I-Event
341,Index,I-Event
341,is,I-Event
341,30,E-Event
341,.,O
342,Home,B-Event
342,Point,I-Event
342,Updated,E-Event
342,.,O
343,Obstacle,B-Event
343,Avoidance,I-Event
343,disabled,E-Event
343,.,O
343,Landing,B-Event
343,gear,I-Event
343,lowered,E-Event
343,.,O
343,Obstacle,B-Event
343,Avoidance,I-Event
343,has,I-Event
343,been,I-Event
343,disabled,E-Event
343,.,O
344,Landing,B-Event
344,Gear,I-Event
344,Raising,E-Event
344,.,O
345,Landing,B-Event
345,Gear,I-Event
345,Raised,E-Event
345,.,O
346,Gimbal,B-Event
346,Pitch,I-Event
346,Limit,I-Event
346,Reached,E-Event
346,.,O
347,GPS,B-Event
347,Position,I-Event
347,Mismatch,E-Event
347,.,O
348,GPS,B-Event
348,Position,I-Event
348,Mismatch,E-Event
348,.,O
349,GPS,B-Event
349,Position,I-Event
349,Mismatch,E-Event
349,.,O
350,GPS,B-Event
350,Position,I-Event
350,Mismatch,E-Event
350,.,O
351,GPS,B-Event
351,Position,I-Event
351,Mismatch,E-Event
351,.,O
352,GPS,B-Event
352,Position,I-Event
352,Mismatch,E-Event
352,.,O
353,GPS,B-Event
353,Position,I-Event
353,Mismatch,E-Event
353,.,O
354,GPS,B-Event
354,Position,I-Event
354,Mismatch,E-Event
354,.,O
355,GPS,B-Event
355,Position,I-Event
355,Mismatch,E-Event
355,.,O
356,GPS,B-Event
356,Position,I-Event
356,Mismatch,E-Event
356,.,O
357,GPS,B-Event
357,Position,I-Event
357,Mismatch,E-Event
357,.,O
358,GPS,B-Event
358,Position,I-Event
358,Mismatch,E-Event
358,.,O
359,GPS,B-Event
359,Position,I-Event
359,Mismatch,E-Event
359,.,O
360,GPS,B-Event
360,Position,I-Event
360,Mismatch,E-Event
360,.,O
361,GPS,B-Event
361,Position,I-Event
361,Mismatch,E-Event
361,.,O
362,GPS,B-Event
362,Position,I-Event
362,Mismatch,E-Event
362,.,O
363,GPS,B-Event
363,Position,I-Event
363,Mismatch,E-Event
363,.,O
364,GPS,B-Event
364,Position,I-Event
364,Mismatch,E-Event
364,.,O
365,GPS,B-Event
365,Position,I-Event
365,Mismatch,E-Event
365,.,O
366,GPS,B-Event
366,Position,I-Event
366,Mismatch,E-Event
366,.,O
367,GPS,B-Event
367,Position,I-Event
367,Mismatch,E-Event
367,.,O
368,GPS,B-Event
368,Position,I-Event
368,Mismatch,E-Event
368,.,O
369,GPS,B-Event
369,Position,I-Event
369,Mismatch,E-Event
369,.,O
370,GPS,B-Event
370,Position,I-Event
370,Mismatch,E-Event
370,.,O
371,GPS,B-Event
371,Position,I-Event
371,Mismatch,E-Event
371,.,O
372,GPS,B-Event
372,Position,I-Event
372,Mismatch,E-Event
372,.,O
373,GPS,B-Event
373,Position,I-Event
373,Mismatch,E-Event
373,.,O
374,GPS,B-Event
374,Position,I-Event
374,Mismatch,E-Event
374,.,O
375,GPS,B-Event
375,Position,I-Event
375,Mismatch,E-Event
375,.,O
376,GPS,B-Event
376,Position,I-Event
376,Mismatch,E-Event
376,.,O
377,GPS,B-Event
377,Position,I-Event
377,Mismatch,E-Event
377,.,O
378,GPS,B-Event
378,Position,I-Event
378,Mismatch,E-Event
378,.,O
379,GPS,B-Event
379,Position,I-Event
379,Mismatch,E-Event
379,.,O
380,GPS,B-Event
380,Position,I-Event
380,Mismatch,E-Event
380,.,O
381,GPS,B-Event
381,Position,I-Event
381,Mismatch,E-Event
381,.,O
382,GPS,B-Event
382,Position,I-Event
382,Mismatch,E-Event
382,.,O
383,GPS,B-Event
383,Position,I-Event
383,Mismatch,E-Event
383,.,O
384,GPS,B-Event
384,Position,I-Event
384,Mismatch,E-Event
384,.,O
385,GPS,B-Event
385,Position,I-Event
385,Mismatch,E-Event
385,.,O
386,GPS,B-Event
386,Position,I-Event
386,Mismatch,E-Event
386,.,O
387,GPS,B-Event
387,Position,I-Event
387,Mismatch,E-Event
387,.,O
388,GPS,B-Event
388,Position,I-Event
388,Mismatch,E-Event
388,.,O
389,GPS,B-Event
389,Position,I-Event
389,Mismatch,E-Event
389,.,O
390,GPS,B-Event
390,Position,I-Event
390,Mismatch,E-Event
390,.,O
391,GPS,B-Event
391,Position,I-Event
391,Mismatch,E-Event
391,.,O
392,GPS,B-Event
392,Position,I-Event
392,Mismatch,E-Event
392,.,O
393,GPS,B-Event
393,Position,I-Event
393,Mismatch,E-Event
393,.,O
394,GPS,B-Event
394,Position,I-Event
394,Mismatch,E-Event
394,.,O
395,GPS,B-Event
395,Position,I-Event
395,Mismatch,E-Event
395,.,O
396,GPS,B-Event
396,Position,I-Event
396,Mismatch,E-Event
396,.,O
397,GPS,B-Event
397,Position,I-Event
397,Mismatch,E-Event
397,.,O
398,GPS,B-Event
398,Position,I-Event
398,Mismatch,E-Event
398,.,O
399,GPS,B-Event
399,Position,I-Event
399,Mismatch,E-Event
399,.,O
400,GPS,B-Event
400,Position,I-Event
400,Mismatch,E-Event
400,.,O
401,GPS,B-Event
401,Position,I-Event
401,Mismatch,E-Event
401,.,O
402,GPS,B-Event
402,Position,I-Event
402,Mismatch,E-Event
402,.,O
403,GPS,B-Event
403,Position,I-Event
403,Mismatch,E-Event
403,.,O
404,GPS,B-Event
404,Position,I-Event
404,Mismatch,E-Event
404,.,O
405,GPS,B-Event
405,Position,I-Event
405,Mismatch,E-Event
405,.,O
406,GPS,B-Event
406,Position,I-Event
406,Mismatch,E-Event
406,.,O
407,GPS,B-Event
407,Position,I-Event
407,Mismatch,E-Event
407,.,O
408,GPS,B-Event
408,Position,I-Event
408,Mismatch,E-Event
408,.,O
409,GPS,B-Event
409,Position,I-Event
409,Mismatch,E-Event
409,.,O
410,GPS,B-Event
410,Position,I-Event
410,Mismatch,E-Event
410,.,O
411,GPS,B-Event
411,Position,I-Event
411,Mismatch,E-Event
411,.,O
412,GPS,B-Event
412,Position,I-Event
412,Mismatch,E-Event
412,.,O
413,GPS,B-Event
413,Position,I-Event
413,Mismatch,E-Event
413,.,O
414,GPS,B-Event
414,Position,I-Event
414,Mismatch,E-Event
414,.,O
415,GPS,B-Event
415,Position,I-Event
415,Mismatch,E-Event
415,.,O
416,GPS,B-Event
416,Position,I-Event
416,Mismatch,E-Event
416,.,O
417,GPS,B-Event
417,Position,I-Event
417,Mismatch,E-Event
417,.,O
418,GPS,B-Event
418,Position,I-Event
418,Mismatch,E-Event
418,.,O
419,GPS,B-Event
419,Position,I-Event
419,Mismatch,E-Event
419,.,O
420,GPS,B-Event
420,Position,I-Event
420,Mismatch,E-Event
420,.,O
421,GPS,B-Event
421,Position,I-Event
421,Mismatch,E-Event
421,.,O
422,GPS,B-Event
422,Position,I-Event
422,Mismatch,E-Event
422,.,O
423,GPS,B-Event
423,Position,I-Event
423,Mismatch,E-Event
423,.,O
424,GPS,B-Event
424,Position,I-Event
424,Mismatch,E-Event
424,.,O
425,GPS,B-Event
425,Position,I-Event
425,Mismatch,E-Event
425,.,O
426,GPS,B-Event
426,Position,I-Event
426,Mismatch,E-Event
426,.,O
427,GPS,B-Event
427,Position,I-Event
427,Mismatch,E-Event
427,.,O
428,GPS,B-Event
428,Position,I-Event
428,Mismatch,E-Event
428,.,O
429,GPS,B-Event
429,Position,I-Event
429,Mismatch,E-Event
429,.,O
430,GPS,B-Event
430,Position,I-Event
430,Mismatch,E-Event
430,.,O
431,GPS,B-Event
431,Position,I-Event
431,Mismatch,E-Event
431,.,O
432,GPS,B-Event
432,Position,I-Event
432,Mismatch,E-Event
432,.,O
433,GPS,B-Event
433,Position,I-Event
433,Mismatch,E-Event
433,.,O
434,GPS,B-Event
434,Position,I-Event
434,Mismatch,E-Event
434,.,O
435,GPS,B-Event
435,Position,I-Event
435,Mismatch,E-Event
435,.,O
436,GPS,B-Event
436,Position,I-Event
436,Mismatch,E-Event
436,.,O
437,GPS,B-Event
437,Position,I-Event
437,Mismatch,E-Event
437,.,O
438,GPS,B-Event
438,Position,I-Event
438,Mismatch,E-Event
438,.,O
439,GPS,B-Event
439,Position,I-Event
439,Mismatch,E-Event
439,.,O
440,GPS,B-Event
440,Position,I-Event
440,Mismatch,E-Event
440,.,O
441,GPS,B-Event
441,Position,I-Event
441,Mismatch,E-Event
441,.,O
442,GPS,B-Event
442,Position,I-Event
442,Mismatch,E-Event
442,.,O
443,GPS,B-Event
443,Position,I-Event
443,Mismatch,E-Event
443,.,O
444,GPS,B-Event
444,Position,I-Event
444,Mismatch,E-Event
444,.,O
445,GPS,B-Event
445,Position,I-Event
445,Mismatch,E-Event
445,.,O
446,GPS,B-Event
446,Position,I-Event
446,Mismatch,E-Event
446,.,O
447,GPS,B-Event
447,Position,I-Event
447,Mismatch,E-Event
447,.,O
448,GPS,B-Event
448,Position,I-Event
448,Mismatch,E-Event
448,.,O
449,GPS,B-Event
449,Position,I-Event
449,Mismatch,E-Event
449,.,O
450,GPS,B-Event
450,Position,I-Event
450,Mismatch,E-Event
450,.,O
451,GPS,B-Event
451,Position,I-Event
451,Mismatch,E-Event
451,.,O
452,GPS,B-Event
452,Position,I-Event
452,Mismatch,E-Event
452,.,O
453,GPS,B-Event
453,Position,I-Event
453,Mismatch,E-Event
453,.,O
454,GPS,B-Event
454,Position,I-Event
454,Mismatch,E-Event
454,.,O
455,GPS,B-Event
455,Position,I-Event
455,Mismatch,E-Event
455,.,O
456,GPS,B-Event
456,Position,I-Event
456,Mismatch,E-Event
456,.,O
457,GPS,B-Event
457,Position,I-Event
457,Mismatch,E-Event
457,.,O
458,GPS,B-Event
458,Position,I-Event
458,Mismatch,E-Event
458,.,O
459,GPS,B-Event
459,Position,I-Event
459,Mismatch,E-Event
459,.,O
460,GPS,B-Event
460,Position,I-Event
460,Mismatch,E-Event
460,.,O
461,GPS,B-Event
461,Position,I-Event
461,Mismatch,E-Event
461,.,O
462,GPS,B-Event
462,Position,I-Event
462,Mismatch,E-Event
462,.,O
463,GPS,B-Event
463,Position,I-Event
463,Mismatch,E-Event
463,.,O
464,GPS,B-Event
464,Position,I-Event
464,Mismatch,E-Event
464,.,O
465,GPS,B-Event
465,Position,I-Event
465,Mismatch,E-Event
465,.,O
466,GPS,B-Event
466,Position,I-Event
466,Mismatch,E-Event
466,.,O
467,GPS,B-Event
467,Position,I-Event
467,Mismatch,E-Event
467,.,O
468,GPS,B-Event
468,Position,I-Event
468,Mismatch,E-Event
468,.,O
469,GPS,B-Event
469,Position,I-Event
469,Mismatch,E-Event
469,.,O
470,GPS,B-Event
470,Position,I-Event
470,Mismatch,E-Event
470,.,O
471,GPS,B-Event
471,Position,I-Event
471,Mismatch,E-Event
471,.,O
472,GPS,B-Event
472,Position,I-Event
472,Mismatch,E-Event
472,.,O
473,GPS,B-Event
473,Position,I-Event
473,Mismatch,E-Event
473,.,O
474,GPS,B-Event
474,Position,I-Event
474,Mismatch,E-Event
474,.,O
475,GPS,B-Event
475,Position,I-Event
475,Mismatch,E-Event
475,.,O
476,GPS,B-Event
476,Position,I-Event
476,Mismatch,E-Event
476,.,O
477,GPS,B-Event
477,Position,I-Event
477,Mismatch,E-Event
477,.,O
478,GPS,B-Event
478,Position,I-Event
478,Mismatch,E-Event
478,.,O
479,GPS,B-Event
479,Position,I-Event
479,Mismatch,E-Event
479,.,O
480,GPS,B-Event
480,Position,I-Event
480,Mismatch,E-Event
480,.,O
481,GPS,B-Event
481,Position,I-Event
481,Mismatch,E-Event
481,.,O
482,GPS,B-Event
482,Position,I-Event
482,Mismatch,E-Event
482,.,O
483,GPS,B-Event
483,Position,I-Event
483,Mismatch,E-Event
483,.,O
484,GPS,B-Event
484,Position,I-Event
484,Mismatch,E-Event
484,.,O
485,GPS,B-Event
485,Position,I-Event
485,Mismatch,E-Event
485,.,O
486,GPS,B-Event
486,Position,I-Event
486,Mismatch,E-Event
486,.,O
487,GPS,B-Event
487,Position,I-Event
487,Mismatch,E-Event
487,.,O
488,GPS,B-Event
488,Position,I-Event
488,Mismatch,E-Event
488,.,O
489,GPS,B-Event
489,Position,I-Event
489,Mismatch,E-Event
489,.,O
490,GPS,B-Event
490,Position,I-Event
490,Mismatch,E-Event
490,.,O
491,GPS,B-Event
491,Position,I-Event
491,Mismatch,E-Event
491,.,O
492,GPS,B-Event
492,Position,I-Event
492,Mismatch,E-Event
492,.,O
493,GPS,B-Event
493,Position,I-Event
493,Mismatch,E-Event
493,.,O
494,GPS,B-Event
494,Position,I-Event
494,Mismatch,E-Event
494,.,O
495,GPS,B-Event
495,Position,I-Event
495,Mismatch,E-Event
495,.,O
496,GPS,B-Event
496,Position,I-Event
496,Mismatch,E-Event
496,.,O
497,GPS,B-Event
497,Position,I-Event
497,Mismatch,E-Event
497,.,O
498,GPS,B-Event
498,Position,I-Event
498,Mismatch,E-Event
498,.,O
499,GPS,B-Event
499,Position,I-Event
499,Mismatch,E-Event
499,.,O
500,GPS,B-Event
500,Position,I-Event
500,Mismatch,E-Event
500,.,O
501,GPS,B-Event
501,Position,I-Event
501,Mismatch,E-Event
501,.,O
502,GPS,B-Event
502,Position,I-Event
502,Mismatch,E-Event
502,.,O
503,GPS,B-Event
503,Position,I-Event
503,Mismatch,E-Event
503,.,O
504,GPS,B-Event
504,Position,I-Event
504,Mismatch,E-Event
504,.,O
505,GPS,B-Event
505,Position,I-Event
505,Mismatch,E-Event
505,.,O
506,GPS,B-Event
506,Position,I-Event
506,Mismatch,E-Event
506,.,O
507,GPS,B-Event
507,Position,I-Event
507,Mismatch,E-Event
507,.,O
508,GPS,B-Event
508,Position,I-Event
508,Mismatch,E-Event
508,.,O
509,GPS,B-Event
509,Position,I-Event
509,Mismatch,E-Event
509,.,O
510,GPS,B-Event
510,Position,I-Event
510,Mismatch,E-Event
510,.,O
511,GPS,B-Event
511,Position,I-Event
511,Mismatch,E-Event
511,.,O
512,GPS,B-Event
512,Position,I-Event
512,Mismatch,E-Event
512,.,O
513,GPS,B-Event
513,Position,I-Event
513,Mismatch,E-Event
513,.,O
514,GPS,B-Event
514,Position,I-Event
514,Mismatch,E-Event
514,.,O
515,GPS,B-Event
515,Position,I-Event
515,Mismatch,E-Event
515,.,O
516,GPS,B-Event
516,Position,I-Event
516,Mismatch,E-Event
516,.,O
517,GPS,B-Event
517,Position,I-Event
517,Mismatch,E-Event
517,.,O
518,GPS,B-Event
518,Position,I-Event
518,Mismatch,E-Event
518,.,O
519,GPS,B-Event
519,Position,I-Event
519,Mismatch,E-Event
519,.,O
520,GPS,B-Event
520,Position,I-Event
520,Mismatch,E-Event
520,.,O
521,GPS,B-Event
521,Position,I-Event
521,Mismatch,E-Event
521,.,O
522,GPS,B-Event
522,Position,I-Event
522,Mismatch,E-Event
522,.,O
523,GPS,B-Event
523,Position,I-Event
523,Mismatch,E-Event
523,.,O
524,GPS,B-Event
524,Position,I-Event
524,Mismatch,E-Event
524,.,O
525,GPS,B-Event
525,Position,I-Event
525,Mismatch,E-Event
525,.,O
526,GPS,B-Event
526,Position,I-Event
526,Mismatch,E-Event
526,.,O
527,GPS,B-Event
527,Position,I-Event
527,Mismatch,E-Event
527,.,O
528,GPS,B-Event
528,Position,I-Event
528,Mismatch,E-Event
528,.,O
529,GPS,B-Event
529,Position,I-Event
529,Mismatch,E-Event
529,.,O
530,GPS,B-Event
530,Position,I-Event
530,Mismatch,E-Event
530,.,O
531,GPS,B-Event
531,Position,I-Event
531,Mismatch,E-Event
531,.,O
532,GPS,B-Event
532,Position,I-Event
532,Mismatch,E-Event
532,.,O
533,GPS,B-Event
533,Position,I-Event
533,Mismatch,E-Event
533,.,O
534,GPS,B-Event
534,Position,I-Event
534,Mismatch,E-Event
534,.,O
535,Gimbal,B-Event
535,Roll,I-Event
535,Limit,I-Event
535,Reached,E-Event
535,.,O
536,Gimbal,B-Event
536,Pitch,I-Event
536,Limit,I-Event
536,Reached,E-Event
536,.,O
537,Gimbal,B-Event
537,Pitch,I-Event
537,Limit,I-Event
537,Reached,E-Event
537,.,O
538,Gimbal,B-Event
538,Pitch,I-Event
538,Limit,I-Event
538,Reached,E-Event
538,.,O
539,Obstacle,B-Event
539,Sensing,I-Event
539,will,I-Event
539,be,I-Event
539,disabled,I-Event
539,when,I-Event
539,aircraft,I-Event
539,is,I-Event
539,landing,E-Event
539,.,O
539,Fly,B-NonEvent
539,with,I-NonEvent
539,caution,E-NonEvent
539,.,O
540,Landing,B-Event
540,Gear,I-Event
540,Lowering,E-Event
540,.,O
541,Obstacle,B-Event
541,Avoidance,I-Event
541,disabled,E-Event
541,.,O
541,Landing,B-Event
541,gear,I-Event
541,lowered,E-Event
541,.,O
541,Obstacle,B-Event
541,Avoidance,I-Event
541,has,I-Event
541,been,I-Event
541,disabled,E-Event
541,.,O
542,Landing,B-Event
542,Gear,I-Event
542,Lowered,E-Event
542,.,O
543,Home,B-Event
543,Point,I-Event
543,Recorded,E-Event
543,.,O
543,RTH,B-NonEvent
543,Altitude,I-NonEvent
543,:,I-NonEvent
543,30m,E-NonEvent
543,.,O
544,Landing,B-Event
544,gear,I-Event
544,lowered,E-Event
544,.,O
544,Obstacle,B-Event
544,Avoidance,I-Event
544,Disabled,E-Event
544,.,O
545,Gimbal,B-Event
545,Pitch,I-Event
545,Reached,I-Event
545,Movement,I-Event
545,Limit,E-Event
545,.,O
546,Landing,B-Event
546,gear,I-Event
546,lowered,E-Event
546,.,O
546,Obstacle,B-Event
546,Avoidance,I-Event
546,Disabled,E-Event
546,.,O
547,Weak,B-Event
547,GPS,I-Event
547,signal,E-Event
547,.,O
547,Aircraft,B-NonEvent
547,is,I-NonEvent
547,in,I-NonEvent
547,Attitude,I-NonEvent
547,mode,I-NonEvent
547,and,I-NonEvent
547,hovering,I-NonEvent
547,may,I-NonEvent
547,be,I-NonEvent
547,unstable,E-NonEvent
547,.,O
547,Fly,B-NonEvent
547,with,I-NonEvent
547,caution,E-NonEvent
547,.,O
548,Gimbal,B-Event
548,Yaw,I-Event
548,Limit,I-Event
548,Reached,E-Event
548,.,O
549,Gimbal,B-Event
549,Pitch,I-Event
549,Limit,I-Event
549,Reached,E-Event
549,.,O
550,Gimbal,B-Event
550,Yaw,I-Event
550,Limit,I-Event
550,Reached,E-Event
550,.,O
551,Data,B-Event
551,Recorder,I-Event
551,File,I-Event
551,Index,I-Event
551,is,I-Event
551,13,E-Event
551,.,O
552,Data,B-Event
552,Recorder,I-Event
552,File,I-Event
552,Index,I-Event
552,is,I-Event
552,17,E-Event
552,.,O
553,Home,B-Event
553,Point,I-Event
553,Updated,E-Event
553,.,O
554,GPS,B-Event
554,Position,I-Event
554,Mismatch,E-Event
554,.,O
555,GPS,B-Event
555,Position,I-Event
555,Mismatch,E-Event
555,.,O
556,GPS,B-Event
556,Position,I-Event
556,Mismatch,E-Event
556,.,O
557,GPS,B-Event
557,Position,I-Event
557,Mismatch,E-Event
557,.,O
558,GPS,B-Event
558,Position,I-Event
558,Mismatch,E-Event
558,.,O
559,GPS,B-Event
559,Position,I-Event
559,Mismatch,E-Event
559,.,O
560,GPS,B-Event
560,Position,I-Event
560,Mismatch,E-Event
560,.,O
561,GPS,B-Event
561,Position,I-Event
561,Mismatch,E-Event
561,.,O
562,GPS,B-Event
562,Position,I-Event
562,Mismatch,E-Event
562,.,O
563,GPS,B-Event
563,Position,I-Event
563,Mismatch,E-Event
563,.,O
564,GPS,B-Event
564,Position,I-Event
564,Mismatch,E-Event
564,.,O
565,GPS,B-Event
565,Position,I-Event
565,Mismatch,E-Event
565,.,O
566,GPS,B-Event
566,Position,I-Event
566,Mismatch,E-Event
566,.,O
567,GPS,B-Event
567,Position,I-Event
567,Mismatch,E-Event
567,.,O
568,GPS,B-Event
568,Position,I-Event
568,Mismatch,E-Event
568,.,O
569,Cannot,B-Event
569,switch,I-Event
569,flight,I-Event
569,mode,E-Event
569,.,O
569,Turn,B-NonEvent
569,on,I-NonEvent
569,'Multiple,I-NonEvent
569,Flight,I-NonEvent
569,Modes',I-NonEvent
569,to,I-NonEvent
569,enable,I-NonEvent
569,Atti,I-NonEvent
569,and,I-NonEvent
569,Sport,I-NonEvent
569,Modes,E-NonEvent
569,.,O
570,Data,B-Event
570,Recorder,I-Event
570,File,I-Event
570,Index,I-Event
570,is,I-Event
570,18,E-Event
570,.,O
571,Home,B-Event
571,Point,I-Event
571,Updated,E-Event
571,.,O
572,Data,B-Event
572,Recorder,I-Event
572,File,I-Event
572,Index,I-Event
572,is,I-Event
572,18,E-Event
572,.,O
573,Home,B-Event
573,Point,I-Event
573,Updated,E-Event
573,.,O
574,Data,B-Event
574,Recorder,I-Event
574,File,I-Event
574,Index,I-Event
574,is,I-Event
574,19,E-Event
574,.,O
575,Data,B-Event
575,Recorder,I-Event
575,File,I-Event
575,Index,I-Event
575,is,I-Event
575,19,E-Event
575,.,O
576,Data,B-Event
576,Recorder,I-Event
576,File,I-Event
576,Index,I-Event
576,is,I-Event
576,19,E-Event
576,.,O
577,Home,B-Event
577,Point,I-Event
577,Updated,E-Event
577,.,O
578,Data,B-Event
578,Recorder,I-Event
578,File,I-Event
578,Index,I-Event
578,is,I-Event
578,19,E-Event
578,.,O
579,Home,B-Event
579,Point,I-Event
579,Updated,E-Event
579,.,O
580,Data,B-Event
580,Recorder,I-Event
580,File,I-Event
580,Index,I-Event
580,is,I-Event
580,19,E-Event
580,.,O
581,Data,B-Event
581,Recorder,I-Event
581,File,I-Event
581,Index,I-Event
581,is,I-Event
581,3,E-Event
581,.,O
582,Remote,B-Event
582,controller,I-Event
582,assisted,I-Event
582,takeoff,I-Event
582,initiated,E-Event
582,.,O
583,Data,B-Event
583,Recorder,I-Event
583,File,I-Event
583,Index,I-Event
583,is,I-Event
583,3,E-Event
583,.,O
584,Remote,B-Event
584,controller,I-Event
584,assisted,I-Event
584,takeoff,I-Event
584,initiated,E-Event
584,.,O
585,Data,B-Event
585,Recorder,I-Event
585,File,I-Event
585,Index,I-Event
585,is,I-Event
585,7,E-Event
585,.,O
586,Remote,B-Event
586,controller,I-Event
586,assisted,I-Event
586,takeoff,I-Event
586,initiated,E-Event
586,.,O
587,Home,B-Event
587,Point,I-Event
587,Updated,E-Event
587,.,O
588,Home,B-Event
588,Point,I-Event
588,recorded,E-Event
588,.,O
588,Return-to-Home,B-NonEvent
588,Altitude,I-NonEvent
588,:,I-NonEvent
588,98FT,E-NonEvent
588,.,O
589,Propulsion,B-Event
589,output,I-Event
589,has,I-Event
589,been,I-Event
589,limited,I-Event
589,to,I-Event
589,ensure,I-Event
589,battery,I-Event
589,health,E-Event
589,.,O
590,GPS,B-Event
590,Position,I-Event
590,Mismatch,E-Event
590,.,O
591,GPS,B-Event
591,Position,I-Event
591,Mismatch,E-Event
591,.,O
592,GPS,B-Event
592,Position,I-Event
592,Mismatch,E-Event
592,.,O
593,GPS,B-Event
593,Position,I-Event
593,Mismatch,E-Event
593,.,O
594,GPS,B-Event
594,Position,I-Event
594,Mismatch,E-Event
594,.,O
595,GPS,B-Event
595,Position,I-Event
595,Mismatch,E-Event
595,.,O
596,GPS,B-Event
596,Position,I-Event
596,Mismatch,E-Event
596,.,O
597,GPS,B-Event
597,Position,I-Event
597,Mismatch,E-Event
597,.,O
598,GPS,B-Event
598,Position,I-Event
598,Mismatch,E-Event
598,.,O
599,GPS,B-Event
599,Position,I-Event
599,Mismatch,E-Event
599,.,O
600,GPS,B-Event
600,Position,I-Event
600,Mismatch,E-Event
600,.,O
601,GPS,B-Event
601,Position,I-Event
601,Mismatch,E-Event
601,.,O
602,GPS,B-Event
602,Position,I-Event
602,Mismatch,E-Event
602,.,O
603,GPS,B-Event
603,Position,I-Event
603,Mismatch,E-Event
603,.,O
604,GPS,B-Event
604,Position,I-Event
604,Mismatch,E-Event
604,.,O
605,GPS,B-Event
605,Position,I-Event
605,Mismatch,E-Event
605,.,O
606,GPS,B-Event
606,Position,I-Event
606,Mismatch,E-Event
606,.,O
607,GPS,B-Event
607,Position,I-Event
607,Mismatch,E-Event
607,.,O
608,GPS,B-Event
608,Position,I-Event
608,Mismatch,E-Event
608,.,O
609,GPS,B-Event
609,Position,I-Event
609,Mismatch,E-Event
609,.,O
610,GPS,B-Event
610,Position,I-Event
610,Mismatch,E-Event
610,.,O
611,GPS,B-Event
611,Position,I-Event
611,Mismatch,E-Event
611,.,O
612,GPS,B-Event
612,Position,I-Event
612,Mismatch,E-Event
612,.,O
613,GPS,B-Event
613,Position,I-Event
613,Mismatch,E-Event
613,.,O
614,Obstacle,B-Event
614,Sensing,I-Event
614,will,I-Event
614,be,I-Event
614,disabled,I-Event
614,when,I-Event
614,aircraft,I-Event
614,is,I-Event
614,landing,E-Event
614,.,O
614,Fly,B-NonEvent
614,with,I-NonEvent
614,caution,E-NonEvent
614,.,O
615,Aircraft,B-NonEvent
615,is,I-NonEvent
615,close,I-NonEvent
615,to,I-NonEvent
615,the,I-NonEvent
615,Home,I-NonEvent
615,Point,E-NonEvent
615,.,O
615,Initiating,B-Event
615,Return,I-Event
615,to,I-Event
615,Home,I-Event
615,will,I-Event
615,now,I-Event
615,trigger,I-Event
615,Auto,I-Event
615,Landing,E-Event
615,.,O
616,Intelligent,B-Event
616,Flight,I-Event
616,Modes,I-Event
616,have,I-Event
616,not,I-Event
616,been,I-Event
616,enabled,E-Event
616,.,O
616,Enable,B-NonEvent
616,this,I-NonEvent
616,option,I-NonEvent
616,in,I-NonEvent
616,Main,I-NonEvent
616,Controller,I-NonEvent
616,Settings,I-NonEvent
616,if,I-NonEvent
616,needed,E-NonEvent
616,.,O
617,Intelligent,B-Event
617,Flight,I-Event
617,Modes,I-Event
617,have,I-Event
617,not,I-Event
617,been,I-Event
617,enabled,E-Event
617,.,O
617,Enable,B-NonEvent
617,this,I-NonEvent
617,option,I-NonEvent
617,in,I-NonEvent
617,Main,I-NonEvent
617,Controller,I-NonEvent
617,Settings,I-NonEvent
617,if,I-NonEvent
617,needed,E-NonEvent
617,.,O
618,Remote,B-Event
618,controller,I-Event
618,assisted,I-Event
618,takeoff,I-Event
618,initiated,E-Event
618,.,O
619,Remote,B-Event
619,controller,I-Event
619,assisted,I-Event
619,takeoff,I-Event
619,initiated,E-Event
619,.,O
620,Gimbal,B-Event
620,Yaw,I-Event
620,Limit,I-Event
620,Reached,E-Event
620,.,O
621,Gimbal,B-Event
621,Yaw,I-Event
621,Limit,I-Event
621,Reached,E-Event
621,.,O
622,Gimbal,B-Event
622,Yaw,I-Event
622,Limit,I-Event
622,Reached,E-Event
622,.,O
623,Home,B-Event
623,Point,I-Event
623,recorded,E-Event
623,.,O
623,Return-to-Home,B-NonEvent
623,Altitude,I-NonEvent
623,:,I-NonEvent
623,98FT,E-NonEvent
623,.,O
624,Remote,B-Event
624,controller,I-Event
624,assisted,I-Event
624,takeoff,I-Event
624,initiated,E-Event
624,.,O
625,Home,B-Event
625,Point,I-Event
625,recorded,E-Event
625,.,O
625,Return-to-Home,B-NonEvent
625,Altitude,I-NonEvent
625,:,I-NonEvent
625,98FT,E-NonEvent
625,.,O
626,Propulsion,B-Event
626,output,I-Event
626,has,I-Event
626,been,I-Event
626,limited,I-Event
626,to,I-Event
626,ensure,I-Event
626,battery,I-Event
626,health,E-Event
626,.,O
627,Aircraft,B-NonEvent
627,is,I-NonEvent
627,close,I-NonEvent
627,to,I-NonEvent
627,the,I-NonEvent
627,Home,I-NonEvent
627,Point,E-NonEvent
627,.,O
627,Initiating,B-Event
627,Return,I-Event
627,to,I-Event
627,Home,I-Event
627,will,I-Event
627,now,I-Event
627,trigger,I-Event
627,Auto,I-Event
627,Landing,E-Event
627,.,O
628,Obstacle,B-Event
628,Sensing,I-Event
628,will,I-Event
628,be,I-Event
628,disabled,I-Event
628,when,I-Event
628,aircraft,I-Event
628,is,I-Event
628,landing,E-Event
628,.,O
628,Fly,B-NonEvent
628,with,I-NonEvent
628,caution,E-NonEvent
628,.,O
629,Gimbal,B-Event
629,Pitch,I-Event
629,Limit,I-Event
629,Reached,E-Event
629,.,O
630,Aircraft,B-NonEvent
630,is,I-NonEvent
630,in,I-NonEvent
630,Attitude,I-NonEvent
630,mode,E-NonEvent
630,",",O
630,so,B-NonEvent
630,that,I-NonEvent
630,it,I-NonEvent
630,will,I-NonEvent
630,not,I-NonEvent
630,hover,E-NonEvent
630,.,O
630,Please,B-NonEvent
630,fly,I-NonEvent
630,with,I-NonEvent
630,caution,E-NonEvent
630,.,O
631,Taking,B-Event
631,Off,E-Event
631,.,O
632,Return-to-Home,B-NonEvent
632,Altitude,I-NonEvent
632,:,I-NonEvent
632,65FT,E-NonEvent
632,.,O
633,Cannot,B-Event
633,switch,I-Event
633,flight,I-Event
633,mode,E-Event
633,.,O
633,Turn,B-NonEvent
633,on,I-NonEvent
633,'Multiple,I-NonEvent
633,Flight,I-NonEvent
633,Modes',I-NonEvent
633,to,I-NonEvent
633,enable,I-NonEvent
633,Atti,I-NonEvent
633,and,I-NonEvent
633,Sport,I-NonEvent
633,Modes,E-NonEvent
633,.,O
634,Large,B-Event
634,Wind,I-Event
634,Velocity,E-Event
634,.,O
634,Fly,B-NonEvent
634,with,I-NonEvent
634,caution,E-NonEvent
634,.,O
635,Large,B-Event
635,Wind,I-Event
635,Velocity,E-Event
635,.,O
635,Fly,B-NonEvent
635,with,I-NonEvent
635,caution,E-NonEvent
635,.,O
636,Large,B-Event
636,Wind,I-Event
636,Velocity,E-Event
636,.,O
636,Fly,B-NonEvent
636,with,I-NonEvent
636,caution,E-NonEvent
636,.,O
637,Large,B-Event
637,Wind,I-Event
637,Velocity,E-Event
637,.,O
637,Fly,B-NonEvent
637,with,I-NonEvent
637,caution,E-NonEvent
637,.,O
638,Landing,E-Event
638,.,O
639,Data,B-Event
639,Recorder,I-Event
639,File,I-Event
639,Index,I-Event
639,is,I-Event
639,65,E-Event
639,.,O
640,Taking,B-Event
640,off,E-Event
640,.,O
641,RTH,B-NonEvent
641,Altitude,I-NonEvent
641,:,I-NonEvent
641,65FT,E-NonEvent
641,.,O
642,Home,B-Event
642,Point,I-Event
642,Updated,E-Event
642,.,O
643,Cannot,B-Event
643,switch,I-Event
643,flight,I-Event
643,mode,E-Event
643,.,O
643,Turn,B-NonEvent
643,on,I-NonEvent
643,'Multiple,I-NonEvent
643,Flight,I-NonEvent
643,Modes',I-NonEvent
643,to,I-NonEvent
643,enable,I-NonEvent
643,Atti,I-NonEvent
643,and,I-NonEvent
643,Sport,I-NonEvent
643,Modes,E-NonEvent
643,.,O
644,Cannot,B-Event
644,switch,I-Event
644,flight,I-Event
644,mode,E-Event
644,.,O
644,Turn,B-NonEvent
644,on,I-NonEvent
644,'Multiple,I-NonEvent
644,Flight,I-NonEvent
644,Modes',I-NonEvent
644,to,I-NonEvent
644,enable,I-NonEvent
644,Atti,I-NonEvent
644,and,I-NonEvent
644,Sport,I-NonEvent
644,Modes,E-NonEvent
644,.,O
645,GPS,B-Event
645,Position,I-Event
645,Mismatch,E-Event
645,.,O
646,GPS,B-Event
646,Position,I-Event
646,Mismatch,E-Event
646,.,O
647,GPS,B-Event
647,Position,I-Event
647,Mismatch,E-Event
647,.,O
648,GPS,B-Event
648,Position,I-Event
648,Mismatch,E-Event
648,.,O
649,GPS,B-Event
649,Position,I-Event
649,Mismatch,E-Event
649,.,O
650,GPS,B-Event
650,Position,I-Event
650,Mismatch,E-Event
650,.,O
651,GPS,B-Event
651,Position,I-Event
651,Mismatch,E-Event
651,.,O
652,GPS,B-Event
652,Position,I-Event
652,Mismatch,E-Event
652,.,O
653,GPS,B-Event
653,Position,I-Event
653,Mismatch,E-Event
653,.,O
654,GPS,B-Event
654,Position,I-Event
654,Mismatch,E-Event
654,.,O
655,GPS,B-Event
655,Position,I-Event
655,Mismatch,E-Event
655,.,O
656,GPS,B-Event
656,Position,I-Event
656,Mismatch,E-Event
656,.,O
657,GPS,B-Event
657,Position,I-Event
657,Mismatch,E-Event
657,.,O
658,GPS,B-Event
658,Position,I-Event
658,Mismatch,E-Event
658,.,O
659,Large,B-Event
659,Wind,I-Event
659,Velocity,E-Event
659,.,O
660,GPS,B-Event
660,Position,I-Event
660,Mismatch,E-Event
660,.,O
661,GPS,B-Event
661,Position,I-Event
661,Mismatch,E-Event
661,.,O
662,GPS,B-Event
662,Position,I-Event
662,Mismatch,E-Event
662,.,O
663,GPS,B-Event
663,Position,I-Event
663,Mismatch,E-Event
663,.,O
664,GPS,B-Event
664,Position,I-Event
664,Mismatch,E-Event
664,.,O
665,GPS,B-Event
665,Position,I-Event
665,Mismatch,E-Event
665,.,O
666,GPS,B-Event
666,Position,I-Event
666,Mismatch,E-Event
666,.,O
667,GPS,B-Event
667,Position,I-Event
667,Mismatch,E-Event
667,.,O
668,GPS,B-Event
668,Position,I-Event
668,Mismatch,E-Event
668,.,O
669,GPS,B-Event
669,Position,I-Event
669,Mismatch,E-Event
669,.,O
670,Large,B-Event
670,Wind,I-Event
670,Velocity,E-Event
670,.,O
671,Large,B-Event
671,Wind,I-Event
671,Velocity,E-Event
671,.,O
672,GPS,B-Event
672,Position,I-Event
672,Mismatch,E-Event
672,.,O
673,GPS,B-Event
673,Position,I-Event
673,Mismatch,E-Event
673,.,O
674,GPS,B-Event
674,Position,I-Event
674,Mismatch,E-Event
674,.,O
675,GPS,B-Event
675,Position,I-Event
675,Mismatch,E-Event
675,.,O
676,GPS,B-Event
676,Position,I-Event
676,Mismatch,E-Event
676,.,O
677,GPS,B-Event
677,Position,I-Event
677,Mismatch,E-Event
677,.,O
678,GPS,B-Event
678,Position,I-Event
678,Mismatch,E-Event
678,.,O
679,GPS,B-Event
679,Position,I-Event
679,Mismatch,E-Event
679,.,O
680,GPS,B-Event
680,Position,I-Event
680,Mismatch,E-Event
680,.,O
681,GPS,B-Event
681,Position,I-Event
681,Mismatch,E-Event
681,.,O
682,GPS,B-Event
682,Position,I-Event
682,Mismatch,E-Event
682,.,O
683,GPS,B-Event
683,Position,I-Event
683,Mismatch,E-Event
683,.,O
684,GPS,B-Event
684,Position,I-Event
684,Mismatch,E-Event
684,.,O
685,GPS,B-Event
685,Position,I-Event
685,Mismatch,E-Event
685,.,O
686,GPS,B-Event
686,Position,I-Event
686,Mismatch,E-Event
686,.,O
687,GPS,B-Event
687,Position,I-Event
687,Mismatch,E-Event
687,.,O
688,GPS,B-Event
688,Position,I-Event
688,Mismatch,E-Event
688,.,O
689,GPS,B-Event
689,Position,I-Event
689,Mismatch,E-Event
689,.,O
690,GPS,B-Event
690,Position,I-Event
690,Mismatch,E-Event
690,.,O
691,GPS,B-Event
691,Position,I-Event
691,Mismatch,E-Event
691,.,O
692,GPS,B-Event
692,Position,I-Event
692,Mismatch,E-Event
692,.,O
693,GPS,B-Event
693,Position,I-Event
693,Mismatch,E-Event
693,.,O
694,GPS,B-Event
694,Position,I-Event
694,Mismatch,E-Event
694,.,O
695,GPS,B-Event
695,Position,I-Event
695,Mismatch,E-Event
695,.,O
696,GPS,B-Event
696,Position,I-Event
696,Mismatch,E-Event
696,.,O
697,GPS,B-Event
697,Position,I-Event
697,Mismatch,E-Event
697,.,O
698,GPS,B-Event
698,Position,I-Event
698,Mismatch,E-Event
698,.,O
699,GPS,B-Event
699,Position,I-Event
699,Mismatch,E-Event
699,.,O
700,GPS,B-Event
700,Position,I-Event
700,Mismatch,E-Event
700,.,O
701,GPS,B-Event
701,Position,I-Event
701,Mismatch,E-Event
701,.,O
702,GPS,B-Event
702,Position,I-Event
702,Mismatch,E-Event
702,.,O
703,GPS,B-Event
703,Position,I-Event
703,Mismatch,E-Event
703,.,O
704,GPS,B-Event
704,Position,I-Event
704,Mismatch,E-Event
704,.,O
705,GPS,B-Event
705,Position,I-Event
705,Mismatch,E-Event
705,.,O
706,GPS,B-Event
706,Position,I-Event
706,Mismatch,E-Event
706,.,O
707,GPS,B-Event
707,Position,I-Event
707,Mismatch,E-Event
707,.,O
708,GPS,B-Event
708,Position,I-Event
708,Mismatch,E-Event
708,.,O
709,GPS,B-Event
709,Position,I-Event
709,Mismatch,E-Event
709,.,O
710,GPS,B-Event
710,Position,I-Event
710,Mismatch,E-Event
710,.,O
711,GPS,B-Event
711,Position,I-Event
711,Mismatch,E-Event
711,.,O
712,GPS,B-Event
712,Position,I-Event
712,Mismatch,E-Event
712,.,O
713,GPS,B-Event
713,Position,I-Event
713,Mismatch,E-Event
713,.,O
714,GPS,B-Event
714,Position,I-Event
714,Mismatch,E-Event
714,.,O
715,GPS,B-Event
715,Position,I-Event
715,Mismatch,E-Event
715,.,O
716,GPS,B-Event
716,Position,I-Event
716,Mismatch,E-Event
716,.,O
717,GPS,B-Event
717,Position,I-Event
717,Mismatch,E-Event
717,.,O
718,Large,B-Event
718,Wind,I-Event
718,Velocity,E-Event
718,.,O
719,Landing,E-Event
719,.,O
720,Fly,B-NonEvent
720,with,I-NonEvent
720,caution,I-NonEvent
720,and,I-NonEvent
720,ensure,I-NonEvent
720,the,I-NonEvent
720,aircraft,I-NonEvent
720,remains,I-NonEvent
720,within,I-NonEvent
720,your,I-NonEvent
720,line,I-NonEvent
720,of,I-NonEvent
720,sight,E-NonEvent
720,.,O
721,Fly,B-NonEvent
721,with,I-NonEvent
721,caution,I-NonEvent
721,and,I-NonEvent
721,ensure,I-NonEvent
721,the,I-NonEvent
721,aircraft,I-NonEvent
721,remains,I-NonEvent
721,within,I-NonEvent
721,your,I-NonEvent
721,line,I-NonEvent
721,of,I-NonEvent
721,sight,E-NonEvent
721,.,O
722,Fly,B-NonEvent
722,with,I-NonEvent
722,caution,I-NonEvent
722,and,I-NonEvent
722,ensure,I-NonEvent
722,the,I-NonEvent
722,aircraft,I-NonEvent
722,remains,I-NonEvent
722,within,I-NonEvent
722,your,I-NonEvent
722,line,I-NonEvent
722,of,I-NonEvent
722,sight,E-NonEvent
722,.,O
723,Fly,B-NonEvent
723,with,I-NonEvent
723,caution,I-NonEvent
723,and,I-NonEvent
723,ensure,I-NonEvent
723,the,I-NonEvent
723,aircraft,I-NonEvent
723,remains,I-NonEvent
723,within,I-NonEvent
723,your,I-NonEvent
723,line,I-NonEvent
723,of,I-NonEvent
723,sight,E-NonEvent
723,.,O
724,Fly,B-NonEvent
724,with,I-NonEvent
724,caution,I-NonEvent
724,and,I-NonEvent
724,ensure,I-NonEvent
724,the,I-NonEvent
724,aircraft,I-NonEvent
724,remains,I-NonEvent
724,within,I-NonEvent
724,your,I-NonEvent
724,line,I-NonEvent
724,of,I-NonEvent
724,sight,E-NonEvent
724,.,O
725,Landing,E-Event
725,.,O
726,Aircraft,B-NonEvent
726,is,I-NonEvent
726,in,I-NonEvent
726,Attitude,I-NonEvent
726,mode,E-NonEvent
726,",",O
726,so,B-NonEvent
726,that,I-NonEvent
726,it,I-NonEvent
726,will,I-NonEvent
726,not,I-NonEvent
726,hover,E-NonEvent
726,.,O
726,Please,B-NonEvent
726,fly,I-NonEvent
726,with,I-NonEvent
726,caution,E-NonEvent
726,.,O
727,Aircraft,B-NonEvent
727,is,I-NonEvent
727,in,I-NonEvent
727,Attitude,I-NonEvent
727,mode,E-NonEvent
727,",",O
727,so,B-NonEvent
727,that,I-NonEvent
727,it,I-NonEvent
727,will,I-NonEvent
727,not,I-NonEvent
727,hover,E-NonEvent
727,.,O
727,Please,B-NonEvent
727,fly,I-NonEvent
727,with,I-NonEvent
727,caution,E-NonEvent
727,.,O
728,Aircraft,B-NonEvent
728,is,I-NonEvent
728,in,I-NonEvent
728,Attitude,I-NonEvent
728,mode,E-NonEvent
728,",",O
728,so,B-NonEvent
728,that,I-NonEvent
728,it,I-NonEvent
728,will,I-NonEvent
728,not,I-NonEvent
728,hover,E-NonEvent
728,.,O
728,Please,B-NonEvent
728,fly,I-NonEvent
728,with,I-NonEvent
728,caution,E-NonEvent
728,.,O
729,Mobile,B-Event
729,device,I-Event
729,version,I-Event
729,too,I-Event
729,old,I-Event
729,to,I-Event
729,support,I-Event
729,HD,I-Event
729,image,I-Event
729,transmission,I-Event
729,and,I-Event
729,the,I-Event
729,image,I-Event
729,transmission,I-Event
729,mode,I-Event
729,has,I-Event
729,been,I-Event
729,switch,I-Event
729,to,I-Event
729,normal,I-Event
729,mode,E-Event
729,.,O
730,Home,B-Event
730,Point,I-Event
730,recorded,E-Event
730,.,O
730,Return-to-Home,B-NonEvent
730,Altitude,I-NonEvent
730,:,I-NonEvent
730,98FT,E-NonEvent
730,.,O
731,Strong,B-Event
731,Remote,I-Event
731,Controller,I-Event
731,Interference,E-Event
731,.,O
732,Braking,B-NonEvent
732,now,E-NonEvent
732,.,O
732,Return,B-NonEvent
732,sticks,I-NonEvent
732,to,I-NonEvent
732,midpoints,I-NonEvent
732,",",O
732,then,B-NonEvent
732,continue,I-NonEvent
732,flying,E-NonEvent
732,.,O
733,Strong,B-Event
733,Remote,I-Event
733,Controller,I-Event
733,Interference,E-Event
733,.,O
734,Strong,B-Event
734,Remote,I-Event
734,Controller,I-Event
734,Interference,E-Event
734,.,O
735,Strong,B-Event
735,Remote,I-Event
735,Controller,I-Event
735,Interference,E-Event
735,.,O
736,Home,B-Event
736,Point,I-Event
736,recorded,E-Event
736,.,O
736,Return-to-Home,B-NonEvent
736,Altitude,I-NonEvent
736,:,I-NonEvent
736,98FT,E-NonEvent
736,.,O
737,Weak,B-Event
737,signal,E-Event
737,.,O
737,Avoid,B-NonEvent
737,blocking,I-NonEvent
737,the,I-NonEvent
737,antennas,I-NonEvent
737,and,I-NonEvent
737,keep,I-NonEvent
737,the,I-NonEvent
737,antennas,I-NonEvent
737,parallel,I-NonEvent
737,to,I-NonEvent
737,and,I-NonEvent
737,facing,I-NonEvent
737,toward,I-NonEvent
737,the,I-NonEvent
737,aircraft,I-NonEvent
737,during,I-NonEvent
737,flight,E-NonEvent
737,.,O
738,Weak,B-Event
738,signal,E-Event
738,.,O
738,Avoid,B-NonEvent
738,blocking,I-NonEvent
738,the,I-NonEvent
738,antennas,I-NonEvent
738,and,I-NonEvent
738,keep,I-NonEvent
738,the,I-NonEvent
738,antennas,I-NonEvent
738,parallel,I-NonEvent
738,to,I-NonEvent
738,and,I-NonEvent
738,facing,I-NonEvent
738,toward,I-NonEvent
738,the,I-NonEvent
738,aircraft,I-NonEvent
738,during,I-NonEvent
738,flight,E-NonEvent
738,.,O
739,Strong,B-Event
739,Remote,I-Event
739,Controller,I-Event
739,Interference,E-Event
739,.,O
740,Data,B-Event
740,Recorder,I-Event
740,File,I-Event
740,Index,I-Event
740,is,I-Event
740,12,E-Event
740,.,O
741,Home,B-Event
741,Point,I-Event
741,Updated,E-Event
741,.,O
742,Home,B-Event
742,Point,I-Event
742,recorded,E-Event
742,.,O
742,Return-to-Home,B-NonEvent
742,Altitude,I-NonEvent
742,:,I-NonEvent
742,98FT,E-NonEvent
742,.,O
743,Strong,B-Event
743,Remote,I-Event
743,Controller,I-Event
743,Interference,E-Event
743,.,O
744,Braking,B-NonEvent
744,now,E-NonEvent
744,.,O
744,Return,B-NonEvent
744,sticks,I-NonEvent
744,to,I-NonEvent
744,midpoints,I-NonEvent
744,",",O
744,then,B-NonEvent
744,continue,I-NonEvent
744,flying,E-NonEvent
744,.,O
745,Strong,B-Event
745,Remote,I-Event
745,Controller,I-Event
745,Interference,E-Event
745,.,O
746,Strong,B-Event
746,Remote,I-Event
746,Controller,I-Event
746,Interference,E-Event
746,.,O
747,Strong,B-Event
747,Remote,I-Event
747,Controller,I-Event
747,Interference,E-Event
747,.,O
748,Data,B-Event
748,Recorder,I-Event
748,File,I-Event
748,Index,I-Event
748,is,I-Event
748,12,E-Event
748,.,O
749,Home,B-Event
749,Point,I-Event
749,Updated,E-Event
749,.,O
750,Home,B-Event
750,Point,I-Event
750,recorded,E-Event
750,.,O
750,Return-to-Home,B-NonEvent
750,Altitude,I-NonEvent
750,:,I-NonEvent
750,98FT,E-NonEvent
750,.,O
751,Weak,B-Event
751,signal,E-Event
751,.,O
751,Avoid,B-NonEvent
751,blocking,I-NonEvent
751,the,I-NonEvent
751,antennas,I-NonEvent
751,and,I-NonEvent
751,keep,I-NonEvent
751,the,I-NonEvent
751,antennas,I-NonEvent
751,parallel,I-NonEvent
751,to,I-NonEvent
751,and,I-NonEvent
751,facing,I-NonEvent
751,toward,I-NonEvent
751,the,I-NonEvent
751,aircraft,I-NonEvent
751,during,I-NonEvent
751,flight,E-NonEvent
751,.,O
752,Weak,B-Event
752,signal,E-Event
752,.,O
752,Avoid,B-NonEvent
752,blocking,I-NonEvent
752,the,I-NonEvent
752,antennas,I-NonEvent
752,and,I-NonEvent
752,keep,I-NonEvent
752,the,I-NonEvent
752,antennas,I-NonEvent
752,parallel,I-NonEvent
752,to,I-NonEvent
752,and,I-NonEvent
752,facing,I-NonEvent
752,toward,I-NonEvent
752,the,I-NonEvent
752,aircraft,I-NonEvent
752,during,I-NonEvent
752,flight,E-NonEvent
752,.,O
753,Strong,B-Event
753,Remote,I-Event
753,Controller,I-Event
753,Interference,E-Event
753,.,O
754,Home,B-Event
754,Point,I-Event
754,Recorded,E-Event
754,.,O
754,RTH,B-NonEvent
754,Altitude,I-NonEvent
754,:,I-NonEvent
754,30m,E-NonEvent
754,.,O
755,Tap,B-NonEvent
755,the,I-NonEvent
755,screen,I-NonEvent
755,lightly,I-NonEvent
755,to,I-NonEvent
755,focus,E-NonEvent
755,.,O
756,Mobile,B-Event
756,device,I-Event
756,CPU,I-Event
756,fully,I-Event
756,loaded,E-Event
756,.,O
756,Related,B-Event
756,performance,I-Event
756,will,I-Event
756,be,I-Event
756,affected,E-Event
756,.,O
757,Obstacle,B-Event
757,Avoided,E-Event
757,.,O
757,Revise,B-Event
757,Flight,I-Event
757,Route,E-Event
757,.,O
758,Attitude,B-Event
758,is,I-Event
758,too,I-Event
758,large,E-Event
758,.,O
759,Aircraft,B-NonEvent
759,is,I-NonEvent
759,in,I-NonEvent
759,Attitude,I-NonEvent
759,mode,E-NonEvent
759,",",O
759,so,B-NonEvent
759,that,I-NonEvent
759,it,I-NonEvent
759,will,I-NonEvent
759,not,I-NonEvent
759,hover,E-NonEvent
759,.,O
759,Please,B-NonEvent
759,fly,I-NonEvent
759,with,I-NonEvent
759,caution,E-NonEvent
759,.,O
760,Home,B-Event
760,Point,I-Event
760,Recorded,E-Event
760,.,O
761,Taking,B-Event
761,Off,E-Event
761,.,O
762,Return-to-Home,B-NonEvent
762,Altitude,I-NonEvent
762,:,I-NonEvent
762,65FT,E-NonEvent
762,.,O
763,Home,B-Event
763,Point,I-Event
763,Recorded,E-Event
763,.,O
764,Large,B-Event
764,Wind,I-Event
764,Velocity,E-Event
764,.,O
764,Fly,B-NonEvent
764,with,I-NonEvent
764,caution,E-NonEvent
764,.,O
765,Landing,E-Event
765,.,O
766,Weak,B-Event
766,GPS,I-Event
766,signal,E-Event
766,.,O
766,Aircraft,B-NonEvent
766,is,I-NonEvent
766,in,I-NonEvent
766,Attitude,I-NonEvent
766,mode,I-NonEvent
766,and,I-NonEvent
766,hovering,I-NonEvent
766,may,I-NonEvent
766,be,I-NonEvent
766,unstable,E-NonEvent
766,.,O
766,Fly,B-NonEvent
766,with,I-NonEvent
766,caution,E-NonEvent
766,.,O
767,Tap,B-NonEvent
767,the,I-NonEvent
767,screen,I-NonEvent
767,to,I-NonEvent
767,focus,E-NonEvent
767,.,O
768,Obstacle,B-Event
768,Sensing,I-Event
768,will,I-Event
768,be,I-Event
768,disabled,I-Event
768,when,I-Event
768,aircraft,I-Event
768,is,I-Event
768,landing,E-Event
768,.,O
768,Fly,B-NonEvent
768,with,I-NonEvent
768,caution,E-NonEvent
768,.,O
769,SD,B-Event
769,card,I-Event
769,write,I-Event
769,speed,I-Event
769,is,I-Event
769,too,I-Event
769,slow,E-Event
769,.,O
769,Not,B-NonEvent
769,suitable,I-NonEvent
769,for,I-NonEvent
769,shooting,I-NonEvent
769,a,I-NonEvent
769,4K,I-NonEvent
769,video,E-NonEvent
769,.,O
770,Maximum,B-Event
770,flight,I-Event
770,distance,I-Event
770,reached,E-Event
770,.,O
770,Adjust,B-NonEvent
770,the,I-NonEvent
770,distance,I-NonEvent
770,in,I-NonEvent
770,MC,I-NonEvent
770,Settings,I-NonEvent
770,if,I-NonEvent
770,required,E-NonEvent
770,.,O
771,Weak,B-Event
771,signal,E-Event
771,.,O
771,Avoid,B-NonEvent
771,blocking,I-NonEvent
771,the,I-NonEvent
771,antennas,I-NonEvent
771,and,I-NonEvent
771,keep,I-NonEvent
771,the,I-NonEvent
771,antennas,I-NonEvent
771,parallel,I-NonEvent
771,to,I-NonEvent
771,and,I-NonEvent
771,facing,I-NonEvent
771,toward,I-NonEvent
771,the,I-NonEvent
771,aircraft,I-NonEvent
771,during,I-NonEvent
771,flight,E-NonEvent
771,.,O
772,High,B-Event
772,wind,I-Event
772,velocity,E-Event
772,.,O
772,Ensure,B-NonEvent
772,the,I-NonEvent
772,aircraft,I-NonEvent
772,remains,I-NonEvent
772,within,I-NonEvent
772,your,I-NonEvent
772,line,I-NonEvent
772,of,I-NonEvent
772,sight,I-NonEvent
772,and,I-NonEvent
772,fly,I-NonEvent
772,with,I-NonEvent
772,caution,E-NonEvent
772,.,O
773,Maximum,B-Event
773,flight,I-Event
773,distance,I-Event
773,reached,E-Event
773,.,O
773,Adjust,B-NonEvent
773,the,I-NonEvent
773,distance,I-NonEvent
773,in,I-NonEvent
773,MC,I-NonEvent
773,Settings,I-NonEvent
773,if,I-NonEvent
773,required,E-NonEvent
773,.,O
774,Obstacle,B-Event
774,Sensing,I-Event
774,will,I-Event
774,be,I-Event
774,disabled,I-Event
774,when,I-Event
774,aircraft,I-Event
774,is,I-Event
774,landing,E-Event
774,.,O
774,Fly,B-NonEvent
774,with,I-NonEvent
774,caution,E-NonEvent
774,.,O
775,Backward,B-Event
775,Obstacle,I-Event
775,Sensing,I-Event
775,is,I-Event
775,not,I-Event
775,functioning,E-Event
775,.,O
776,Sensing,B-Event
776,system,I-Event
776,is,I-Event
776,blocked,I-Event
776,or,I-Event
776,too,I-Event
776,close,I-Event
776,to,I-Event
776,the,I-Event
776,obstacle,E-Event
776,.,O
777,Weak,B-Event
777,GPS,I-Event
777,signal,E-Event
777,.,O
777,Aircraft,B-NonEvent
777,is,I-NonEvent
777,in,I-NonEvent
777,Attitude,I-NonEvent
777,mode,I-NonEvent
777,and,I-NonEvent
777,hovering,I-NonEvent
777,may,I-NonEvent
777,be,I-NonEvent
777,unstable,E-NonEvent
777,.,O
777,Fly,B-NonEvent
777,with,I-NonEvent
777,caution,E-NonEvent
777,.,O
778,Mobile,B-Event
778,device,I-Event
778,version,I-Event
778,too,I-Event
778,old,I-Event
778,to,I-Event
778,support,I-Event
778,HD,I-Event
778,image,I-Event
778,transmission,I-Event
778,and,I-Event
778,the,I-Event
778,image,I-Event
778,transmission,I-Event
778,mode,I-Event
778,has,I-Event
778,been,I-Event
778,switch,I-Event
778,to,I-Event
778,normal,I-Event
778,mode,E-Event
778,.,O
779,Home,B-Event
779,Point,I-Event
779,recorded,E-Event
779,.,O
779,Return-to-Home,B-NonEvent
779,Altitude,I-NonEvent
779,:,I-NonEvent
779,98FT,E-NonEvent
779,.,O
780,Weak,B-Event
780,signal,E-Event
780,.,O
780,Avoid,B-NonEvent
780,blocking,I-NonEvent
780,the,I-NonEvent
780,antennas,I-NonEvent
780,and,I-NonEvent
780,keep,I-NonEvent
780,the,I-NonEvent
780,antennas,I-NonEvent
780,parallel,I-NonEvent
780,to,I-NonEvent
780,and,I-NonEvent
780,facing,I-NonEvent
780,toward,I-NonEvent
780,the,I-NonEvent
780,aircraft,I-NonEvent
780,during,I-NonEvent
780,flight,E-NonEvent
780,.,O
781,Intelligent,B-Event
781,Flight,I-Event
781,Modes,I-Event
781,have,I-Event
781,not,I-Event
781,been,I-Event
781,enabled,E-Event
781,.,O
781,Enable,B-NonEvent
781,this,I-NonEvent
781,option,I-NonEvent
781,in,I-NonEvent
781,Main,I-NonEvent
781,Controller,I-NonEvent
781,Settings,I-NonEvent
781,if,I-NonEvent
781,needed,E-NonEvent
781,.,O
782,Maximum,B-Event
782,flight,I-Event
782,distance,I-Event
782,reached,E-Event
782,.,O
782,Adjust,B-NonEvent
782,the,I-NonEvent
782,distance,I-NonEvent
782,in,I-NonEvent
782,MC,I-NonEvent
782,Settings,I-NonEvent
782,if,I-NonEvent
782,required,E-NonEvent
782,.,O
783,To,B-NonEvent
783,take,I-NonEvent
783,off,I-NonEvent
783,in,I-NonEvent
783,non-P,I-NonEvent
783,mode,E-NonEvent
783,",",O
783,toggle,B-NonEvent
783,Flight,I-NonEvent
783,Mode,I-NonEvent
783,Switch,I-NonEvent
783,to,I-NonEvent
783,another,I-NonEvent
783,mode,I-NonEvent
783,and,I-NonEvent
783,then,I-NonEvent
783,toggle,I-NonEvent
783,it,I-NonEvent
783,back,E-NonEvent
783,.,O
784,Switched,B-Event
784,to,I-Event
784,P,I-Event
784,(Positioning)-mode,E-Event
784,.,O
785,Switched,B-Event
785,to,I-Event
785,T,I-Event
785,(Tripod)-mode,E-Event
785,.,O
786,Switched,B-Event
786,to,I-Event
786,P,I-Event
786,(Positioning)-mode,E-Event
786,.,O
787,Switched,B-Event
787,to,I-Event
787,S,E-Event
787,(Sport)-mode,E-Event
787,.,O
788,Weak,B-Event
788,signal,E-Event
788,.,O
788,Avoid,B-NonEvent
788,blocking,I-NonEvent
788,the,I-NonEvent
788,antennas,I-NonEvent
788,and,I-NonEvent
788,keep,I-NonEvent
788,the,I-NonEvent
788,antennas,I-NonEvent
788,parallel,I-NonEvent
788,to,I-NonEvent
788,and,I-NonEvent
788,facing,I-NonEvent
788,toward,I-NonEvent
788,the,I-NonEvent
788,aircraft,I-NonEvent
788,during,I-NonEvent
788,flight,E-NonEvent
788,.,O
789,Data,B-Event
789,Recorder,I-Event
789,File,I-Event
789,Index,I-Event
789,is,I-Event
789,46,E-Event
789,.,O
790,RTH,B-NonEvent
790,Altitude,I-NonEvent
790,:,I-NonEvent
790,65FT,E-NonEvent
790,.,O
791,Taking,B-Event
791,off,E-Event
791,.,O
792,Home,B-Event
792,Point,I-Event
792,Recorded,E-Event
792,.,O
793,Home,B-Event
793,Point,I-Event
793,Updated,E-Event
793,.,O
794,GPS,B-Event
794,Position,I-Event
794,Mismatch,E-Event
794,.,O
795,GPS,B-Event
795,Position,I-Event
795,Mismatch,E-Event
795,.,O
796,GPS,B-Event
796,Position,I-Event
796,Mismatch,E-Event
796,.,O
797,GPS,B-Event
797,Position,I-Event
797,Mismatch,E-Event
797,.,O
798,GPS,B-Event
798,Position,I-Event
798,Mismatch,E-Event
798,.,O
799,GPS,B-Event
799,Position,I-Event
799,Mismatch,E-Event
799,.,O
800,GPS,B-Event
800,Position,I-Event
800,Mismatch,E-Event
800,.,O
801,GPS,B-Event
801,Position,I-Event
801,Mismatch,E-Event
801,.,O
802,GPS,B-Event
802,Position,I-Event
802,Mismatch,E-Event
802,.,O
803,GPS,B-Event
803,Position,I-Event
803,Mismatch,E-Event
803,.,O
804,GPS,B-Event
804,Position,I-Event
804,Mismatch,E-Event
804,.,O
805,GPS,B-Event
805,Position,I-Event
805,Mismatch,E-Event
805,.,O
806,GPS,B-Event
806,Position,I-Event
806,Mismatch,E-Event
806,.,O
807,GPS,B-Event
807,Position,I-Event
807,Mismatch,E-Event
807,.,O
808,GPS,B-Event
808,Position,I-Event
808,Mismatch,E-Event
808,.,O
809,GPS,B-Event
809,Position,I-Event
809,Mismatch,E-Event
809,.,O
810,Large,B-Event
810,Wind,I-Event
810,Velocity,E-Event
810,.,O
811,GPS,B-Event
811,Position,I-Event
811,Mismatch,E-Event
811,.,O
812,GPS,B-Event
812,Position,I-Event
812,Mismatch,E-Event
812,.,O
813,GPS,B-Event
813,Position,I-Event
813,Mismatch,E-Event
813,.,O
814,GPS,B-Event
814,Position,I-Event
814,Mismatch,E-Event
814,.,O
815,GPS,B-Event
815,Position,I-Event
815,Mismatch,E-Event
815,.,O
816,GPS,B-Event
816,Position,I-Event
816,Mismatch,E-Event
816,.,O
817,GPS,B-Event
817,Position,I-Event
817,Mismatch,E-Event
817,.,O
818,GPS,B-Event
818,Position,I-Event
818,Mismatch,E-Event
818,.,O
819,GPS,B-Event
819,Position,I-Event
819,Mismatch,E-Event
819,.,O
820,GPS,B-Event
820,Position,I-Event
820,Mismatch,E-Event
820,.,O
821,GPS,B-Event
821,Position,I-Event
821,Mismatch,E-Event
821,.,O
822,GPS,B-Event
822,Position,I-Event
822,Mismatch,E-Event
822,.,O
823,GPS,B-Event
823,Position,I-Event
823,Mismatch,E-Event
823,.,O
824,GPS,B-Event
824,Position,I-Event
824,Mismatch,E-Event
824,.,O
825,GPS,B-Event
825,Position,I-Event
825,Mismatch,E-Event
825,.,O
826,GPS,B-Event
826,Position,I-Event
826,Mismatch,E-Event
826,.,O
827,GPS,B-Event
827,Position,I-Event
827,Mismatch,E-Event
827,.,O
828,GPS,B-Event
828,Position,I-Event
828,Mismatch,E-Event
828,.,O
829,GPS,B-Event
829,Position,I-Event
829,Mismatch,E-Event
829,.,O
830,GPS,B-Event
830,Position,I-Event
830,Mismatch,E-Event
830,.,O
831,GPS,B-Event
831,Position,I-Event
831,Mismatch,E-Event
831,.,O
832,GPS,B-Event
832,Position,I-Event
832,Mismatch,E-Event
832,.,O
833,GPS,B-Event
833,Position,I-Event
833,Mismatch,E-Event
833,.,O
834,GPS,B-Event
834,Position,I-Event
834,Mismatch,E-Event
834,.,O
835,GPS,B-Event
835,Position,I-Event
835,Mismatch,E-Event
835,.,O
836,GPS,B-Event
836,Position,I-Event
836,Mismatch,E-Event
836,.,O
837,GPS,B-Event
837,Position,I-Event
837,Mismatch,E-Event
837,.,O
838,GPS,B-Event
838,Position,I-Event
838,Mismatch,E-Event
838,.,O
839,GPS,B-Event
839,Position,I-Event
839,Mismatch,E-Event
839,.,O
840,GPS,B-Event
840,Position,I-Event
840,Mismatch,E-Event
840,.,O
841,GPS,B-Event
841,Position,I-Event
841,Mismatch,E-Event
841,.,O
842,GPS,B-Event
842,Position,I-Event
842,Mismatch,E-Event
842,.,O
843,GPS,B-Event
843,Position,I-Event
843,Mismatch,E-Event
843,.,O
844,GPS,B-Event
844,Position,I-Event
844,Mismatch,E-Event
844,.,O
845,GPS,B-Event
845,Position,I-Event
845,Mismatch,E-Event
845,.,O
846,Landing,E-Event
846,.,O
847,Data,B-Event
847,Recorder,I-Event
847,File,I-Event
847,Index,I-Event
847,is,I-Event
847,57,E-Event
847,.,O
848,Home,B-Event
848,Point,I-Event
848,Updated,E-Event
848,.,O
849,Obstacle,B-Event
849,Sensing,I-Event
849,will,I-Event
849,be,I-Event
849,disabled,I-Event
849,when,I-Event
849,aircraft,I-Event
849,is,I-Event
849,landing,E-Event
849,.,O
849,Fly,B-NonEvent
849,with,I-NonEvent
849,caution,E-NonEvent
849,.,O
850,Maximum,B-Event
850,flight,I-Event
850,distance,I-Event
850,reached,E-Event
850,.,O
850,Adjust,B-NonEvent
850,the,I-NonEvent
850,distance,I-NonEvent
850,in,I-NonEvent
850,MC,I-NonEvent
850,Settings,I-NonEvent
850,if,I-NonEvent
850,required,E-NonEvent
850,.,O
851,Weak,B-Event
851,signal,E-Event
851,.,O
851,Avoid,B-NonEvent
851,blocking,I-NonEvent
851,the,I-NonEvent
851,antennas,I-NonEvent
851,and,I-NonEvent
851,keep,I-NonEvent
851,the,I-NonEvent
851,antennas,I-NonEvent
851,parallel,I-NonEvent
851,to,I-NonEvent
851,and,I-NonEvent
851,facing,I-NonEvent
851,toward,I-NonEvent
851,the,I-NonEvent
851,aircraft,I-NonEvent
851,during,I-NonEvent
851,flight,E-NonEvent
851,.,O
852,High,B-Event
852,wind,I-Event
852,velocity,E-Event
852,.,O
852,Ensure,B-NonEvent
852,the,I-NonEvent
852,aircraft,I-NonEvent
852,remains,I-NonEvent
852,within,I-NonEvent
852,your,I-NonEvent
852,line,I-NonEvent
852,of,I-NonEvent
852,sight,I-NonEvent
852,and,I-NonEvent
852,fly,I-NonEvent
852,with,I-NonEvent
852,caution,E-NonEvent
852,.,O
853,Maximum,B-Event
853,flight,I-Event
853,distance,I-Event
853,reached,E-Event
853,.,O
853,Adjust,B-NonEvent
853,the,I-NonEvent
853,distance,I-NonEvent
853,in,I-NonEvent
853,MC,I-NonEvent
853,Settings,I-NonEvent
853,if,I-NonEvent
853,required,E-NonEvent
853,.,O
854,High,B-Event
854,wind,I-Event
854,velocity,E-Event
854,.,O
854,Ensure,B-NonEvent
854,the,I-NonEvent
854,aircraft,I-NonEvent
854,remains,I-NonEvent
854,within,I-NonEvent
854,your,I-NonEvent
854,line,I-NonEvent
854,of,I-NonEvent
854,sight,I-NonEvent
854,and,I-NonEvent
854,fly,I-NonEvent
854,with,I-NonEvent
854,caution,E-NonEvent
854,.,O
855,Data,B-Event
855,Recorder,I-Event
855,File,I-Event
855,Index,I-Event
855,is,I-Event
855,45,E-Event
855,.,O
856,Home,B-Event
856,Point,I-Event
856,Updated,E-Event
856,.,O
857,Obstacle,B-Event
857,Sensing,I-Event
857,will,I-Event
857,be,I-Event
857,disabled,I-Event
857,when,I-Event
857,aircraft,I-Event
857,is,I-Event
857,landing,E-Event
857,.,O
857,Fly,B-NonEvent
857,with,I-NonEvent
857,caution,E-NonEvent
857,.,O
858,Tap,B-NonEvent
858,the,I-NonEvent
858,screen,I-NonEvent
858,to,I-NonEvent
858,focus,E-NonEvent
858,.,O
859,Downlink,B-Event
859,Lost,E-Event
859,.,O
860,Data,B-Event
860,Recorder,I-Event
860,File,I-Event
860,Index,I-Event
860,is,I-Event
860,7,E-Event
860,.,O
861,Home,B-Event
861,Point,I-Event
861,Updated,E-Event
861,.,O
862,Home,B-Event
862,Point,I-Event
862,recorded,E-Event
862,.,O
862,Return-to-Home,B-NonEvent
862,Altitude,I-NonEvent
862,:,I-NonEvent
862,98FT,E-NonEvent
862,.,O
863,To,B-NonEvent
863,take,I-NonEvent
863,off,I-NonEvent
863,in,I-NonEvent
863,non-P,I-NonEvent
863,mode,E-NonEvent
863,",",O
863,toggle,B-NonEvent
863,Flight,I-NonEvent
863,Mode,I-NonEvent
863,Switch,I-NonEvent
863,to,I-NonEvent
863,another,I-NonEvent
863,mode,I-NonEvent
863,and,I-NonEvent
863,then,I-NonEvent
863,toggle,I-NonEvent
863,it,I-NonEvent
863,back,E-NonEvent
863,.,O
864,Switched,B-Event
864,to,I-Event
864,P,I-Event
864,(Positioning)-mode,E-Event
864,.,O
865,Switched,B-Event
865,to,I-Event
865,T,I-Event
865,(Tripod)-mode,E-Event
865,.,O
866,Switched,B-Event
866,to,I-Event
866,P,I-Event
866,(Positioning)-mode,E-Event
866,.,O
867,Switched,B-Event
867,to,I-Event
867,S,E-Event
867,(Sport)-mode,E-Event
867,.,O
868,Weak,B-Event
868,signal,E-Event
868,.,O
868,Avoid,B-NonEvent
868,blocking,I-NonEvent
868,the,I-NonEvent
868,antennas,I-NonEvent
868,and,I-NonEvent
868,keep,I-NonEvent
868,the,I-NonEvent
868,antennas,I-NonEvent
868,parallel,I-NonEvent
868,to,I-NonEvent
868,and,I-NonEvent
868,facing,I-NonEvent
868,toward,I-NonEvent
868,the,I-NonEvent
868,aircraft,I-NonEvent
868,during,I-NonEvent
868,flight,E-NonEvent
868,.,O
869,Intelligent,B-Event
869,Flight,I-Event
869,Modes,I-Event
869,have,I-Event
869,not,I-Event
869,been,I-Event
869,enabled,E-Event
869,.,O
869,Enable,B-NonEvent
869,this,I-NonEvent
869,option,I-NonEvent
869,in,I-NonEvent
869,Main,I-NonEvent
869,Controller,I-NonEvent
869,Settings,I-NonEvent
869,if,I-NonEvent
869,needed,E-NonEvent
869,.,O
870,Maximum,B-Event
870,flight,I-Event
870,distance,I-Event
870,reached,E-Event
870,.,O
870,Adjust,B-NonEvent
870,the,I-NonEvent
870,distance,I-NonEvent
870,in,I-NonEvent
870,MC,I-NonEvent
870,Settings,I-NonEvent
870,if,I-NonEvent
870,required,E-NonEvent
870,.,O
871,Weak,B-Event
871,signal,E-Event
871,.,O
871,Avoid,B-NonEvent
871,blocking,I-NonEvent
871,the,I-NonEvent
871,antennas,I-NonEvent
871,and,I-NonEvent
871,keep,I-NonEvent
871,the,I-NonEvent
871,antennas,I-NonEvent
871,parallel,I-NonEvent
871,to,I-NonEvent
871,and,I-NonEvent
871,facing,I-NonEvent
871,toward,I-NonEvent
871,the,I-NonEvent
871,aircraft,I-NonEvent
871,during,I-NonEvent
871,flight,E-NonEvent
871,.,O
872,Home,B-Event
872,Point,I-Event
872,Recorded,E-Event
872,.,O
872,RTH,B-NonEvent
872,Altitude,I-NonEvent
872,:,I-NonEvent
872,30m,E-NonEvent
872,.,O
873,Max,B-Event
873,Flight,I-Event
873,Altitude,I-Event
873,Reached,E-Event
873,.,O
873,Adjust,B-NonEvent
873,in,I-NonEvent
873,Main,I-NonEvent
873,Controller,I-NonEvent
873,Settings,I-NonEvent
873,if,I-NonEvent
873,necessary,E-NonEvent
873,.,O
874,Home,B-Event
874,Point,I-Event
874,Recorded,E-Event
874,.,O
874,RTH,B-NonEvent
874,Altitude,I-NonEvent
874,:,I-NonEvent
874,30m,E-NonEvent
874,.,O
875,Max,B-Event
875,Flight,I-Event
875,Distance,I-Event
875,Reached,E-Event
875,.,O
875,Adjust,B-NonEvent
875,in,I-NonEvent
875,Main,I-NonEvent
875,Controller,I-NonEvent
875,Settings,I-NonEvent
875,if,I-NonEvent
875,necessary,E-NonEvent
875,.,O
876,Mobile,B-Event
876,device,I-Event
876,version,I-Event
876,too,I-Event
876,old,I-Event
876,to,I-Event
876,support,I-Event
876,HD,I-Event
876,image,I-Event
876,transmission,I-Event
876,and,I-Event
876,the,I-Event
876,image,I-Event
876,transmission,I-Event
876,mode,I-Event
876,has,I-Event
876,been,I-Event
876,switch,I-Event
876,to,I-Event
876,normal,I-Event
876,mode,E-Event
876,.,O
877,Intelligent,B-Event
877,Flight,I-Event
877,Modes,I-Event
877,have,I-Event
877,not,I-Event
877,been,I-Event
877,enabled,E-Event
877,.,O
877,Enable,B-NonEvent
877,this,I-NonEvent
877,option,I-NonEvent
877,in,I-NonEvent
877,Main,I-NonEvent
877,Controller,I-NonEvent
877,Settings,I-NonEvent
877,if,I-NonEvent
877,needed,E-NonEvent
877,.,O
878,Home,B-Event
878,Point,I-Event
878,recorded,E-Event
878,.,O
878,Return-to-Home,B-NonEvent
878,Altitude,I-NonEvent
878,:,I-NonEvent
878,98FT,E-NonEvent
878,.,O
879,Strong,B-Event
879,Remote,I-Event
879,Controller,I-Event
879,Interference,E-Event
879,.,O
880,Data,B-Event
880,Recorder,I-Event
880,File,I-Event
880,Index,I-Event
880,is,I-Event
880,7,E-Event
880,.,O
881,Home,B-Event
881,Point,I-Event
881,Updated,E-Event
881,.,O
882,Home,B-Event
882,Point,I-Event
882,recorded,E-Event
882,.,O
882,Return-to-Home,B-NonEvent
882,Altitude,I-NonEvent
882,:,I-NonEvent
882,98FT,E-NonEvent
882,.,O
883,Downlink,B-Event
883,Restored,I-Event
883,(after,I-Event
883,0m,I-Event
883,1s),E-Event
883,.,O
884,Downlink,B-Event
884,Restored,I-Event
884,(after,I-Event
884,0m,I-Event
884,2,E-Event
884,.,O
884,3s),E-Event
884,.,O
885,Downlink,B-Event
885,Restored,I-Event
885,(after,I-Event
885,0m,I-Event
885,1,E-Event
885,.,O
885,1s),E-Event
885,.,O
886,Downlink,B-Event
886,Restored,I-Event
886,(after,I-Event
886,0m,I-Event
886,1,E-Event
886,.,O
886,7s),E-Event
886,.,O
887,Downlink,B-Event
887,Restored,I-Event
887,(after,I-Event
887,0m,I-Event
887,2,E-Event
887,.,O
887,9s),E-Event
887,.,O
888,Downlink,B-Event
888,Restored,I-Event
888,(after,I-Event
888,0m,I-Event
888,1s),E-Event
888,.,O
889,Downlink,B-Event
889,Restored,I-Event
889,(after,I-Event
889,0m,I-Event
889,1s),E-Event
889,.,O
890,Downlink,B-Event
890,Lost,E-Event
890,.,O
891,Downlink,B-Event
891,Lost,E-Event
891,.,O
892,Downlink,B-Event
892,Lost,E-Event
892,.,O
893,Downlink,B-Event
893,Lost,E-Event
893,.,O
894,Downlink,B-Event
894,Lost,E-Event
894,.,O
895,Downlink,B-Event
895,Lost,E-Event
895,.,O
896,Downlink,B-Event
896,Lost,E-Event
896,.,O
897,Downlink,B-Event
897,Lost,E-Event
897,.,O
898,Strong,B-Event
898,Remote,I-Event
898,Controller,I-Event
898,Interference,E-Event
898,.,O
899,Not,B-Event
899,Allowed,I-Event
899,to,I-Event
899,change,I-Event
899,Aircraft,I-Event
899,Mode,E-Event
899,.,O
899,If,B-NonEvent
899,needed,E-NonEvent
899,.,O
900,Not,B-Event
900,Allowed,I-Event
900,to,I-Event
900,change,I-Event
900,Aircraft,I-Event
900,Mode,E-Event
900,.,O
900,If,B-NonEvent
900,needed,E-NonEvent
900,.,O
901,Home,B-Event
901,Point,I-Event
901,Recorded,E-Event
901,.,O
901,RTH,B-NonEvent
901,Altitude,I-NonEvent
901,:,I-NonEvent
901,30m,E-NonEvent
901,.,O
902,Tap,B-NonEvent
902,the,I-NonEvent
902,screen,I-NonEvent
902,lightly,I-NonEvent
902,to,I-NonEvent
902,focus,E-NonEvent
902,.,O
903,Tap,B-NonEvent
903,the,I-NonEvent
903,screen,I-NonEvent
903,lightly,I-NonEvent
903,to,I-NonEvent
903,focus,E-NonEvent
903,.,O
904,Taking,B-Event
904,Off,E-Event
904,.,O
905,Aircraft,B-Event
905,is,I-Event
905,returning,I-Event
905,to,I-Event
905,the,I-Event
905,Home,I-Event
905,Point,E-Event
905,.,O
905,RTH,B-NonEvent
905,Altitude,I-NonEvent
905,is,I-NonEvent
905,30m,E-NonEvent
905,.,O
905,You,B-NonEvent
905,can,I-NonEvent
905,reset,I-NonEvent
905,the,I-NonEvent
905,RTH,I-NonEvent
905,Altitude,I-NonEvent
905,in,I-NonEvent
905,Remote,I-NonEvent
905,Controller,I-NonEvent
905,Settings,I-NonEvent
905,after,I-NonEvent
905,cancelling,I-NonEvent
905,RTH,I-NonEvent
905,if,I-NonEvent
905,necessary,E-NonEvent
905,.,O
906,Data,B-Event
906,Recorder,I-Event
906,File,I-Event
906,Index,I-Event
906,is,I-Event
906,29,E-Event
906,.,O
907,Taking,B-Event
907,Off,E-Event
907,.,O
908,Home,B-Event
908,Point,I-Event
908,Updated,E-Event
908,.,O
909,Aircraft,B-Event
909,is,I-Event
909,returning,I-Event
909,to,I-Event
909,the,I-Event
909,Home,I-Event
909,Point,E-Event
909,.,O
909,RTH,B-NonEvent
909,Altitude,I-NonEvent
909,is,I-NonEvent
909,30m,E-NonEvent
909,.,O
909,You,B-NonEvent
909,can,I-NonEvent
909,reset,I-NonEvent
909,the,I-NonEvent
909,RTH,I-NonEvent
909,Altitude,I-NonEvent
909,in,I-NonEvent
909,Remote,I-NonEvent
909,Controller,I-NonEvent
909,Settings,I-NonEvent
909,after,I-NonEvent
909,cancelling,I-NonEvent
909,RTH,I-NonEvent
909,if,I-NonEvent
909,necessary,E-NonEvent
909,.,O
910,Home,B-Event
910,Point,I-Event
910,Recorded,E-Event
910,.,O
910,RTH,B-NonEvent
910,Altitude,I-NonEvent
910,:,I-NonEvent
910,30m,E-NonEvent
910,.,O
911,In,B-Event
911,Flight,E-Event
911,.,O
912,In,B-Event
912,Flight,E-Event
912,.,O
913,In,B-Event
913,Flight,E-Event
913,.,O
914,In,B-Event
914,Flight,E-Event
914,.,O
915,In,B-Event
915,Flight,E-Event
915,.,O
916,In,B-Event
916,Flight,E-Event
916,.,O
917,In,B-Event
917,Flight,E-Event
917,.,O
918,Obstacle,B-Event
918,Avoidance,I-Event
918,will,I-Event
918,be,I-Event
918,disabled,I-Event
918,in,I-Event
918,landing,E-Event
918,.,O
919,Home,B-Event
919,Point,I-Event
919,Recorded,E-Event
919,.,O
919,RTH,B-NonEvent
919,Altitude,I-NonEvent
919,:,I-NonEvent
919,30m,E-NonEvent
919,.,O
920,Home,B-Event
920,Point,I-Event
920,Recorded,E-Event
920,.,O
920,RTH,B-NonEvent
920,Altitude,I-NonEvent
920,:,I-NonEvent
920,30m,E-NonEvent
920,.,O
921,Max,B-Event
921,Flight,I-Event
921,Distance,I-Event
921,Reached,E-Event
921,.,O
921,Adjust,B-NonEvent
921,in,I-NonEvent
921,Main,I-NonEvent
921,Controller,I-NonEvent
921,Settings,I-NonEvent
921,if,I-NonEvent
921,necessary,E-NonEvent
921,.,O
922,Max,B-Event
922,Flight,I-Event
922,Distance,I-Event
922,Reached,E-Event
922,.,O
922,Adjust,B-NonEvent
922,in,I-NonEvent
922,Main,I-NonEvent
922,Controller,I-NonEvent
922,Settings,I-NonEvent
922,if,I-NonEvent
922,necessary,E-NonEvent
922,.,O
923,Aircraft,B-NonEvent
923,is,I-NonEvent
923,in,I-NonEvent
923,Attitude,I-NonEvent
923,mode,E-NonEvent
923,",",O
923,so,B-NonEvent
923,that,I-NonEvent
923,it,I-NonEvent
923,will,I-NonEvent
923,not,I-NonEvent
923,hover,E-NonEvent
923,.,O
923,Please,B-NonEvent
923,fly,I-NonEvent
923,with,I-NonEvent
923,caution,E-NonEvent
923,.,O
924,Home,B-Event
924,Point,I-Event
924,Recorded,E-Event
924,.,O
925,Taking,B-Event
925,Off,E-Event
925,.,O
926,Return-to-Home,B-NonEvent
926,Altitude,I-NonEvent
926,:,I-NonEvent
926,65FT,E-NonEvent
926,.,O
927,Home,B-Event
927,Point,I-Event
927,Recorded,E-Event
927,.,O
928,Large,B-Event
928,Wind,I-Event
928,Velocity,E-Event
928,.,O
928,Fly,B-NonEvent
928,with,I-NonEvent
928,caution,E-NonEvent
928,.,O
929,Landing,E-Event
929,.,O
930,SD,B-Event
930,card,I-Event
930,write,I-Event
930,speed,I-Event
930,is,I-Event
930,too,I-Event
930,slow,E-Event
930,.,O
930,Not,B-NonEvent
930,suitable,I-NonEvent
930,for,I-NonEvent
930,shooting,I-NonEvent
930,a,I-NonEvent
930,4K,I-NonEvent
930,video,E-NonEvent
930,.,O
931,Maximum,B-Event
931,flight,I-Event
931,distance,I-Event
931,reached,E-Event
931,.,O
931,Adjust,B-NonEvent
931,the,I-NonEvent
931,distance,I-NonEvent
931,in,I-NonEvent
931,MC,I-NonEvent
931,Settings,I-NonEvent
931,if,I-NonEvent
931,required,E-NonEvent
931,.,O
932,Weak,B-Event
932,signal,E-Event
932,.,O
932,Avoid,B-NonEvent
932,blocking,I-NonEvent
932,the,I-NonEvent
932,antennas,I-NonEvent
932,and,I-NonEvent
932,keep,I-NonEvent
932,the,I-NonEvent
932,antennas,I-NonEvent
932,parallel,I-NonEvent
932,to,I-NonEvent
932,and,I-NonEvent
932,facing,I-NonEvent
932,toward,I-NonEvent
932,the,I-NonEvent
932,aircraft,I-NonEvent
932,during,I-NonEvent
932,flight,E-NonEvent
932,.,O
933,High,B-Event
933,wind,I-Event
933,velocity,E-Event
933,.,O
933,Ensure,B-NonEvent
933,the,I-NonEvent
933,aircraft,I-NonEvent
933,remains,I-NonEvent
933,within,I-NonEvent
933,your,I-NonEvent
933,line,I-NonEvent
933,of,I-NonEvent
933,sight,I-NonEvent
933,and,I-NonEvent
933,fly,I-NonEvent
933,with,I-NonEvent
933,caution,E-NonEvent
933,.,O
934,Maximum,B-Event
934,flight,I-Event
934,distance,I-Event
934,reached,E-Event
934,.,O
934,Adjust,B-NonEvent
934,the,I-NonEvent
934,distance,I-NonEvent
934,in,I-NonEvent
934,MC,I-NonEvent
934,Settings,I-NonEvent
934,if,I-NonEvent
934,required,E-NonEvent
934,.,O
935,Obstacle,B-Event
935,Sensing,I-Event
935,will,I-Event
935,be,I-Event
935,disabled,I-Event
935,when,I-Event
935,aircraft,I-Event
935,is,I-Event
935,landing,E-Event
935,.,O
935,Fly,B-NonEvent
935,with,I-NonEvent
935,caution,E-NonEvent
935,.,O
936,Backward,B-Event
936,Obstacle,I-Event
936,Sensing,I-Event
936,is,I-Event
936,not,I-Event
936,functioning,E-Event
936,.,O
937,Sensing,B-Event
937,system,I-Event
937,is,I-Event
937,blocked,I-Event
937,or,I-Event
937,too,I-Event
937,close,I-Event
937,to,I-Event
937,the,I-Event
937,obstacle,E-Event
937,.,O
938,Weak,B-Event
938,GPS,I-Event
938,signal,E-Event
938,.,O
938,Aircraft,B-NonEvent
938,is,I-NonEvent
938,in,I-NonEvent
938,Attitude,I-NonEvent
938,mode,I-NonEvent
938,and,I-NonEvent
938,hovering,I-NonEvent
938,may,I-NonEvent
938,be,I-NonEvent
938,unstable,E-NonEvent
938,.,O
938,Fly,B-NonEvent
938,with,I-NonEvent
938,caution,E-NonEvent
938,.,O
939,Data,B-Event
939,Recorder,I-Event
939,File,I-Event
939,Index,I-Event
939,is,I-Event
939,46,E-Event
939,.,O
940,RTH,B-NonEvent
940,Altitude,I-NonEvent
940,:,I-NonEvent
940,65FT,E-NonEvent
940,.,O
941,Taking,B-Event
941,off,E-Event
941,.,O
942,Home,B-Event
942,Point,I-Event
942,Recorded,E-Event
942,.,O
943,Home,B-Event
943,Point,I-Event
943,Updated,E-Event
943,.,O
944,GPS,B-Event
944,Position,I-Event
944,Mismatch,E-Event
944,.,O
945,GPS,B-Event
945,Position,I-Event
945,Mismatch,E-Event
945,.,O
946,GPS,B-Event
946,Position,I-Event
946,Mismatch,E-Event
946,.,O
947,GPS,B-Event
947,Position,I-Event
947,Mismatch,E-Event
947,.,O
948,GPS,B-Event
948,Position,I-Event
948,Mismatch,E-Event
948,.,O
949,GPS,B-Event
949,Position,I-Event
949,Mismatch,E-Event
949,.,O
950,GPS,B-Event
950,Position,I-Event
950,Mismatch,E-Event
950,.,O
951,GPS,B-Event
951,Position,I-Event
951,Mismatch,E-Event
951,.,O
952,GPS,B-Event
952,Position,I-Event
952,Mismatch,E-Event
952,.,O
953,GPS,B-Event
953,Position,I-Event
953,Mismatch,E-Event
953,.,O
954,GPS,B-Event
954,Position,I-Event
954,Mismatch,E-Event
954,.,O
955,GPS,B-Event
955,Position,I-Event
955,Mismatch,E-Event
955,.,O
956,GPS,B-Event
956,Position,I-Event
956,Mismatch,E-Event
956,.,O
957,GPS,B-Event
957,Position,I-Event
957,Mismatch,E-Event
957,.,O
958,GPS,B-Event
958,Position,I-Event
958,Mismatch,E-Event
958,.,O
959,GPS,B-Event
959,Position,I-Event
959,Mismatch,E-Event
959,.,O
960,Large,B-Event
960,Wind,I-Event
960,Velocity,E-Event
960,.,O
961,GPS,B-Event
961,Position,I-Event
961,Mismatch,E-Event
961,.,O
962,GPS,B-Event
962,Position,I-Event
962,Mismatch,E-Event
962,.,O
963,GPS,B-Event
963,Position,I-Event
963,Mismatch,E-Event
963,.,O
964,GPS,B-Event
964,Position,I-Event
964,Mismatch,E-Event
964,.,O
965,GPS,B-Event
965,Position,I-Event
965,Mismatch,E-Event
965,.,O
966,GPS,B-Event
966,Position,I-Event
966,Mismatch,E-Event
966,.,O
967,GPS,B-Event
967,Position,I-Event
967,Mismatch,E-Event
967,.,O
968,GPS,B-Event
968,Position,I-Event
968,Mismatch,E-Event
968,.,O
969,GPS,B-Event
969,Position,I-Event
969,Mismatch,E-Event
969,.,O
970,GPS,B-Event
970,Position,I-Event
970,Mismatch,E-Event
970,.,O
971,GPS,B-Event
971,Position,I-Event
971,Mismatch,E-Event
971,.,O
972,GPS,B-Event
972,Position,I-Event
972,Mismatch,E-Event
972,.,O
973,GPS,B-Event
973,Position,I-Event
973,Mismatch,E-Event
973,.,O
974,GPS,B-Event
974,Position,I-Event
974,Mismatch,E-Event
974,.,O
975,GPS,B-Event
975,Position,I-Event
975,Mismatch,E-Event
975,.,O
976,GPS,B-Event
976,Position,I-Event
976,Mismatch,E-Event
976,.,O
977,GPS,B-Event
977,Position,I-Event
977,Mismatch,E-Event
977,.,O
978,GPS,B-Event
978,Position,I-Event
978,Mismatch,E-Event
978,.,O
979,GPS,B-Event
979,Position,I-Event
979,Mismatch,E-Event
979,.,O
980,GPS,B-Event
980,Position,I-Event
980,Mismatch,E-Event
980,.,O
981,GPS,B-Event
981,Position,I-Event
981,Mismatch,E-Event
981,.,O
982,GPS,B-Event
982,Position,I-Event
982,Mismatch,E-Event
982,.,O
983,GPS,B-Event
983,Position,I-Event
983,Mismatch,E-Event
983,.,O
984,GPS,B-Event
984,Position,I-Event
984,Mismatch,E-Event
984,.,O
985,GPS,B-Event
985,Position,I-Event
985,Mismatch,E-Event
985,.,O
986,GPS,B-Event
986,Position,I-Event
986,Mismatch,E-Event
986,.,O
987,GPS,B-Event
987,Position,I-Event
987,Mismatch,E-Event
987,.,O
988,GPS,B-Event
988,Position,I-Event
988,Mismatch,E-Event
988,.,O
989,GPS,B-Event
989,Position,I-Event
989,Mismatch,E-Event
989,.,O
990,GPS,B-Event
990,Position,I-Event
990,Mismatch,E-Event
990,.,O
991,GPS,B-Event
991,Position,I-Event
991,Mismatch,E-Event
991,.,O
992,GPS,B-Event
992,Position,I-Event
992,Mismatch,E-Event
992,.,O
993,GPS,B-Event
993,Position,I-Event
993,Mismatch,E-Event
993,.,O
994,GPS,B-Event
994,Position,I-Event
994,Mismatch,E-Event
994,.,O
995,GPS,B-Event
995,Position,I-Event
995,Mismatch,E-Event
995,.,O
996,Landing,E-Event
996,.,O
997,Data,B-Event
997,Recorder,I-Event
997,File,I-Event
997,Index,I-Event
997,is,I-Event
997,57,E-Event
997,.,O
998,Home,B-Event
998,Point,I-Event
998,Updated,E-Event
998,.,O
999,Obstacle,B-Event
999,Sensing,I-Event
999,will,I-Event
999,be,I-Event
999,disabled,I-Event
999,when,I-Event
999,aircraft,I-Event
999,is,I-Event
999,landing,E-Event
999,.,O
999,Fly,B-NonEvent
999,with,I-NonEvent
999,caution,E-NonEvent
999,.,O
1000,Maximum,B-Event
1000,flight,I-Event
1000,distance,I-Event
1000,reached,E-Event
1000,.,O
1000,Adjust,B-NonEvent
1000,the,I-NonEvent
1000,distance,I-NonEvent
1000,in,I-NonEvent
1000,MC,I-NonEvent
1000,Settings,I-NonEvent
1000,if,I-NonEvent
1000,required,E-NonEvent
1000,.,O
1001,Weak,B-Event
1001,signal,E-Event
1001,.,O
1001,Avoid,B-NonEvent
1001,blocking,I-NonEvent
1001,the,I-NonEvent
1001,antennas,I-NonEvent
1001,and,I-NonEvent
1001,keep,I-NonEvent
1001,the,I-NonEvent
1001,antennas,I-NonEvent
1001,parallel,I-NonEvent
1001,to,I-NonEvent
1001,and,I-NonEvent
1001,facing,I-NonEvent
1001,toward,I-NonEvent
1001,the,I-NonEvent
1001,aircraft,I-NonEvent
1001,during,I-NonEvent
1001,flight,E-NonEvent
1001,.,O
1002,High,B-Event
1002,wind,I-Event
1002,velocity,E-Event
1002,.,O
1002,Ensure,B-NonEvent
1002,the,I-NonEvent
1002,aircraft,I-NonEvent
1002,remains,I-NonEvent
1002,within,I-NonEvent
1002,your,I-NonEvent
1002,line,I-NonEvent
1002,of,I-NonEvent
1002,sight,I-NonEvent
1002,and,I-NonEvent
1002,fly,I-NonEvent
1002,with,I-NonEvent
1002,caution,E-NonEvent
1002,.,O
1003,Maximum,B-Event
1003,flight,I-Event
1003,distance,I-Event
1003,reached,E-Event
1003,.,O
1003,Adjust,B-NonEvent
1003,the,I-NonEvent
1003,distance,I-NonEvent
1003,in,I-NonEvent
1003,MC,I-NonEvent
1003,Settings,I-NonEvent
1003,if,I-NonEvent
1003,required,E-NonEvent
1003,.,O
1004,High,B-Event
1004,wind,I-Event
1004,velocity,E-Event
1004,.,O
1004,Ensure,B-NonEvent
1004,the,I-NonEvent
1004,aircraft,I-NonEvent
1004,remains,I-NonEvent
1004,within,I-NonEvent
1004,your,I-NonEvent
1004,line,I-NonEvent
1004,of,I-NonEvent
1004,sight,I-NonEvent
1004,and,I-NonEvent
1004,fly,I-NonEvent
1004,with,I-NonEvent
1004,caution,E-NonEvent
1004,.,O
1005,Remote,B-Event
1005,controller,I-Event
1005,assisted,I-Event
1005,takeoff,I-Event
1005,initiated,E-Event
1005,.,O
1006,To,B-NonEvent
1006,take,I-NonEvent
1006,off,I-NonEvent
1006,in,I-NonEvent
1006,non-P,I-NonEvent
1006,mode,E-NonEvent
1006,",",O
1006,toggle,B-NonEvent
1006,Flight,I-NonEvent
1006,Mode,I-NonEvent
1006,Switch,I-NonEvent
1006,to,I-NonEvent
1006,another,I-NonEvent
1006,mode,I-NonEvent
1006,and,I-NonEvent
1006,then,I-NonEvent
1006,toggle,I-NonEvent
1006,it,I-NonEvent
1006,back,E-NonEvent
1006,.,O
1007,To,B-NonEvent
1007,take,I-NonEvent
1007,off,I-NonEvent
1007,in,I-NonEvent
1007,non-P,I-NonEvent
1007,mode,E-NonEvent
1007,",",O
1007,toggle,B-NonEvent
1007,Flight,I-NonEvent
1007,Mode,I-NonEvent
1007,Switch,I-NonEvent
1007,to,I-NonEvent
1007,another,I-NonEvent
1007,mode,I-NonEvent
1007,and,I-NonEvent
1007,then,I-NonEvent
1007,toggle,I-NonEvent
1007,it,I-NonEvent
1007,back,E-NonEvent
1007,.,O
1008,SD,B-Event
1008,card,I-Event
1008,write,I-Event
1008,speed,I-Event
1008,is,I-Event
1008,too,I-Event
1008,slow,E-Event
1008,.,O
1008,Not,B-NonEvent
1008,suitable,I-NonEvent
1008,for,I-NonEvent
1008,shooting,I-NonEvent
1008,a,I-NonEvent
1008,4K,I-NonEvent
1008,video,E-NonEvent
1008,.,O
1009,To,B-NonEvent
1009,take,I-NonEvent
1009,off,I-NonEvent
1009,in,I-NonEvent
1009,non-P,I-NonEvent
1009,mode,E-NonEvent
1009,",",O
1009,toggle,B-NonEvent
1009,Flight,I-NonEvent
1009,Mode,I-NonEvent
1009,Switch,I-NonEvent
1009,to,I-NonEvent
1009,another,I-NonEvent
1009,mode,I-NonEvent
1009,and,I-NonEvent
1009,then,I-NonEvent
1009,toggle,I-NonEvent
1009,it,I-NonEvent
1009,back,E-NonEvent
1009,.,O
1010,SD,B-Event
1010,card,I-Event
1010,write,I-Event
1010,speed,I-Event
1010,is,I-Event
1010,too,I-Event
1010,slow,E-Event
1010,.,O
1010,Not,B-NonEvent
1010,suitable,I-NonEvent
1010,for,I-NonEvent
1010,shooting,I-NonEvent
1010,a,I-NonEvent
1010,4K,I-NonEvent
1010,video,E-NonEvent
1010,.,O
1011,Remote,B-Event
1011,controller,I-Event
1011,assisted,I-Event
1011,takeoff,I-Event
1011,initiated,E-Event
1011,.,O
1012,Motor,B-Event
1012,or,I-Event
1012,propeller,I-Event
1012,error,E-Event
1012,.,O
1012,Check,B-NonEvent
1012,the,I-NonEvent
1012,motors,I-NonEvent
1012,and,I-NonEvent
1012,propellers,E-NonEvent
1012,.,O
1013,Remote,B-Event
1013,controller,I-Event
1013,assisted,I-Event
1013,takeoff,I-Event
1013,initiated,E-Event
1013,.,O
1014,Home,B-Event
1014,Point,I-Event
1014,recorded,E-Event
1014,.,O
1014,Return-to-Home,B-NonEvent
1014,Altitude,I-NonEvent
1014,:,I-NonEvent
1014,98FT,E-NonEvent
1014,.,O
1015,High,B-Event
1015,wind,I-Event
1015,velocity,E-Event
1015,.,O
1015,Fly,B-NonEvent
1015,with,I-NonEvent
1015,caution,E-NonEvent
1015,.,O
1016,High,B-Event
1016,wind,I-Event
1016,velocity,E-Event
1016,.,O
1016,Fly,B-NonEvent
1016,with,I-NonEvent
1016,caution,E-NonEvent
1016,.,O
1017,High,B-Event
1017,wind,I-Event
1017,velocity,E-Event
1017,.,O
1017,Fly,B-NonEvent
1017,with,I-NonEvent
1017,caution,E-NonEvent
1017,.,O
1018,SD,B-Event
1018,card,I-Event
1018,write,I-Event
1018,speed,I-Event
1018,is,I-Event
1018,too,I-Event
1018,slow,E-Event
1018,.,O
1018,Not,B-NonEvent
1018,suitable,I-NonEvent
1018,for,I-NonEvent
1018,shooting,I-NonEvent
1018,a,I-NonEvent
1018,4K,I-NonEvent
1018,video,E-NonEvent
1018,.,O
1019,High,B-Event
1019,wind,I-Event
1019,velocity,E-Event
1019,.,O
1019,Fly,B-NonEvent
1019,with,I-NonEvent
1019,caution,E-NonEvent
1019,.,O
1020,High,B-Event
1020,wind,I-Event
1020,velocity,E-Event
1020,.,O
1020,Fly,B-NonEvent
1020,with,I-NonEvent
1020,caution,E-NonEvent
1020,.,O
1021,High,B-Event
1021,wind,I-Event
1021,velocity,E-Event
1021,.,O
1021,Fly,B-NonEvent
1021,with,I-NonEvent
1021,caution,E-NonEvent
1021,.,O
1022,High,B-Event
1022,wind,I-Event
1022,velocity,E-Event
1022,.,O
1022,Fly,B-NonEvent
1022,with,I-NonEvent
1022,caution,E-NonEvent
1022,.,O
1023,Obstacle,B-Event
1023,Sensing,I-Event
1023,will,I-Event
1023,be,I-Event
1023,disabled,I-Event
1023,when,I-Event
1023,aircraft,I-Event
1023,is,I-Event
1023,landing,E-Event
1023,.,O
1023,Fly,B-NonEvent
1023,with,I-NonEvent
1023,caution,E-NonEvent
1023,.,O
1024,Data,B-Event
1024,Recorder,I-Event
1024,File,I-Event
1024,Index,I-Event
1024,is,I-Event
1024,12,E-Event
1024,.,O
1025,Home,B-Event
1025,Point,I-Event
1025,Updated,E-Event
1025,.,O
1026,Remote,B-Event
1026,controller,I-Event
1026,assisted,I-Event
1026,takeoff,I-Event
1026,initiated,E-Event
1026,.,O
1027,Data,B-Event
1027,Recorder,I-Event
1027,File,I-Event
1027,Index,I-Event
1027,is,I-Event
1027,15,E-Event
1027,.,O
1028,Remote,B-Event
1028,controller,I-Event
1028,assisted,I-Event
1028,takeoff,I-Event
1028,initiated,E-Event
1028,.,O
1029,Data,B-Event
1029,Recorder,I-Event
1029,File,I-Event
1029,Index,I-Event
1029,is,I-Event
1029,15,E-Event
1029,.,O
1030,Home,B-Event
1030,Point,I-Event
1030,Updated,E-Event
1030,.,O
1031,Home,B-Event
1031,Point,I-Event
1031,recorded,E-Event
1031,.,O
1031,Return-to-Home,B-NonEvent
1031,Altitude,I-NonEvent
1031,:,I-NonEvent
1031,98FT,E-NonEvent
1031,.,O
1032,Remote,B-Event
1032,controller,I-Event
1032,assisted,I-Event
1032,takeoff,I-Event
1032,initiated,E-Event
1032,.,O
1033,SD,B-Event
1033,card,I-Event
1033,write,I-Event
1033,speed,I-Event
1033,is,I-Event
1033,too,I-Event
1033,slow,E-Event
1033,.,O
1033,Not,B-NonEvent
1033,suitable,I-NonEvent
1033,for,I-NonEvent
1033,shooting,I-NonEvent
1033,a,I-NonEvent
1033,4K,I-NonEvent
1033,video,E-NonEvent
1033,.,O
1034,High,B-Event
1034,wind,I-Event
1034,velocity,E-Event
1034,.,O
1034,Fly,B-NonEvent
1034,with,I-NonEvent
1034,caution,E-NonEvent
1034,.,O
1035,High,B-Event
1035,wind,I-Event
1035,velocity,E-Event
1035,.,O
1035,Fly,B-NonEvent
1035,with,I-NonEvent
1035,caution,E-NonEvent
1035,.,O
1036,High,B-Event
1036,wind,I-Event
1036,velocity,E-Event
1036,.,O
1036,Fly,B-NonEvent
1036,with,I-NonEvent
1036,caution,E-NonEvent
1036,.,O
1037,High,B-Event
1037,wind,I-Event
1037,velocity,E-Event
1037,.,O
1037,Fly,B-NonEvent
1037,with,I-NonEvent
1037,caution,E-NonEvent
1037,.,O
1038,High,B-Event
1038,wind,I-Event
1038,velocity,E-Event
1038,.,O
1038,Fly,B-NonEvent
1038,with,I-NonEvent
1038,caution,E-NonEvent
1038,.,O
1039,High,B-Event
1039,wind,I-Event
1039,velocity,E-Event
1039,.,O
1039,Fly,B-NonEvent
1039,with,I-NonEvent
1039,caution,E-NonEvent
1039,.,O
1040,High,B-Event
1040,wind,I-Event
1040,velocity,E-Event
1040,.,O
1040,Fly,B-NonEvent
1040,with,I-NonEvent
1040,caution,E-NonEvent
1040,.,O
1041,Home,B-Event
1041,Point,I-Event
1041,Recorded,E-Event
1041,.,O
1041,RTH,B-NonEvent
1041,Altitude,I-NonEvent
1041,:,I-NonEvent
1041,30m,E-NonEvent
1041,.,O
1042,Strong,B-Event
1042,Interference,I-Event
1042,to,I-Event
1042,Aircraft,E-Event
1042,.,O
1042,Signal,B-NonEvent
1042,interruption,I-NonEvent
1042,may,I-NonEvent
1042,be,I-NonEvent
1042,more,I-NonEvent
1042,likely,E-NonEvent
1042,.,O
1042,Fly,B-NonEvent
1042,with,I-NonEvent
1042,caution,E-NonEvent
1042,.,O
1043,Strong,B-Event
1043,Interference,I-Event
1043,to,I-Event
1043,Aircraft,E-Event
1043,.,O
1043,Signal,B-NonEvent
1043,interruption,I-NonEvent
1043,may,I-NonEvent
1043,be,I-NonEvent
1043,more,I-NonEvent
1043,likely,E-NonEvent
1043,.,O
1043,Fly,B-NonEvent
1043,with,I-NonEvent
1043,caution,E-NonEvent
1043,.,O
1044,Strong,B-Event
1044,Interference,I-Event
1044,to,I-Event
1044,Aircraft,E-Event
1044,.,O
1044,Signal,B-NonEvent
1044,interruption,I-NonEvent
1044,may,I-NonEvent
1044,be,I-NonEvent
1044,more,I-NonEvent
1044,likely,E-NonEvent
1044,.,O
1044,Fly,B-NonEvent
1044,with,I-NonEvent
1044,caution,E-NonEvent
1044,.,O
1045,Strong,B-Event
1045,Interference,I-Event
1045,to,I-Event
1045,Aircraft,E-Event
1045,.,O
1045,Signal,B-NonEvent
1045,interruption,I-NonEvent
1045,may,I-NonEvent
1045,be,I-NonEvent
1045,more,I-NonEvent
1045,likely,E-NonEvent
1045,.,O
1045,Fly,B-NonEvent
1045,with,I-NonEvent
1045,caution,E-NonEvent
1045,.,O
1046,Strong,B-Event
1046,Interference,I-Event
1046,to,I-Event
1046,Aircraft,E-Event
1046,.,O
1046,Signal,B-NonEvent
1046,interruption,I-NonEvent
1046,may,I-NonEvent
1046,be,I-NonEvent
1046,more,I-NonEvent
1046,likely,E-NonEvent
1046,.,O
1046,Fly,B-NonEvent
1046,with,I-NonEvent
1046,caution,E-NonEvent
1046,.,O
1047,Fly,B-NonEvent
1047,with,I-NonEvent
1047,caution,I-NonEvent
1047,and,I-NonEvent
1047,ensure,I-NonEvent
1047,the,I-NonEvent
1047,aircraft,I-NonEvent
1047,remains,I-NonEvent
1047,within,I-NonEvent
1047,your,I-NonEvent
1047,line,I-NonEvent
1047,of,I-NonEvent
1047,sight,E-NonEvent
1047,.,O
1048,The,B-NonEvent
1048,remaining,I-NonEvent
1048,battery,I-NonEvent
1048,is,I-NonEvent
1048,only,I-NonEvent
1048,enough,I-NonEvent
1048,for,I-NonEvent
1048,RTH,E-NonEvent
1048,.,O
1048,Return,B-NonEvent
1048,home,I-NonEvent
1048,now,E-NonEvent
1048,.,O
1049,Obstacle,B-Event
1049,Avoidance,I-Event
1049,will,I-Event
1049,be,I-Event
1049,disabled,I-Event
1049,in,I-Event
1049,landing,E-Event
1049,.,O
1050,Home,B-Event
1050,Point,I-Event
1050,Recorded,E-Event
1050,.,O
1050,RTH,B-NonEvent
1050,Altitude,I-NonEvent
1050,:,I-NonEvent
1050,30m,E-NonEvent
1050,.,O
1051,Home,B-Event
1051,Point,I-Event
1051,Recorded,E-Event
1051,.,O
1051,RTH,B-NonEvent
1051,Altitude,I-NonEvent
1051,:,I-NonEvent
1051,30m,E-NonEvent
1051,.,O
1052,Fly,B-NonEvent
1052,with,I-NonEvent
1052,caution,I-NonEvent
1052,and,I-NonEvent
1052,ensure,I-NonEvent
1052,the,I-NonEvent
1052,aircraft,I-NonEvent
1052,remains,I-NonEvent
1052,within,I-NonEvent
1052,your,I-NonEvent
1052,line,I-NonEvent
1052,of,I-NonEvent
1052,sight,E-NonEvent
1052,.,O
1053,Attitude,B-Event
1053,is,I-Event
1053,too,I-Event
1053,large,E-Event
1053,.,O
1054,Attitude,B-Event
1054,is,I-Event
1054,too,I-Event
1054,large,E-Event
1054,.,O
1055,Attitude,B-Event
1055,is,I-Event
1055,too,I-Event
1055,large,E-Event
1055,.,O
1056,Fly,B-NonEvent
1056,with,I-NonEvent
1056,caution,I-NonEvent
1056,and,I-NonEvent
1056,ensure,I-NonEvent
1056,the,I-NonEvent
1056,aircraft,I-NonEvent
1056,remains,I-NonEvent
1056,within,I-NonEvent
1056,your,I-NonEvent
1056,line,I-NonEvent
1056,of,I-NonEvent
1056,sight,E-NonEvent
1056,.,O
1057,Attitude,B-Event
1057,is,I-Event
1057,too,I-Event
1057,large,E-Event
1057,.,O
1058,Attitude,B-Event
1058,is,I-Event
1058,too,I-Event
1058,large,E-Event
1058,.,O
1059,Attitude,B-Event
1059,is,I-Event
1059,too,I-Event
1059,large,E-Event
1059,.,O
1060,Attitude,B-Event
1060,is,I-Event
1060,too,I-Event
1060,large,E-Event
1060,.,O
1061,Attitude,B-Event
1061,is,I-Event
1061,too,I-Event
1061,large,E-Event
1061,.,O
1062,Attitude,B-Event
1062,is,I-Event
1062,too,I-Event
1062,large,E-Event
1062,.,O
1063,High,B-Event
1063,wind,I-Event
1063,velocity,E-Event
1063,.,O
1063,Fly,B-NonEvent
1063,with,I-NonEvent
1063,caution,I-NonEvent
1063,and,I-NonEvent
1063,land,I-NonEvent
1063,in,I-NonEvent
1063,a,I-NonEvent
1063,safe,I-NonEvent
1063,place,I-NonEvent
1063,ASAP,E-NonEvent
1063,.,O
1064,Attitude,B-Event
1064,is,I-Event
1064,too,I-Event
1064,large,E-Event
1064,.,O
1065,Attitude,B-Event
1065,is,I-Event
1065,too,I-Event
1065,large,E-Event
1065,.,O
1066,Attitude,B-Event
1066,is,I-Event
1066,too,I-Event
1066,large,E-Event
1066,.,O
1067,Attitude,B-Event
1067,is,I-Event
1067,too,I-Event
1067,large,E-Event
1067,.,O
1068,Attitude,B-Event
1068,is,I-Event
1068,too,I-Event
1068,large,E-Event
1068,.,O
1069,Attitude,B-Event
1069,is,I-Event
1069,too,I-Event
1069,large,E-Event
1069,.,O
1070,Attitude,B-Event
1070,is,I-Event
1070,too,I-Event
1070,large,E-Event
1070,.,O
1071,Attitude,B-Event
1071,is,I-Event
1071,too,I-Event
1071,large,E-Event
1071,.,O
1072,Attitude,B-Event
1072,is,I-Event
1072,too,I-Event
1072,large,E-Event
1072,.,O
1073,Attitude,B-Event
1073,is,I-Event
1073,too,I-Event
1073,large,E-Event
1073,.,O
1074,Attitude,B-Event
1074,is,I-Event
1074,too,I-Event
1074,large,E-Event
1074,.,O
1075,Attitude,B-Event
1075,is,I-Event
1075,too,I-Event
1075,large,E-Event
1075,.,O
1076,Attitude,B-Event
1076,is,I-Event
1076,too,I-Event
1076,large,E-Event
1076,.,O
1077,Attitude,B-Event
1077,is,I-Event
1077,too,I-Event
1077,large,E-Event
1077,.,O
1078,Attitude,B-Event
1078,is,I-Event
1078,too,I-Event
1078,large,E-Event
1078,.,O
1079,Fly,B-NonEvent
1079,with,I-NonEvent
1079,caution,I-NonEvent
1079,and,I-NonEvent
1079,ensure,I-NonEvent
1079,the,I-NonEvent
1079,aircraft,I-NonEvent
1079,remains,I-NonEvent
1079,within,I-NonEvent
1079,your,I-NonEvent
1079,line,I-NonEvent
1079,of,I-NonEvent
1079,sight,E-NonEvent
1079,.,O
1080,Fly,B-NonEvent
1080,with,I-NonEvent
1080,caution,I-NonEvent
1080,and,I-NonEvent
1080,ensure,I-NonEvent
1080,the,I-NonEvent
1080,aircraft,I-NonEvent
1080,remains,I-NonEvent
1080,within,I-NonEvent
1080,your,I-NonEvent
1080,line,I-NonEvent
1080,of,I-NonEvent
1080,sight,E-NonEvent
1080,.,O
1081,Attitude,B-Event
1081,is,I-Event
1081,too,I-Event
1081,large,E-Event
1081,.,O
1082,Attitude,B-Event
1082,is,I-Event
1082,too,I-Event
1082,large,E-Event
1082,.,O
1083,Attitude,B-Event
1083,is,I-Event
1083,too,I-Event
1083,large,E-Event
1083,.,O
1084,Attitude,B-Event
1084,is,I-Event
1084,too,I-Event
1084,large,E-Event
1084,.,O
1085,Attitude,B-Event
1085,is,I-Event
1085,too,I-Event
1085,large,E-Event
1085,.,O
1086,Attitude,B-Event
1086,is,I-Event
1086,too,I-Event
1086,large,E-Event
1086,.,O
1087,Fly,B-NonEvent
1087,with,I-NonEvent
1087,caution,I-NonEvent
1087,and,I-NonEvent
1087,ensure,I-NonEvent
1087,the,I-NonEvent
1087,aircraft,I-NonEvent
1087,remains,I-NonEvent
1087,within,I-NonEvent
1087,your,I-NonEvent
1087,line,I-NonEvent
1087,of,I-NonEvent
1087,sight,E-NonEvent
1087,.,O
1088,Fly,B-NonEvent
1088,with,I-NonEvent
1088,caution,I-NonEvent
1088,and,I-NonEvent
1088,ensure,I-NonEvent
1088,the,I-NonEvent
1088,aircraft,I-NonEvent
1088,remains,I-NonEvent
1088,within,I-NonEvent
1088,your,I-NonEvent
1088,line,I-NonEvent
1088,of,I-NonEvent
1088,sight,E-NonEvent
1088,.,O
1089,Obstacle,B-Event
1089,Avoidance,I-Event
1089,will,I-Event
1089,be,I-Event
1089,disabled,I-Event
1089,in,I-Event
1089,landing,E-Event
1089,.,O
1090,Satellite,B-Event
1090,positioning,I-Event
1090,off,E-Event
1090,.,O
1090,Fly,B-NonEvent
1090,with,I-NonEvent
1090,Caution,E-NonEvent
1090,.,O
1091,Satellite,B-Event
1091,positioning,I-Event
1091,off,E-Event
1091,.,O
1091,Fly,B-NonEvent
1091,with,I-NonEvent
1091,Caution,E-NonEvent
1091,.,O
1092,Satellite,B-Event
1092,positioning,I-Event
1092,off,E-Event
1092,.,O
1092,Fly,B-NonEvent
1092,with,I-NonEvent
1092,Caution,E-NonEvent
1092,.,O
1093,Satellite,B-Event
1093,positioning,I-Event
1093,off,E-Event
1093,.,O
1093,Fly,B-NonEvent
1093,with,I-NonEvent
1093,Caution,E-NonEvent
1093,.,O
1094,Taking,B-Event
1094,Off,E-Event
1094,.,O
1095,Taking,B-Event
1095,Off,E-Event
1095,.,O
1096,Home,B-Event
1096,Point,I-Event
1096,Recorded,E-Event
1096,",",O
1096,Return-to-Home,B-NonEvent
1096,Altitude,I-NonEvent
1096,:,I-NonEvent
1096,98FT,E-NonEvent
1096,.,O
1097,Home,B-Event
1097,Point,I-Event
1097,Recorded,E-Event
1097,",",O
1097,Return-to-Home,B-NonEvent
1097,Altitude,I-NonEvent
1097,:,I-NonEvent
1097,98FT,E-NonEvent
1097,.,O
1098,Tap,B-NonEvent
1098,the,I-NonEvent
1098,screen,I-NonEvent
1098,lightly,I-NonEvent
1098,to,I-NonEvent
1098,focus,E-NonEvent
1098,.,O
1099,Tap,B-NonEvent
1099,the,I-NonEvent
1099,screen,I-NonEvent
1099,lightly,I-NonEvent
1099,to,I-NonEvent
1099,focus,E-NonEvent
1099,.,O
1100,Ground,B-NonEvent
1100,Plain,E-NonEvent
1100,.,O
1100,Safe,B-NonEvent
1100,to,I-NonEvent
1100,Land,E-NonEvent
1100,.,O
1101,Ground,B-NonEvent
1101,Plain,E-NonEvent
1101,.,O
1101,Safe,B-NonEvent
1101,to,I-NonEvent
1101,Land,E-NonEvent
1101,.,O
1102,Aircraft,B-Event
1102,is,I-Event
1102,returning,I-Event
1102,to,I-Event
1102,the,I-Event
1102,Home,I-Event
1102,Point,E-Event
1102,.,O
1102,Minimum,B-NonEvent
1102,RTH,I-NonEvent
1102,Altitude,I-NonEvent
1102,is,I-NonEvent
1102,30m,E-NonEvent
1102,.,O
1102,You,B-NonEvent
1102,can,I-NonEvent
1102,reset,I-NonEvent
1102,the,I-NonEvent
1102,RTH,I-NonEvent
1102,Altitude,I-NonEvent
1102,in,I-NonEvent
1102,Remote,I-NonEvent
1102,Controller,I-NonEvent
1102,Settings,I-NonEvent
1102,after,I-NonEvent
1102,cancelling,I-NonEvent
1102,RTH,I-NonEvent
1102,if,I-NonEvent
1102,necessary,E-NonEvent
1102,.,O
1103,Aircraft,B-Event
1103,is,I-Event
1103,returning,I-Event
1103,to,I-Event
1103,the,I-Event
1103,Home,I-Event
1103,Point,E-Event
1103,.,O
1103,Minimum,B-NonEvent
1103,RTH,I-NonEvent
1103,Altitude,I-NonEvent
1103,is,I-NonEvent
1103,30m,E-NonEvent
1103,.,O
1103,You,B-NonEvent
1103,can,I-NonEvent
1103,reset,I-NonEvent
1103,the,I-NonEvent
1103,RTH,I-NonEvent
1103,Altitude,I-NonEvent
1103,in,I-NonEvent
1103,Remote,I-NonEvent
1103,Controller,I-NonEvent
1103,Settings,I-NonEvent
1103,after,I-NonEvent
1103,cancelling,I-NonEvent
1103,RTH,I-NonEvent
1103,if,I-NonEvent
1103,necessary,E-NonEvent
1103,.,O
1104,Descending,S-Event
1104,.,O
1104,Exited,B-Event
1104,Visual,I-Event
1104,Avoidance,I-Event
1104,System,E-Event
1104,.,O
1105,Descending,S-Event
1105,.,O
1105,Exited,B-Event
1105,Visual,I-Event
1105,Avoidance,I-Event
1105,System,E-Event
1105,.,O
1106,Precision,B-Event
1106,Landing,E-Event
1106,.,O
1107,Rectifying,B-Event
1107,aircraft,I-Event
1107,position,E-Event
1107,.,O
1108,Precision,B-Event
1108,Landing,E-Event
1108,.,O
1109,Rectifying,B-Event
1109,aircraft,I-Event
1109,position,E-Event
1109,.,O
1110,Data,B-Event
1110,Recorder,I-Event
1110,File,I-Event
1110,Index,I-Event
1110,is,I-Event
1110,7,E-Event
1110,.,O
1111,Taking,B-Event
1111,off,E-Event
1111,.,O
1112,Home,B-Event
1112,Point,I-Event
1112,Recorded,E-Event
1112,.,O
1113,Return-to-Home,B-NonEvent
1113,Altitude,I-NonEvent
1113,:,I-NonEvent
1113,98FT,E-NonEvent
1113,.,O
1114,Tap,B-NonEvent
1114,the,I-NonEvent
1114,screen,I-NonEvent
1114,lightly,I-NonEvent
1114,to,I-NonEvent
1114,focus,E-NonEvent
1114,.,O
1115,Tap,B-NonEvent
1115,the,I-NonEvent
1115,screen,I-NonEvent
1115,lightly,I-NonEvent
1115,to,I-NonEvent
1115,focus,E-NonEvent
1115,.,O
1116,RTH,B-Event
1116,:,I-Event
1116,Preascending,E-Event
1116,.,O
1117,Aircraft,B-Event
1117,is,I-Event
1117,returning,I-Event
1117,to,I-Event
1117,the,I-Event
1117,Home,I-Event
1117,Point,E-Event
1117,.,O
1117,Minimum,B-NonEvent
1117,RTH,I-NonEvent
1117,Altitude,I-NonEvent
1117,is,I-NonEvent
1117,30m,E-NonEvent
1117,.,O
1117,You,B-NonEvent
1117,can,I-NonEvent
1117,reset,I-NonEvent
1117,the,I-NonEvent
1117,RTH,I-NonEvent
1117,Altitude,I-NonEvent
1117,in,I-NonEvent
1117,Remote,I-NonEvent
1117,Controller,I-NonEvent
1117,Settings,I-NonEvent
1117,after,I-NonEvent
1117,cancelling,I-NonEvent
1117,RTH,I-NonEvent
1117,if,I-NonEvent
1117,necessary,E-NonEvent
1117,.,O
1118,RTH,B-Event
1118,:,I-Event
1118,Heading,I-Event
1118,alignment,E-Event
1118,.,O
1119,RTH,B-Event
1119,:,O
1119,Ascending,B-Event
1119,to,I-Event
1119,RTH,I-Event
1119,altitude,E-Event
1119,.,O
1120,RTH,B-Event
1120,:,I-Event
1120,Cruise,E-Event
1120,.,O
1121,Exited,B-Event
1121,Visual,I-Event
1121,Avoidance,I-Event
1121,System,E-Event
1121,.,O
1122,Precision,B-Event
1122,Landing,E-Event
1122,.,O
1122,Rectifying,B-Event
1122,aircraft,I-Event
1122,position,E-Event
1122,.,O
1123,Ground,B-NonEvent
1123,Plain,E-NonEvent
1123,.,O
1123,Safe,B-NonEvent
1123,to,I-NonEvent
1123,Land,E-NonEvent
1123,.,O
1124,Ground,B-NonEvent
1124,Plain,E-NonEvent
1124,.,O
1124,Safe,B-NonEvent
1124,to,I-NonEvent
1124,Land,E-NonEvent
1124,.,O
1125,Precision,B-Event
1125,Landing,E-Event
1125,.,O
1125,Rectifying,B-Event
1125,aircraft,I-Event
1125,position,E-Event
1125,.,O
1126,Taking,B-Event
1126,Off,E-Event
1126,.,O
1127,Taking,B-Event
1127,Off,E-Event
1127,.,O
1128,Home,B-Event
1128,Point,I-Event
1128,Recorded,E-Event
1128,.,O
1128,RTH,B-NonEvent
1128,Altitude,I-NonEvent
1128,:,I-NonEvent
1128,30m,E-NonEvent
1128,.,O
1129,Tap,B-NonEvent
1129,the,I-NonEvent
1129,screen,I-NonEvent
1129,lightly,I-NonEvent
1129,to,I-NonEvent
1129,focus,E-NonEvent
1129,.,O
1130,Max,B-Event
1130,Flight,I-Event
1130,Distance,I-Event
1130,Reached,E-Event
1130,.,O
1130,Adjust,B-NonEvent
1130,in,I-NonEvent
1130,Main,I-NonEvent
1130,Controller,I-NonEvent
1130,Settings,I-NonEvent
1130,if,I-NonEvent
1130,necessary,E-NonEvent
1130,.,O
1131,Max,B-Event
1131,Flight,I-Event
1131,Distance,I-Event
1131,Reached,E-Event
1131,.,O
1131,Adjust,B-NonEvent
1131,in,I-NonEvent
1131,Main,I-NonEvent
1131,Controller,I-NonEvent
1131,Settings,I-NonEvent
1131,if,I-NonEvent
1131,necessary,E-NonEvent
1131,.,O
1132,Max,B-Event
1132,Flight,I-Event
1132,Distance,I-Event
1132,Reached,E-Event
1132,.,O
1132,Adjust,B-NonEvent
1132,in,I-NonEvent
1132,Main,I-NonEvent
1132,Controller,I-NonEvent
1132,Settings,I-NonEvent
1132,if,I-NonEvent
1132,necessary,E-NonEvent
1132,.,O
1133,Max,B-Event
1133,Flight,I-Event
1133,Distance,I-Event
1133,Reached,E-Event
1133,.,O
1133,Adjust,B-NonEvent
1133,in,I-NonEvent
1133,Main,I-NonEvent
1133,Controller,I-NonEvent
1133,Settings,I-NonEvent
1133,if,I-NonEvent
1133,necessary,E-NonEvent
1133,.,O
1134,Landing,E-Event
1134,.,O
1135,Obstacle,B-Event
1135,Avoidance,I-Event
1135,will,I-Event
1135,be,I-Event
1135,disabled,I-Event
1135,in,I-Event
1135,landing,E-Event
1135,.,O
1136,Landing,B-Event
1136,Canceled,E-Event
1136,.,O
1137,Max,B-Event
1137,Flight,I-Event
1137,Distance,I-Event
1137,Reached,E-Event
1137,.,O
1137,Adjust,B-NonEvent
1137,in,I-NonEvent
1137,Main,I-NonEvent
1137,Controller,I-NonEvent
1137,Settings,I-NonEvent
1137,if,I-NonEvent
1137,necessary,E-NonEvent
1137,.,O
1138,Obstacle,B-Event
1138,Avoidance,I-Event
1138,will,I-Event
1138,be,I-Event
1138,disabled,I-Event
1138,in,I-Event
1138,landing,E-Event
1138,.,O
1139,Taking,B-Event
1139,Off,E-Event
1139,.,O
1140,Taking,B-Event
1140,Off,E-Event
1140,.,O
1141,Home,B-Event
1141,Point,I-Event
1141,Recorded,E-Event
1141,.,O
1141,RTH,B-NonEvent
1141,Altitude,I-NonEvent
1141,:,I-NonEvent
1141,30m,E-NonEvent
1141,.,O
1142,Landing,E-Event
1142,.,O
1143,Obstacle,B-Event
1143,Avoidance,I-Event
1143,will,I-Event
1143,be,I-Event
1143,disabled,I-Event
1143,in,I-Event
1143,landing,E-Event
1143,.,O
1144,Ground,B-NonEvent
1144,Plain,E-NonEvent
1144,.,O
1144,Safe,B-NonEvent
1144,to,I-NonEvent
1144,Land,E-NonEvent
1144,.,O
1145,Taking,B-Event
1145,Off,E-Event
1145,.,O
1146,Taking,B-Event
1146,Off,E-Event
1146,.,O
1147,Home,B-Event
1147,Point,I-Event
1147,Recorded,E-Event
1147,.,O
1147,RTH,B-NonEvent
1147,Altitude,I-NonEvent
1147,:,I-NonEvent
1147,30m,E-NonEvent
1147,.,O
1148,Aircraft,B-Event
1148,is,I-Event
1148,returning,I-Event
1148,to,I-Event
1148,the,I-Event
1148,Home,I-Event
1148,Point,E-Event
1148,.,O
1148,Minimum,B-NonEvent
1148,RTH,I-NonEvent
1148,Altitude,I-NonEvent
1148,is,I-NonEvent
1148,98ft,E-NonEvent
1148,.,O
1148,You,B-NonEvent
1148,can,I-NonEvent
1148,reset,I-NonEvent
1148,the,I-NonEvent
1148,RTH,I-NonEvent
1148,Altitude,I-NonEvent
1148,in,I-NonEvent
1148,Remote,I-NonEvent
1148,Controller,I-NonEvent
1148,Settings,I-NonEvent
1148,after,I-NonEvent
1148,cancelling,I-NonEvent
1148,RTH,E-NonEvent
1148,.,O
1149,Obstacle,B-Event
1149,Avoidance,I-Event
1149,will,I-Event
1149,be,I-Event
1149,disabled,I-Event
1149,in,I-Event
1149,landing,E-Event
1149,.,O
1150,Locating,B-Event
1150,Landing,I-Event
1150,Point,E-Event
1150,.,O
1151,Landing,B-Event
1151,Canceled,E-Event
1151,.,O
1152,Forward,B-Event
1152,Obstacle,I-Event
1152,Sensing,I-Event
1152,not,I-Event
1152,Responding,E-Event
1152,.,O
1153,Obstacle,B-Event
1153,Avoidance,I-Event
1153,will,I-Event
1153,be,I-Event
1153,disabled,I-Event
1153,in,I-Event
1153,landing,E-Event
1153,.,O
1154,Taking,B-Event
1154,Off,E-Event
1154,.,O
1155,Taking,B-Event
1155,Off,E-Event
1155,.,O
1156,Home,B-Event
1156,Point,I-Event
1156,Recorded,E-Event
1156,.,O
1156,RTH,B-NonEvent
1156,Altitude,I-NonEvent
1156,:,I-NonEvent
1156,30m,E-NonEvent
1156,.,O
1157,Tap,B-NonEvent
1157,the,I-NonEvent
1157,screen,I-NonEvent
1157,lightly,I-NonEvent
1157,to,I-NonEvent
1157,focus,E-NonEvent
1157,.,O
1158,Max,B-Event
1158,Flight,I-Event
1158,Distance,I-Event
1158,Reached,E-Event
1158,.,O
1158,Adjust,B-NonEvent
1158,in,I-NonEvent
1158,Main,I-NonEvent
1158,Controller,I-NonEvent
1158,Settings,I-NonEvent
1158,if,I-NonEvent
1158,necessary,E-NonEvent
1158,.,O
1159,Max,B-Event
1159,Flight,I-Event
1159,Distance,I-Event
1159,Reached,E-Event
1159,.,O
1159,Adjust,B-NonEvent
1159,in,I-NonEvent
1159,Main,I-NonEvent
1159,Controller,I-NonEvent
1159,Settings,I-NonEvent
1159,if,I-NonEvent
1159,necessary,E-NonEvent
1159,.,O
1160,Max,B-Event
1160,Flight,I-Event
1160,Distance,I-Event
1160,Reached,E-Event
1160,.,O
1160,Adjust,B-NonEvent
1160,in,I-NonEvent
1160,Main,I-NonEvent
1160,Controller,I-NonEvent
1160,Settings,I-NonEvent
1160,if,I-NonEvent
1160,necessary,E-NonEvent
1160,.,O
1161,Max,B-Event
1161,Flight,I-Event
1161,Distance,I-Event
1161,Reached,E-Event
1161,.,O
1161,Adjust,B-NonEvent
1161,in,I-NonEvent
1161,Main,I-NonEvent
1161,Controller,I-NonEvent
1161,Settings,I-NonEvent
1161,if,I-NonEvent
1161,necessary,E-NonEvent
1161,.,O
1162,Landing,E-Event
1162,.,O
1163,Obstacle,B-Event
1163,Avoidance,I-Event
1163,will,I-Event
1163,be,I-Event
1163,disabled,I-Event
1163,in,I-Event
1163,landing,E-Event
1163,.,O
1164,Landing,B-Event
1164,Canceled,E-Event
1164,.,O
1165,Max,B-Event
1165,Flight,I-Event
1165,Distance,I-Event
1165,Reached,E-Event
1165,.,O
1165,Adjust,B-NonEvent
1165,in,I-NonEvent
1165,Main,I-NonEvent
1165,Controller,I-NonEvent
1165,Settings,I-NonEvent
1165,if,I-NonEvent
1165,necessary,E-NonEvent
1165,.,O
1166,Obstacle,B-Event
1166,Avoidance,I-Event
1166,will,I-Event
1166,be,I-Event
1166,disabled,I-Event
1166,in,I-Event
1166,landing,E-Event
1166,.,O
1167,Taking,B-Event
1167,Off,E-Event
1167,.,O
1168,Taking,B-Event
1168,Off,E-Event
1168,.,O
1169,Home,B-Event
1169,Point,I-Event
1169,Recorded,E-Event
1169,.,O
1169,RTH,B-NonEvent
1169,Altitude,I-NonEvent
1169,:,I-NonEvent
1169,30m,E-NonEvent
1169,.,O
1170,Landing,E-Event
1170,.,O
1171,Obstacle,B-Event
1171,Avoidance,I-Event
1171,will,I-Event
1171,be,I-Event
1171,disabled,I-Event
1171,in,I-Event
1171,landing,E-Event
1171,.,O
1172,Ground,B-NonEvent
1172,Plain,E-NonEvent
1172,.,O
1172,Safe,B-NonEvent
1172,to,I-NonEvent
1172,Land,E-NonEvent
1172,.,O
1173,Taking,B-Event
1173,Off,E-Event
1173,.,O
1174,Taking,B-Event
1174,Off,E-Event
1174,.,O
1175,Home,B-Event
1175,Point,I-Event
1175,Recorded,E-Event
1175,.,O
1175,RTH,B-NonEvent
1175,Altitude,I-NonEvent
1175,:,I-NonEvent
1175,30m,E-NonEvent
1175,.,O
1176,Aircraft,B-Event
1176,is,I-Event
1176,returning,I-Event
1176,to,I-Event
1176,the,I-Event
1176,Home,I-Event
1176,Point,E-Event
1176,.,O
1176,Minimum,B-NonEvent
1176,RTH,I-NonEvent
1176,Altitude,I-NonEvent
1176,is,I-NonEvent
1176,98ft,E-NonEvent
1176,.,O
1176,You,B-NonEvent
1176,can,I-NonEvent
1176,reset,I-NonEvent
1176,the,I-NonEvent
1176,RTH,I-NonEvent
1176,Altitude,I-NonEvent
1176,in,I-NonEvent
1176,Remote,I-NonEvent
1176,Controller,I-NonEvent
1176,Settings,I-NonEvent
1176,after,I-NonEvent
1176,cancelling,I-NonEvent
1176,RTH,E-NonEvent
1176,.,O
1177,Obstacle,B-Event
1177,Avoidance,I-Event
1177,will,I-Event
1177,be,I-Event
1177,disabled,I-Event
1177,in,I-Event
1177,landing,E-Event
1177,.,O
1178,Locating,B-Event
1178,Landing,I-Event
1178,Point,E-Event
1178,.,O
1179,Landing,B-Event
1179,Canceled,E-Event
1179,.,O
1180,Forward,B-Event
1180,Obstacle,I-Event
1180,Sensing,I-Event
1180,not,I-Event
1180,Responding,E-Event
1180,.,O
1181,Obstacle,B-Event
1181,Avoidance,I-Event
1181,will,I-Event
1181,be,I-Event
1181,disabled,I-Event
1181,in,I-Event
1181,landing,E-Event
1181,.,O
1182,Aircraft,B-NonEvent
1182,is,I-NonEvent
1182,in,I-NonEvent
1182,Attitude,I-NonEvent
1182,mode,E-NonEvent
1182,",",O
1182,so,B-NonEvent
1182,that,I-NonEvent
1182,it,I-NonEvent
1182,will,I-NonEvent
1182,not,I-NonEvent
1182,hover,E-NonEvent
1182,.,O
1182,Please,B-NonEvent
1182,fly,I-NonEvent
1182,with,I-NonEvent
1182,caution,E-NonEvent
1182,.,O
1183,Home,B-Event
1183,Point,I-Event
1183,Recorded,E-Event
1183,.,O
1184,Home,B-Event
1184,Point,I-Event
1184,Recorded,E-Event
1184,.,O
1185,Return-to-Home,B-NonEvent
1185,Altitude,I-NonEvent
1185,:,I-NonEvent
1185,65FT,E-NonEvent
1185,.,O
1186,Landing,B-Event
1186,Gear,I-Event
1186,Raising,E-Event
1186,.,O
1187,Landing,B-Event
1187,Gear,I-Event
1187,Raised,E-Event
1187,.,O
1188,Landing,B-Event
1188,Gear,I-Event
1188,Lowering,E-Event
1188,.,O
1189,Landing,B-Event
1189,Gear,I-Event
1189,Lowered,E-Event
1189,.,O
1190,Landing,B-Event
1190,Gear,I-Event
1190,Raising,E-Event
1190,.,O
1191,Landing,B-Event
1191,Gear,I-Event
1191,Paused,E-Event
1191,.,O
1192,Aircraft,B-NonEvent
1192,is,I-NonEvent
1192,in,I-NonEvent
1192,Attitude,I-NonEvent
1192,mode,E-NonEvent
1192,",",O
1192,so,B-NonEvent
1192,that,I-NonEvent
1192,it,I-NonEvent
1192,will,I-NonEvent
1192,not,I-NonEvent
1192,hover,E-NonEvent
1192,.,O
1192,Please,B-NonEvent
1192,fly,I-NonEvent
1192,with,I-NonEvent
1192,caution,E-NonEvent
1192,.,O
1193,Data,B-Event
1193,Recorder,I-Event
1193,File,I-Event
1193,Index,I-Event
1193,is,I-Event
1193,21,E-Event
1193,.,O
1194,Home,B-Event
1194,Point,I-Event
1194,Recorded,E-Event
1194,.,O
1195,Home,B-Event
1195,Point,I-Event
1195,Updated,E-Event
1195,.,O
1196,RTH,B-NonEvent
1196,Altitude,I-NonEvent
1196,:,I-NonEvent
1196,65FT,E-NonEvent
1196,.,O
1197,Landing,B-Event
1197,Gear,I-Event
1197,Raising,E-Event
1197,.,O
1198,Landing,B-Event
1198,Gear,I-Event
1198,Raised,E-Event
1198,.,O
1199,Downlink,B-Event
1199,Lost,E-Event
1199,.,O
1200,Landing,B-Event
1200,Gear,I-Event
1200,Lowering,E-Event
1200,.,O
1201,Landing,B-Event
1201,Gear,I-Event
1201,Lowered,E-Event
1201,.,O
1202,Satellite,B-Event
1202,positioning,I-Event
1202,off,E-Event
1202,.,O
1202,Fly,B-NonEvent
1202,with,I-NonEvent
1202,Caution,E-NonEvent
1202,.,O
1203,Tap,B-NonEvent
1203,the,I-NonEvent
1203,screen,I-NonEvent
1203,lightly,I-NonEvent
1203,to,I-NonEvent
1203,focus,E-NonEvent
1203,.,O
1204,Taking,B-Event
1204,Off,E-Event
1204,.,O
1205,Strong,B-Event
1205,Interference,I-Event
1205,Now,E-Event
1205,.,O
1205,Fly,B-NonEvent
1205,with,I-NonEvent
1205,caution,E-NonEvent
1205,.,O
1206,Ground,B-NonEvent
1206,Plain,E-NonEvent
1206,.,O
1206,Safe,B-NonEvent
1206,to,I-NonEvent
1206,Land,E-NonEvent
1206,.,O
1207,RTH,B-Event
1207,:,I-Event
1207,Cruise,E-Event
1207,.,O
1208,Taking,B-Event
1208,off,E-Event
1208,.,O
1209,Strong,B-Event
1209,Interference,I-Event
1209,Now,E-Event
1209,.,O
1209,Fly,B-NonEvent
1209,with,I-NonEvent
1209,caution,E-NonEvent
1209,.,O
1210,Data,B-Event
1210,Recorder,I-Event
1210,File,I-Event
1210,Index,I-Event
1210,is,I-Event
1210,3,E-Event
1210,.,O
1211,Home,B-Event
1211,Point,I-Event
1211,Updated,E-Event
1211,.,O
1212,RTH,B-Event
1212,:,I-Event
1212,Preascending,E-Event
1212,.,O
1213,Aircraft,B-Event
1213,is,I-Event
1213,returning,I-Event
1213,to,I-Event
1213,the,I-Event
1213,Home,I-Event
1213,Point,E-Event
1213,.,O
1213,Minimum,B-NonEvent
1213,RTH,I-NonEvent
1213,Altitude,I-NonEvent
1213,is,I-NonEvent
1213,30m,E-NonEvent
1213,.,O
1213,You,B-NonEvent
1213,can,I-NonEvent
1213,reset,I-NonEvent
1213,the,I-NonEvent
1213,RTH,I-NonEvent
1213,Altitude,I-NonEvent
1213,in,I-NonEvent
1213,Remote,I-NonEvent
1213,Controller,I-NonEvent
1213,Settings,I-NonEvent
1213,after,I-NonEvent
1213,cancelling,I-NonEvent
1213,RTH,I-NonEvent
1213,if,I-NonEvent
1213,necessary,E-NonEvent
1213,.,O
1214,RTH,B-Event
1214,:,I-Event
1214,Heading,I-Event
1214,alignment,E-Event
1214,.,O
1215,RTH,B-Event
1215,:,O
1215,Ascending,B-Event
1215,to,I-Event
1215,RTH,I-Event
1215,altitude,E-Event
1215,.,O
1216,RTH,B-Event
1216,:,I-Event
1216,Cruise,E-Event
1216,.,O
1217,Exited,B-Event
1217,Visual,I-Event
1217,Avoidance,I-Event
1217,System,E-Event
1217,.,O
1218,Precision,B-Event
1218,Landing,E-Event
1218,.,O
1218,Rectifying,B-Event
1218,aircraft,I-Event
1218,position,E-Event
1218,.,O
1219,Precision,B-Event
1219,Landing,E-Event
1219,.,O
1219,Rectifying,B-Event
1219,aircraft,I-Event
1219,position,E-Event
1219,.,O
1220,Precision,B-Event
1220,Landing,E-Event
1220,.,O
1220,Rectifying,B-Event
1220,aircraft,I-Event
1220,position,E-Event
1220,.,O
1221,Precision,B-Event
1221,Landing,E-Event
1221,.,O
1221,Rectifying,B-Event
1221,aircraft,I-Event
1221,position,E-Event
1221,.,O
1222,Precision,B-Event
1222,Landing,E-Event
1222,.,O
1222,Rectifying,B-Event
1222,aircraft,I-Event
1222,position,E-Event
1222,.,O
1223,Precision,B-Event
1223,Landing,E-Event
1223,.,O
1223,Rectifying,B-Event
1223,aircraft,I-Event
1223,position,E-Event
1223,.,O
1224,Precision,B-Event
1224,Landing,E-Event
1224,.,O
1224,Rectifying,B-Event
1224,aircraft,I-Event
1224,position,E-Event
1224,.,O
1225,Precision,B-Event
1225,Landing,E-Event
1225,.,O
1225,Rectifying,B-Event
1225,aircraft,I-Event
1225,position,E-Event
1225,.,O
1226,Precision,B-Event
1226,Landing,E-Event
1226,.,O
1226,Rectifying,B-Event
1226,aircraft,I-Event
1226,position,E-Event
1226,.,O
1227,Precision,B-Event
1227,Landing,E-Event
1227,.,O
1227,Rectifying,B-Event
1227,aircraft,I-Event
1227,position,E-Event
1227,.,O
1228,Precision,B-Event
1228,Landing,E-Event
1228,.,O
1228,Rectifying,B-Event
1228,aircraft,I-Event
1228,position,E-Event
1228,.,O
1229,Precision,B-Event
1229,Landing,E-Event
1229,.,O
1229,Rectifying,B-Event
1229,aircraft,I-Event
1229,position,E-Event
1229,.,O
1230,Precision,B-Event
1230,Landing,E-Event
1230,.,O
1230,Rectifying,B-Event
1230,aircraft,I-Event
1230,position,E-Event
1230,.,O
1231,Precision,B-Event
1231,Landing,E-Event
1231,.,O
1231,Rectifying,B-Event
1231,aircraft,I-Event
1231,position,E-Event
1231,.,O
1232,Precision,B-Event
1232,Landing,E-Event
1232,.,O
1232,Rectifying,B-Event
1232,aircraft,I-Event
1232,position,E-Event
1232,.,O
1233,Precision,B-Event
1233,Landing,E-Event
1233,.,O
1233,Rectifying,B-Event
1233,aircraft,I-Event
1233,position,E-Event
1233,.,O
1234,Precision,B-Event
1234,Landing,E-Event
1234,.,O
1234,Rectifying,B-Event
1234,aircraft,I-Event
1234,position,E-Event
1234,.,O
1235,Precision,B-Event
1235,Landing,E-Event
1235,.,O
1235,Rectifying,B-Event
1235,aircraft,I-Event
1235,position,E-Event
1235,.,O
1236,Precision,B-Event
1236,Landing,E-Event
1236,.,O
1236,Rectifying,B-Event
1236,aircraft,I-Event
1236,position,E-Event
1236,.,O
1237,Precision,B-Event
1237,Landing,E-Event
1237,.,O
1237,Rectifying,B-Event
1237,aircraft,I-Event
1237,position,E-Event
1237,.,O
1238,Precision,B-Event
1238,Landing,E-Event
1238,.,O
1238,Rectifying,B-Event
1238,aircraft,I-Event
1238,position,E-Event
1238,.,O
1239,Precision,B-Event
1239,Landing,E-Event
1239,.,O
1239,Rectifying,B-Event
1239,aircraft,I-Event
1239,position,E-Event
1239,.,O
1240,Ground,B-NonEvent
1240,Plain,E-NonEvent
1240,.,O
1240,Safe,B-NonEvent
1240,to,I-NonEvent
1240,Land,E-NonEvent
1240,.,O
1241,Taking,B-Event
1241,Off,E-Event
1241,.,O
1242,Taking,B-Event
1242,Off,E-Event
1242,.,O
1243,Home,B-Event
1243,Point,I-Event
1243,Recorded,E-Event
1243,.,O
1243,RTH,B-NonEvent
1243,Altitude,I-NonEvent
1243,:,I-NonEvent
1243,30m,E-NonEvent
1243,.,O
1244,Tap,B-NonEvent
1244,the,I-NonEvent
1244,screen,I-NonEvent
1244,lightly,I-NonEvent
1244,to,I-NonEvent
1244,focus,E-NonEvent
1244,.,O
1245,In,B-Event
1245,Flight,E-Event
1245,.,O
1246,In,B-Event
1246,Flight,E-Event
1246,.,O
1247,Compass,B-Event
1247,Redundancy,I-Event
1247,Switch,E-Event
1247,.,O
1248,Tap,B-NonEvent
1248,the,I-NonEvent
1248,screen,I-NonEvent
1248,lightly,I-NonEvent
1248,to,I-NonEvent
1248,focus,E-NonEvent
1248,.,O
1249,Tap,B-NonEvent
1249,the,I-NonEvent
1249,screen,I-NonEvent
1249,lightly,I-NonEvent
1249,to,I-NonEvent
1249,focus,E-NonEvent
1249,.,O
1250,Aircraft,B-Event
1250,is,I-Event
1250,returning,I-Event
1250,to,I-Event
1250,the,I-Event
1250,Home,I-Event
1250,Point,E-Event
1250,.,O
1250,Minimum,B-NonEvent
1250,RTH,I-NonEvent
1250,Altitude,I-NonEvent
1250,is30m,I-NonEvent
1250,.,O
1250,You,B-NonEvent
1250,can,I-NonEvent
1250,reset,I-NonEvent
1250,the,I-NonEvent
1250,RTH,I-NonEvent
1250,Altitude,I-NonEvent
1250,in,I-NonEvent
1250,Remote,I-NonEvent
1250,Controller,I-NonEvent
1250,Settings,I-NonEvent
1250,after,I-NonEvent
1250,cancelling,I-NonEvent
1250,RTH,E-NonEvent
1250,.,O
1251,Obstacle,B-Event
1251,Avoidance,I-Event
1251,will,I-Event
1251,be,I-Event
1251,disabled,I-Event
1251,in,I-Event
1251,landing,E-Event
1251,.,O
1252,Locating,B-Event
1252,Landing,I-Event
1252,Point,E-Event
1252,.,O
1253,Ground,B-NonEvent
1253,Plain,E-NonEvent
1253,.,O
1253,Safe,B-NonEvent
1253,to,I-NonEvent
1253,Land,E-NonEvent
1253,.,O
1254,Aircraft,B-NonEvent
1254,is,I-NonEvent
1254,in,I-NonEvent
1254,Attitude,I-NonEvent
1254,mode,E-NonEvent
1254,",",O
1254,so,B-NonEvent
1254,that,I-NonEvent
1254,it,I-NonEvent
1254,will,I-NonEvent
1254,not,I-NonEvent
1254,hover,E-NonEvent
1254,.,O
1254,Please,B-NonEvent
1254,fly,I-NonEvent
1254,with,I-NonEvent
1254,caution,E-NonEvent
1254,.,O
1255,Home,B-Event
1255,Point,I-Event
1255,Recorded,E-Event
1255,.,O
1256,Taking,B-Event
1256,Off,E-Event
1256,.,O
1257,Return-to-Home,B-NonEvent
1257,Altitude,I-NonEvent
1257,:,I-NonEvent
1257,65FT,E-NonEvent
1257,.,O
1258,Home,B-Event
1258,Point,I-Event
1258,Recorded,E-Event
1258,.,O
1259,Large,B-Event
1259,Wind,I-Event
1259,Velocity,E-Event
1259,.,O
1259,Fly,B-NonEvent
1259,with,I-NonEvent
1259,caution,E-NonEvent
1259,.,O
1260,Landing,E-Event
1260,.,O
1261,Weak,B-Event
1261,GPS,I-Event
1261,signal,E-Event
1261,.,O
1261,Aircraft,B-NonEvent
1261,is,I-NonEvent
1261,in,I-NonEvent
1261,Attitude,I-NonEvent
1261,mode,I-NonEvent
1261,and,I-NonEvent
1261,hovering,I-NonEvent
1261,may,I-NonEvent
1261,be,I-NonEvent
1261,unstable,E-NonEvent
1261,.,O
1261,Fly,B-NonEvent
1261,with,I-NonEvent
1261,caution,E-NonEvent
1261,.,O
1262,Tap,B-NonEvent
1262,the,I-NonEvent
1262,screen,I-NonEvent
1262,to,I-NonEvent
1262,focus,E-NonEvent
1262,.,O
1263,Obstacle,B-Event
1263,Sensing,I-Event
1263,will,I-Event
1263,be,I-Event
1263,disabled,I-Event
1263,when,I-Event
1263,aircraft,I-Event
1263,is,I-Event
1263,landing,E-Event
1263,.,O
1263,Fly,B-NonEvent
1263,with,I-NonEvent
1263,caution,E-NonEvent
1263,.,O
1264,SD,B-Event
1264,card,I-Event
1264,write,I-Event
1264,speed,I-Event
1264,is,I-Event
1264,too,I-Event
1264,slow,E-Event
1264,.,O
1264,Not,B-NonEvent
1264,suitable,I-NonEvent
1264,for,I-NonEvent
1264,shooting,I-NonEvent
1264,a,I-NonEvent
1264,4K,I-NonEvent
1264,video,E-NonEvent
1264,.,O
1265,Maximum,B-Event
1265,flight,I-Event
1265,distance,I-Event
1265,reached,E-Event
1265,.,O
1265,Adjust,B-NonEvent
1265,the,I-NonEvent
1265,distance,I-NonEvent
1265,in,I-NonEvent
1265,MC,I-NonEvent
1265,Settings,I-NonEvent
1265,if,I-NonEvent
1265,required,E-NonEvent
1265,.,O
1266,Weak,B-Event
1266,signal,E-Event
1266,.,O
1266,Avoid,B-NonEvent
1266,blocking,I-NonEvent
1266,the,I-NonEvent
1266,antennas,I-NonEvent
1266,and,I-NonEvent
1266,keep,I-NonEvent
1266,the,I-NonEvent
1266,antennas,I-NonEvent
1266,parallel,I-NonEvent
1266,to,I-NonEvent
1266,and,I-NonEvent
1266,facing,I-NonEvent
1266,toward,I-NonEvent
1266,the,I-NonEvent
1266,aircraft,I-NonEvent
1266,during,I-NonEvent
1266,flight,E-NonEvent
1266,.,O
1267,High,B-Event
1267,wind,I-Event
1267,velocity,E-Event
1267,.,O
1267,Ensure,B-NonEvent
1267,the,I-NonEvent
1267,aircraft,I-NonEvent
1267,remains,I-NonEvent
1267,within,I-NonEvent
1267,your,I-NonEvent
1267,line,I-NonEvent
1267,of,I-NonEvent
1267,sight,I-NonEvent
1267,and,I-NonEvent
1267,fly,I-NonEvent
1267,with,I-NonEvent
1267,caution,E-NonEvent
1267,.,O
1268,Maximum,B-Event
1268,flight,I-Event
1268,distance,I-Event
1268,reached,E-Event
1268,.,O
1268,Adjust,B-NonEvent
1268,the,I-NonEvent
1268,distance,I-NonEvent
1268,in,I-NonEvent
1268,MC,I-NonEvent
1268,Settings,I-NonEvent
1268,if,I-NonEvent
1268,required,E-NonEvent
1268,.,O
1269,Obstacle,B-Event
1269,Sensing,I-Event
1269,will,I-Event
1269,be,I-Event
1269,disabled,I-Event
1269,when,I-Event
1269,aircraft,I-Event
1269,is,I-Event
1269,landing,E-Event
1269,.,O
1269,Fly,B-NonEvent
1269,with,I-NonEvent
1269,caution,E-NonEvent
1269,.,O
1270,Backward,B-Event
1270,Obstacle,I-Event
1270,Sensing,I-Event
1270,is,I-Event
1270,not,I-Event
1270,functioning,E-Event
1270,.,O
1271,Sensing,B-Event
1271,system,I-Event
1271,is,I-Event
1271,blocked,I-Event
1271,or,I-Event
1271,too,I-Event
1271,close,I-Event
1271,to,I-Event
1271,the,I-Event
1271,obstacle,E-Event
1271,.,O
1272,Weak,B-Event
1272,GPS,I-Event
1272,signal,E-Event
1272,.,O
1272,Aircraft,B-NonEvent
1272,is,I-NonEvent
1272,in,I-NonEvent
1272,Attitude,I-NonEvent
1272,mode,I-NonEvent
1272,and,I-NonEvent
1272,hovering,I-NonEvent
1272,may,I-NonEvent
1272,be,I-NonEvent
1272,unstable,E-NonEvent
1272,.,O
1272,Fly,B-NonEvent
1272,with,I-NonEvent
1272,caution,E-NonEvent
1272,.,O
1273,Data,B-Event
1273,Recorder,I-Event
1273,File,I-Event
1273,Index,I-Event
1273,is,I-Event
1273,46,E-Event
1273,.,O
1274,RTH,B-NonEvent
1274,Altitude,I-NonEvent
1274,:,I-NonEvent
1274,65FT,E-NonEvent
1274,.,O
1275,Taking,B-Event
1275,off,E-Event
1275,.,O
1276,Home,B-Event
1276,Point,I-Event
1276,Recorded,E-Event
1276,.,O
1277,Home,B-Event
1277,Point,I-Event
1277,Updated,E-Event
1277,.,O
1278,GPS,B-Event
1278,Position,I-Event
1278,Mismatch,E-Event
1278,.,O
1279,GPS,B-Event
1279,Position,I-Event
1279,Mismatch,E-Event
1279,.,O
1280,GPS,B-Event
1280,Position,I-Event
1280,Mismatch,E-Event
1280,.,O
1281,GPS,B-Event
1281,Position,I-Event
1281,Mismatch,E-Event
1281,.,O
1282,GPS,B-Event
1282,Position,I-Event
1282,Mismatch,E-Event
1282,.,O
1283,GPS,B-Event
1283,Position,I-Event
1283,Mismatch,E-Event
1283,.,O
1284,GPS,B-Event
1284,Position,I-Event
1284,Mismatch,E-Event
1284,.,O
1285,GPS,B-Event
1285,Position,I-Event
1285,Mismatch,E-Event
1285,.,O
1286,GPS,B-Event
1286,Position,I-Event
1286,Mismatch,E-Event
1286,.,O
1287,GPS,B-Event
1287,Position,I-Event
1287,Mismatch,E-Event
1287,.,O
1288,GPS,B-Event
1288,Position,I-Event
1288,Mismatch,E-Event
1288,.,O
1289,GPS,B-Event
1289,Position,I-Event
1289,Mismatch,E-Event
1289,.,O
1290,GPS,B-Event
1290,Position,I-Event
1290,Mismatch,E-Event
1290,.,O
1291,GPS,B-Event
1291,Position,I-Event
1291,Mismatch,E-Event
1291,.,O
1292,GPS,B-Event
1292,Position,I-Event
1292,Mismatch,E-Event
1292,.,O
1293,GPS,B-Event
1293,Position,I-Event
1293,Mismatch,E-Event
1293,.,O
1294,Large,B-Event
1294,Wind,I-Event
1294,Velocity,E-Event
1294,.,O
1295,GPS,B-Event
1295,Position,I-Event
1295,Mismatch,E-Event
1295,.,O
1296,GPS,B-Event
1296,Position,I-Event
1296,Mismatch,E-Event
1296,.,O
1297,GPS,B-Event
1297,Position,I-Event
1297,Mismatch,E-Event
1297,.,O
1298,GPS,B-Event
1298,Position,I-Event
1298,Mismatch,E-Event
1298,.,O
1299,GPS,B-Event
1299,Position,I-Event
1299,Mismatch,E-Event
1299,.,O
1300,GPS,B-Event
1300,Position,I-Event
1300,Mismatch,E-Event
1300,.,O
1301,GPS,B-Event
1301,Position,I-Event
1301,Mismatch,E-Event
1301,.,O
1302,GPS,B-Event
1302,Position,I-Event
1302,Mismatch,E-Event
1302,.,O
1303,GPS,B-Event
1303,Position,I-Event
1303,Mismatch,E-Event
1303,.,O
1304,GPS,B-Event
1304,Position,I-Event
1304,Mismatch,E-Event
1304,.,O
1305,GPS,B-Event
1305,Position,I-Event
1305,Mismatch,E-Event
1305,.,O
1306,GPS,B-Event
1306,Position,I-Event
1306,Mismatch,E-Event
1306,.,O
1307,GPS,B-Event
1307,Position,I-Event
1307,Mismatch,E-Event
1307,.,O
1308,GPS,B-Event
1308,Position,I-Event
1308,Mismatch,E-Event
1308,.,O
1309,GPS,B-Event
1309,Position,I-Event
1309,Mismatch,E-Event
1309,.,O
1310,GPS,B-Event
1310,Position,I-Event
1310,Mismatch,E-Event
1310,.,O
1311,GPS,B-Event
1311,Position,I-Event
1311,Mismatch,E-Event
1311,.,O
1312,GPS,B-Event
1312,Position,I-Event
1312,Mismatch,E-Event
1312,.,O
1313,GPS,B-Event
1313,Position,I-Event
1313,Mismatch,E-Event
1313,.,O
1314,GPS,B-Event
1314,Position,I-Event
1314,Mismatch,E-Event
1314,.,O
1315,GPS,B-Event
1315,Position,I-Event
1315,Mismatch,E-Event
1315,.,O
1316,GPS,B-Event
1316,Position,I-Event
1316,Mismatch,E-Event
1316,.,O
1317,GPS,B-Event
1317,Position,I-Event
1317,Mismatch,E-Event
1317,.,O
1318,GPS,B-Event
1318,Position,I-Event
1318,Mismatch,E-Event
1318,.,O
1319,GPS,B-Event
1319,Position,I-Event
1319,Mismatch,E-Event
1319,.,O
1320,GPS,B-Event
1320,Position,I-Event
1320,Mismatch,E-Event
1320,.,O
1321,GPS,B-Event
1321,Position,I-Event
1321,Mismatch,E-Event
1321,.,O
1322,GPS,B-Event
1322,Position,I-Event
1322,Mismatch,E-Event
1322,.,O
1323,GPS,B-Event
1323,Position,I-Event
1323,Mismatch,E-Event
1323,.,O
1324,GPS,B-Event
1324,Position,I-Event
1324,Mismatch,E-Event
1324,.,O
1325,GPS,B-Event
1325,Position,I-Event
1325,Mismatch,E-Event
1325,.,O
1326,GPS,B-Event
1326,Position,I-Event
1326,Mismatch,E-Event
1326,.,O
1327,GPS,B-Event
1327,Position,I-Event
1327,Mismatch,E-Event
1327,.,O
1328,GPS,B-Event
1328,Position,I-Event
1328,Mismatch,E-Event
1328,.,O
1329,GPS,B-Event
1329,Position,I-Event
1329,Mismatch,E-Event
1329,.,O
1330,Landing,E-Event
1330,.,O
1331,Data,B-Event
1331,Recorder,I-Event
1331,File,I-Event
1331,Index,I-Event
1331,is,I-Event
1331,57,E-Event
1331,.,O
1332,Home,B-Event
1332,Point,I-Event
1332,Updated,E-Event
1332,.,O
1333,Obstacle,B-Event
1333,Sensing,I-Event
1333,will,I-Event
1333,be,I-Event
1333,disabled,I-Event
1333,when,I-Event
1333,aircraft,I-Event
1333,is,I-Event
1333,landing,E-Event
1333,.,O
1333,Fly,B-NonEvent
1333,with,I-NonEvent
1333,caution,E-NonEvent
1333,.,O
1334,Maximum,B-Event
1334,flight,I-Event
1334,distance,I-Event
1334,reached,E-Event
1334,.,O
1334,Adjust,B-NonEvent
1334,the,I-NonEvent
1334,distance,I-NonEvent
1334,in,I-NonEvent
1334,MC,I-NonEvent
1334,Settings,I-NonEvent
1334,if,I-NonEvent
1334,required,E-NonEvent
1334,.,O
1335,Weak,B-Event
1335,signal,E-Event
1335,.,O
1335,Avoid,B-NonEvent
1335,blocking,I-NonEvent
1335,the,I-NonEvent
1335,antennas,I-NonEvent
1335,and,I-NonEvent
1335,keep,I-NonEvent
1335,the,I-NonEvent
1335,antennas,I-NonEvent
1335,parallel,I-NonEvent
1335,to,I-NonEvent
1335,and,I-NonEvent
1335,facing,I-NonEvent
1335,toward,I-NonEvent
1335,the,I-NonEvent
1335,aircraft,I-NonEvent
1335,during,I-NonEvent
1335,flight,E-NonEvent
1335,.,O
1336,High,B-Event
1336,wind,I-Event
1336,velocity,E-Event
1336,.,O
1336,Ensure,B-NonEvent
1336,the,I-NonEvent
1336,aircraft,I-NonEvent
1336,remains,I-NonEvent
1336,within,I-NonEvent
1336,your,I-NonEvent
1336,line,I-NonEvent
1336,of,I-NonEvent
1336,sight,I-NonEvent
1336,and,I-NonEvent
1336,fly,I-NonEvent
1336,with,I-NonEvent
1336,caution,E-NonEvent
1336,.,O
1337,Maximum,B-Event
1337,flight,I-Event
1337,distance,I-Event
1337,reached,E-Event
1337,.,O
1337,Adjust,B-NonEvent
1337,the,I-NonEvent
1337,distance,I-NonEvent
1337,in,I-NonEvent
1337,MC,I-NonEvent
1337,Settings,I-NonEvent
1337,if,I-NonEvent
1337,required,E-NonEvent
1337,.,O
1338,High,B-Event
1338,wind,I-Event
1338,velocity,E-Event
1338,.,O
1338,Ensure,B-NonEvent
1338,the,I-NonEvent
1338,aircraft,I-NonEvent
1338,remains,I-NonEvent
1338,within,I-NonEvent
1338,your,I-NonEvent
1338,line,I-NonEvent
1338,of,I-NonEvent
1338,sight,I-NonEvent
1338,and,I-NonEvent
1338,fly,I-NonEvent
1338,with,I-NonEvent
1338,caution,E-NonEvent
1338,.,O
1339,Data,B-Event
1339,Recorder,I-Event
1339,File,I-Event
1339,Index,I-Event
1339,is,I-Event
1339,45,E-Event
1339,.,O
1340,Home,B-Event
1340,Point,I-Event
1340,Updated,E-Event
1340,.,O
1341,Obstacle,B-Event
1341,Sensing,I-Event
1341,will,I-Event
1341,be,I-Event
1341,disabled,I-Event
1341,when,I-Event
1341,aircraft,I-Event
1341,is,I-Event
1341,landing,E-Event
1341,.,O
1341,Fly,B-NonEvent
1341,with,I-NonEvent
1341,caution,E-NonEvent
1341,.,O
1342,Tap,B-NonEvent
1342,the,I-NonEvent
1342,screen,I-NonEvent
1342,to,I-NonEvent
1342,focus,E-NonEvent
1342,.,O
1343,Downlink,B-Event
1343,Lost,E-Event
1343,.,O
1344,Forward,B-Event
1344,Obstacle,I-Event
1344,Sensing,I-Event
1344,not,I-Event
1344,Working,E-Event
1344,.,O
1345,Ambient,B-Event
1345,Light,I-Event
1345,too,I-Event
1345,Weak,E-Event
1345,.,O
1346,Satellite,B-Event
1346,positioning,I-Event
1346,off,E-Event
1346,.,O
1346,Fly,B-NonEvent
1346,with,I-NonEvent
1346,Caution,E-NonEvent
1346,.,O
1347,Satellite,B-Event
1347,positioning,I-Event
1347,off,E-Event
1347,.,O
1347,Fly,B-NonEvent
1347,with,I-NonEvent
1347,Caution,E-NonEvent
1347,.,O
1348,Satellite,B-Event
1348,positioning,I-Event
1348,off,E-Event
1348,.,O
1348,Fly,B-NonEvent
1348,with,I-NonEvent
1348,Caution,E-NonEvent
1348,.,O
1349,Satellite,B-Event
1349,positioning,I-Event
1349,off,E-Event
1349,.,O
1349,Fly,B-NonEvent
1349,with,I-NonEvent
1349,Caution,E-NonEvent
1349,.,O
1350,Satellite,B-Event
1350,positioning,I-Event
1350,off,E-Event
1350,.,O
1350,Fly,B-NonEvent
1350,with,I-NonEvent
1350,Caution,E-NonEvent
1350,.,O
1351,Taking,B-Event
1351,Off,E-Event
1351,.,O
1352,Home,B-Event
1352,Point,I-Event
1352,Recorded,E-Event
1352,",",O
1352,Return-to-Home,B-NonEvent
1352,Altitude,I-NonEvent
1352,:,I-NonEvent
1352,98FT,E-NonEvent
1352,.,O
1353,Tap,B-NonEvent
1353,the,I-NonEvent
1353,screen,I-NonEvent
1353,lightly,I-NonEvent
1353,to,I-NonEvent
1353,focus,E-NonEvent
1353,.,O
1354,Tap,B-NonEvent
1354,the,I-NonEvent
1354,screen,I-NonEvent
1354,lightly,I-NonEvent
1354,to,I-NonEvent
1354,focus,E-NonEvent
1354,.,O
1355,Tap,B-NonEvent
1355,the,I-NonEvent
1355,screen,I-NonEvent
1355,lightly,I-NonEvent
1355,to,I-NonEvent
1355,focus,E-NonEvent
1355,.,O
1356,Aircraft,B-Event
1356,is,I-Event
1356,returning,I-Event
1356,to,I-Event
1356,the,I-Event
1356,Home,I-Event
1356,Point,E-Event
1356,.,O
1356,Minimum,B-NonEvent
1356,RTH,I-NonEvent
1356,Altitude,I-NonEvent
1356,is,I-NonEvent
1356,30m,E-NonEvent
1356,.,O
1356,You,B-NonEvent
1356,can,I-NonEvent
1356,reset,I-NonEvent
1356,the,I-NonEvent
1356,RTH,I-NonEvent
1356,Altitude,I-NonEvent
1356,in,I-NonEvent
1356,Remote,I-NonEvent
1356,Controller,I-NonEvent
1356,Settings,I-NonEvent
1356,after,I-NonEvent
1356,cancelling,I-NonEvent
1356,RTH,I-NonEvent
1356,if,I-NonEvent
1356,necessary,E-NonEvent
1356,.,O
1357,Descending,S-Event
1357,.,O
1357,Exited,B-Event
1357,Visual,I-Event
1357,Avoidance,I-Event
1357,System,E-Event
1357,.,O
1358,Ground,B-NonEvent
1358,Plain,E-NonEvent
1358,.,O
1358,Safe,B-NonEvent
1358,to,I-NonEvent
1358,Land,E-NonEvent
1358,.,O
1359,Precision,B-Event
1359,Landing,E-Event
1359,.,O
1360,Rectifying,B-Event
1360,aircraft,I-Event
1360,position,E-Event
1360,.,O
1361,Precision,B-Event
1361,Landing,E-Event
1361,.,O
1362,Rectifying,B-Event
1362,aircraft,I-Event
1362,position,E-Event
1362,.,O
1363,Precision,B-Event
1363,Landing,E-Event
1363,.,O
1364,Rectifying,B-Event
1364,aircraft,I-Event
1364,position,E-Event
1364,.,O
1365,Precision,B-Event
1365,Landing,E-Event
1365,.,O
1366,Rectifying,B-Event
1366,aircraft,I-Event
1366,position,E-Event
1366,.,O
1367,Data,B-Event
1367,Recorder,I-Event
1367,File,I-Event
1367,Index,I-Event
1367,is,I-Event
1367,5,E-Event
1367,.,O
1368,Taking,B-Event
1368,off,E-Event
1368,.,O
1369,Home,B-Event
1369,Point,I-Event
1369,Recorded,E-Event
1369,.,O
1370,Return-to-Home,B-NonEvent
1370,Altitude,I-NonEvent
1370,:,I-NonEvent
1370,98FT,E-NonEvent
1370,.,O
1371,Home,B-Event
1371,Point,I-Event
1371,Updated,E-Event
1371,.,O
1372,Tap,B-NonEvent
1372,the,I-NonEvent
1372,screen,I-NonEvent
1372,lightly,I-NonEvent
1372,to,I-NonEvent
1372,focus,E-NonEvent
1372,.,O
1373,Tap,B-NonEvent
1373,the,I-NonEvent
1373,screen,I-NonEvent
1373,lightly,I-NonEvent
1373,to,I-NonEvent
1373,focus,E-NonEvent
1373,.,O
1374,Tap,B-NonEvent
1374,the,I-NonEvent
1374,screen,I-NonEvent
1374,lightly,I-NonEvent
1374,to,I-NonEvent
1374,focus,E-NonEvent
1374,.,O
1375,Aircraft,B-Event
1375,is,I-Event
1375,returning,I-Event
1375,to,I-Event
1375,the,I-Event
1375,Home,I-Event
1375,Point,E-Event
1375,.,O
1375,Minimum,B-NonEvent
1375,RTH,I-NonEvent
1375,Altitude,I-NonEvent
1375,is,I-NonEvent
1375,30m,E-NonEvent
1375,.,O
1375,You,B-NonEvent
1375,can,I-NonEvent
1375,reset,I-NonEvent
1375,the,I-NonEvent
1375,RTH,I-NonEvent
1375,Altitude,I-NonEvent
1375,in,I-NonEvent
1375,Remote,I-NonEvent
1375,Controller,I-NonEvent
1375,Settings,I-NonEvent
1375,after,I-NonEvent
1375,cancelling,I-NonEvent
1375,RTH,I-NonEvent
1375,if,I-NonEvent
1375,necessary,E-NonEvent
1375,.,O
1376,RTH,B-Event
1376,:,I-Event
1376,Heading,I-Event
1376,alignment,E-Event
1376,.,O
1377,RTH,B-Event
1377,:,O
1377,Ascending,B-Event
1377,to,I-Event
1377,RTH,I-Event
1377,altitude,E-Event
1377,.,O
1378,RTH,B-Event
1378,:,I-Event
1378,Cruise,E-Event
1378,.,O
1379,Exited,B-Event
1379,Visual,I-Event
1379,Avoidance,I-Event
1379,System,E-Event
1379,.,O
1380,Precision,B-Event
1380,Landing,E-Event
1380,.,O
1380,Rectifying,B-Event
1380,aircraft,I-Event
1380,position,E-Event
1380,.,O
1381,Precision,B-Event
1381,Landing,E-Event
1381,.,O
1381,Rectifying,B-Event
1381,aircraft,I-Event
1381,position,E-Event
1381,.,O
1382,Precision,B-Event
1382,Landing,E-Event
1382,.,O
1382,Rectifying,B-Event
1382,aircraft,I-Event
1382,position,E-Event
1382,.,O
1383,Precision,B-Event
1383,Landing,E-Event
1383,.,O
1383,Rectifying,B-Event
1383,aircraft,I-Event
1383,position,E-Event
1383,.,O
1384,Precision,B-Event
1384,Landing,E-Event
1384,.,O
1384,Rectifying,B-Event
1384,aircraft,I-Event
1384,position,E-Event
1384,.,O
1385,Precision,B-Event
1385,Landing,E-Event
1385,.,O
1385,Rectifying,B-Event
1385,aircraft,I-Event
1385,position,E-Event
1385,.,O
1386,Precision,B-Event
1386,Landing,E-Event
1386,.,O
1386,Rectifying,B-Event
1386,aircraft,I-Event
1386,position,E-Event
1386,.,O
1387,Precision,B-Event
1387,Landing,E-Event
1387,.,O
1387,Rectifying,B-Event
1387,aircraft,I-Event
1387,position,E-Event
1387,.,O
1388,Precision,B-Event
1388,Landing,E-Event
1388,.,O
1388,Rectifying,B-Event
1388,aircraft,I-Event
1388,position,E-Event
1388,.,O
1389,Precision,B-Event
1389,Landing,E-Event
1389,.,O
1389,Rectifying,B-Event
1389,aircraft,I-Event
1389,position,E-Event
1389,.,O
1390,Ground,B-NonEvent
1390,Plain,E-NonEvent
1390,.,O
1390,Safe,B-NonEvent
1390,to,I-NonEvent
1390,Land,E-NonEvent
1390,.,O
1391,Precision,B-Event
1391,Landing,E-Event
1391,.,O
1391,Rectifying,B-Event
1391,aircraft,I-Event
1391,position,E-Event
1391,.,O
1392,Taking,B-Event
1392,Off,E-Event
1392,.,O
1393,Taking,B-Event
1393,Off,E-Event
1393,.,O
1394,Home,B-Event
1394,Point,I-Event
1394,Recorded,E-Event
1394,.,O
1394,RTH,B-NonEvent
1394,Altitude,I-NonEvent
1394,:,I-NonEvent
1394,30m,E-NonEvent
1394,.,O
1395,Tap,B-NonEvent
1395,the,I-NonEvent
1395,screen,I-NonEvent
1395,lightly,I-NonEvent
1395,to,I-NonEvent
1395,focus,E-NonEvent
1395,.,O
1396,Obstacle,B-Event
1396,Avoided,E-Event
1396,.,O
1396,Revise,B-Event
1396,Flight,I-Event
1396,Route,E-Event
1396,.,O
1397,Obstacle,B-Event
1397,Avoidance,I-Event
1397,will,I-Event
1397,be,I-Event
1397,disabled,I-Event
1397,in,I-Event
1397,landing,E-Event
1397,.,O
1398,Flight,B-Event
1398,Mode,I-Event
1398,Set,I-Event
1398,to,I-Event
1398,Attitude,E-Event
1398,.,O
1399,Set,B-NonEvent
1399,Flight,I-NonEvent
1399,Mode,I-NonEvent
1399,to,I-NonEvent
1399,GPS,I-NonEvent
1399,to,I-NonEvent
1399,fly,I-NonEvent
1399,safe,E-NonEvent
1399,.,O
1400,Flight,B-Event
1400,Mode,I-Event
1400,Set,I-Event
1400,to,I-Event
1400,Attitude,E-Event
1400,.,O
1401,Set,B-NonEvent
1401,Flight,I-NonEvent
1401,Mode,I-NonEvent
1401,to,I-NonEvent
1401,GPS,I-NonEvent
1401,to,I-NonEvent
1401,fly,I-NonEvent
1401,safe,E-NonEvent
1401,.,O
1402,Home,B-Event
1402,Point,I-Event
1402,Recorded,E-Event
1402,.,O
1403,Flight,B-Event
1403,Mode,I-Event
1403,Set,I-Event
1403,to,I-Event
1403,Attitude,E-Event
1403,.,O
1404,Set,B-NonEvent
1404,Flight,I-NonEvent
1404,Mode,I-NonEvent
1404,to,I-NonEvent
1404,GPS,I-NonEvent
1404,to,I-NonEvent
1404,fly,I-NonEvent
1404,safe,E-NonEvent
1404,.,O
1405,Flight,B-Event
1405,Mode,I-Event
1405,Set,I-Event
1405,to,I-Event
1405,Attitude,E-Event
1405,.,O
1406,Set,B-NonEvent
1406,Flight,I-NonEvent
1406,Mode,I-NonEvent
1406,to,I-NonEvent
1406,GPS,I-NonEvent
1406,to,I-NonEvent
1406,fly,I-NonEvent
1406,safe,E-NonEvent
1406,.,O
1407,Take,B-Event
1407,off,I-Event
1407,in,I-Event
1407,P-Mode,E-Event
1407,.,O
1408,Aircraft,B-NonEvent
1408,is,I-NonEvent
1408,in,I-NonEvent
1408,Attitude,I-NonEvent
1408,mode,E-NonEvent
1408,",",O
1408,so,B-NonEvent
1408,that,I-NonEvent
1408,it,I-NonEvent
1408,will,I-NonEvent
1408,not,I-NonEvent
1408,hover,E-NonEvent
1408,.,O
1408,Please,B-NonEvent
1408,fly,I-NonEvent
1408,with,I-NonEvent
1408,caution,E-NonEvent
1408,.,O
1409,Flight,B-Event
1409,Mode,I-Event
1409,Set,I-Event
1409,to,I-Event
1409,Attitude,E-Event
1409,.,O
1410,Set,B-NonEvent
1410,Flight,I-NonEvent
1410,Mode,I-NonEvent
1410,to,I-NonEvent
1410,GPS,I-NonEvent
1410,to,I-NonEvent
1410,fly,I-NonEvent
1410,safe,E-NonEvent
1410,.,O
1411,Flight,B-Event
1411,Mode,I-Event
1411,Set,I-Event
1411,to,I-Event
1411,Attitude,E-Event
1411,.,O
1412,Set,B-NonEvent
1412,Flight,I-NonEvent
1412,Mode,I-NonEvent
1412,to,I-NonEvent
1412,GPS,I-NonEvent
1412,to,I-NonEvent
1412,fly,I-NonEvent
1412,safe,E-NonEvent
1412,.,O
1413,Flight,B-Event
1413,Mode,I-Event
1413,Set,I-Event
1413,to,I-Event
1413,Attitude,E-Event
1413,.,O
1414,Set,B-NonEvent
1414,Flight,I-NonEvent
1414,Mode,I-NonEvent
1414,to,I-NonEvent
1414,GPS,I-NonEvent
1414,to,I-NonEvent
1414,fly,I-NonEvent
1414,safe,E-NonEvent
1414,.,O
1415,Flight,B-Event
1415,Mode,I-Event
1415,Set,I-Event
1415,to,I-Event
1415,Attitude,E-Event
1415,.,O
1416,Set,B-NonEvent
1416,Flight,I-NonEvent
1416,Mode,I-NonEvent
1416,to,I-NonEvent
1416,GPS,I-NonEvent
1416,to,I-NonEvent
1416,fly,I-NonEvent
1416,safe,E-NonEvent
1416,.,O
1417,Flight,B-Event
1417,Mode,I-Event
1417,Set,I-Event
1417,to,I-Event
1417,Attitude,E-Event
1417,.,O
1418,Set,B-NonEvent
1418,Flight,I-NonEvent
1418,Mode,I-NonEvent
1418,to,I-NonEvent
1418,GPS,I-NonEvent
1418,to,I-NonEvent
1418,fly,I-NonEvent
1418,safe,E-NonEvent
1418,.,O
1419,Take,B-Event
1419,off,I-Event
1419,in,I-Event
1419,P-Mode,E-Event
1419,.,O
1420,Battery,B-Event
1420,Signal,I-Event
1420,Error,E-Event
1420,.,O
1420,Check,B-NonEvent
1420,battery,I-NonEvent
1420,connection,E-NonEvent
1420,.,O
1421,Battery,B-Event
1421,Signal,I-Event
1421,Error,E-Event
1421,.,O
1421,Check,B-NonEvent
1421,battery,I-NonEvent
1421,connection,E-NonEvent
1421,.,O
1422,Aircraft,B-NonEvent
1422,is,I-NonEvent
1422,in,I-NonEvent
1422,Attitude,I-NonEvent
1422,mode,E-NonEvent
1422,",",O
1422,so,B-NonEvent
1422,that,I-NonEvent
1422,it,I-NonEvent
1422,will,I-NonEvent
1422,not,I-NonEvent
1422,hover,E-NonEvent
1422,.,O
1422,Please,B-NonEvent
1422,fly,I-NonEvent
1422,with,I-NonEvent
1422,caution,E-NonEvent
1422,.,O
1423,Flight,B-Event
1423,Mode,I-Event
1423,Set,I-Event
1423,to,I-Event
1423,Attitude,E-Event
1423,.,O
1424,Set,B-NonEvent
1424,Flight,I-NonEvent
1424,Mode,I-NonEvent
1424,to,I-NonEvent
1424,GPS,I-NonEvent
1424,to,I-NonEvent
1424,fly,I-NonEvent
1424,safe,E-NonEvent
1424,.,O
1425,Compass,B-Event
1425,Stuck,E-Event
1425,.,O
1425,Restart,B-NonEvent
1425,Aircraft,E-NonEvent
1425,.,O
1425,Contact,B-NonEvent
1425,DJI,I-NonEvent
1425,Support,I-NonEvent
1425,if,I-NonEvent
1425,this,I-NonEvent
1425,persists,E-NonEvent
1425,.,O
1426,Maximum,B-Event
1426,Flight,I-Event
1426,Distance,I-Event
1426,Reached,E-Event
1426,.,O
1426,Adjust,B-NonEvent
1426,distance,I-NonEvent
1426,in,I-NonEvent
1426,MC,I-NonEvent
1426,Settings,I-NonEvent
1426,if,I-NonEvent
1426,required,E-NonEvent
1426,.,O
1427,Maximum,B-Event
1427,Flight,I-Event
1427,Distance,I-Event
1427,Reached,E-Event
1427,.,O
1427,Adjust,B-NonEvent
1427,distance,I-NonEvent
1427,in,I-NonEvent
1427,MC,I-NonEvent
1427,Settings,I-NonEvent
1427,if,I-NonEvent
1427,required,E-NonEvent
1427,.,O
1428,Data,B-Event
1428,Recorder,I-Event
1428,File,I-Event
1428,Index,I-Event
1428,is,I-Event
1428,13,E-Event
1428,.,O
1429,RTH,B-NonEvent
1429,Altitude,I-NonEvent
1429,:,I-NonEvent
1429,98FT,E-NonEvent
1429,.,O
1430,Taking,B-Event
1430,off,E-Event
1430,.,O
1431,Maximum,B-Event
1431,Flight,I-Event
1431,Distance,I-Event
1431,Reached,E-Event
1431,.,O
1431,Adjust,B-NonEvent
1431,distance,I-NonEvent
1431,in,I-NonEvent
1431,MC,I-NonEvent
1431,Settings,I-NonEvent
1431,if,I-NonEvent
1431,required,E-NonEvent
1431,.,O
1432,Maximum,B-Event
1432,Flight,I-Event
1432,Distance,I-Event
1432,Reached,E-Event
1432,.,O
1432,Adjust,B-NonEvent
1432,distance,I-NonEvent
1432,in,I-NonEvent
1432,MC,I-NonEvent
1432,Settings,I-NonEvent
1432,if,I-NonEvent
1432,required,E-NonEvent
1432,.,O
1433,Strong,B-Event
1433,wireless,I-Event
1433,interference,E-Event
1433,.,O
1433,Please,B-NonEvent
1433,fly,I-NonEvent
1433,with,I-NonEvent
1433,caution,E-NonEvent
1433,.,O
1434,Strong,B-Event
1434,Interference,I-Event
1434,Detected,E-Event
1434,.,O
1434,Be,B-NonEvent
1434,careful,I-NonEvent
1434,when,I-NonEvent
1434,flying,I-NonEvent
1434,long,I-NonEvent
1434,distances,E-NonEvent
1434,.,O
1435,Taking,B-Event
1435,Off,E-Event
1435,.,O
1436,Strong,B-Event
1436,Interference,I-Event
1436,Detected,E-Event
1436,.,O
1436,Be,B-NonEvent
1436,careful,I-NonEvent
1436,when,I-NonEvent
1436,flying,I-NonEvent
1436,long,I-NonEvent
1436,distances,E-NonEvent
1436,.,O
1437,Strong,B-Event
1437,Interference,I-Event
1437,Detected,E-Event
1437,.,O
1437,Be,B-NonEvent
1437,careful,I-NonEvent
1437,when,I-NonEvent
1437,flying,I-NonEvent
1437,long,I-NonEvent
1437,distances,E-NonEvent
1437,.,O
1438,Strong,B-Event
1438,Interference,I-Event
1438,Detected,E-Event
1438,.,O
1438,Be,B-NonEvent
1438,careful,I-NonEvent
1438,when,I-NonEvent
1438,flying,I-NonEvent
1438,long,I-NonEvent
1438,distances,E-NonEvent
1438,.,O
1439,Strong,B-Event
1439,Interference,I-Event
1439,Detected,E-Event
1439,.,O
1439,Be,B-NonEvent
1439,careful,I-NonEvent
1439,when,I-NonEvent
1439,flying,I-NonEvent
1439,long,I-NonEvent
1439,distances,E-NonEvent
1439,.,O
1440,Strong,B-Event
1440,Interference,I-Event
1440,Detected,E-Event
1440,.,O
1440,Be,B-NonEvent
1440,careful,I-NonEvent
1440,when,I-NonEvent
1440,flying,I-NonEvent
1440,long,I-NonEvent
1440,distances,E-NonEvent
1440,.,O
1441,Strong,B-Event
1441,Interference,I-Event
1441,Detected,E-Event
1441,.,O
1441,Be,B-NonEvent
1441,careful,I-NonEvent
1441,when,I-NonEvent
1441,flying,I-NonEvent
1441,long,I-NonEvent
1441,distances,E-NonEvent
1441,.,O
1442,Strong,B-Event
1442,Interference,I-Event
1442,Detected,E-Event
1442,.,O
1442,Be,B-NonEvent
1442,careful,I-NonEvent
1442,when,I-NonEvent
1442,flying,I-NonEvent
1442,long,I-NonEvent
1442,distances,E-NonEvent
1442,.,O
1443,Strong,B-Event
1443,Interference,I-Event
1443,Detected,E-Event
1443,.,O
1443,Be,B-NonEvent
1443,careful,I-NonEvent
1443,when,I-NonEvent
1443,flying,I-NonEvent
1443,long,I-NonEvent
1443,distances,E-NonEvent
1443,.,O
1444,Compass,B-Event
1444,Error,E-Event
1444,.,O
1444,Exit,B-NonEvent
1444,P-GPS,I-NonEvent
1444,Mode,E-NonEvent
1444,.,O
1445,Strong,B-Event
1445,Interference,I-Event
1445,Detected,E-Event
1445,.,O
1445,Be,B-NonEvent
1445,careful,I-NonEvent
1445,when,I-NonEvent
1445,flying,I-NonEvent
1445,long,I-NonEvent
1445,distances,E-NonEvent
1445,.,O
1446,Strong,B-Event
1446,Interference,I-Event
1446,Detected,E-Event
1446,.,O
1446,Be,B-NonEvent
1446,careful,I-NonEvent
1446,when,I-NonEvent
1446,flying,I-NonEvent
1446,long,I-NonEvent
1446,distances,E-NonEvent
1446,.,O
1447,Strong,B-Event
1447,Interference,I-Event
1447,Detected,E-Event
1447,.,O
1447,Be,B-NonEvent
1447,careful,I-NonEvent
1447,when,I-NonEvent
1447,flying,I-NonEvent
1447,long,I-NonEvent
1447,distances,E-NonEvent
1447,.,O
1448,Strong,B-Event
1448,Interference,I-Event
1448,Detected,E-Event
1448,.,O
1448,Be,B-NonEvent
1448,careful,I-NonEvent
1448,when,I-NonEvent
1448,flying,I-NonEvent
1448,long,I-NonEvent
1448,distances,E-NonEvent
1448,.,O
1449,Strong,B-Event
1449,wireless,I-Event
1449,interference,E-Event
1449,.,O
1449,Please,B-NonEvent
1449,fly,I-NonEvent
1449,with,I-NonEvent
1449,caution,E-NonEvent
1449,.,O
1450,Strong,B-Event
1450,wireless,I-Event
1450,interference,E-Event
1450,.,O
1450,Please,B-NonEvent
1450,fly,I-NonEvent
1450,with,I-NonEvent
1450,caution,E-NonEvent
1450,.,O
1451,Strong,B-Event
1451,wireless,I-Event
1451,interference,E-Event
1451,.,O
1451,Please,B-NonEvent
1451,fly,I-NonEvent
1451,with,I-NonEvent
1451,caution,E-NonEvent
1451,.,O
1452,Strong,B-Event
1452,wireless,I-Event
1452,interference,E-Event
1452,.,O
1452,Please,B-NonEvent
1452,fly,I-NonEvent
1452,with,I-NonEvent
1452,caution,E-NonEvent
1452,.,O
1453,Strong,B-Event
1453,wireless,I-Event
1453,interference,E-Event
1453,.,O
1453,Please,B-NonEvent
1453,fly,I-NonEvent
1453,with,I-NonEvent
1453,caution,E-NonEvent
1453,.,O
1454,Strong,B-Event
1454,wireless,I-Event
1454,interference,E-Event
1454,.,O
1454,Please,B-NonEvent
1454,fly,I-NonEvent
1454,with,I-NonEvent
1454,caution,E-NonEvent
1454,.,O
1455,Strong,B-Event
1455,wireless,I-Event
1455,interference,E-Event
1455,.,O
1455,Please,B-NonEvent
1455,fly,I-NonEvent
1455,with,I-NonEvent
1455,caution,E-NonEvent
1455,.,O
1456,Landing,E-Event
1456,.,O
1457,Aircraft,B-NonEvent
1457,is,I-NonEvent
1457,in,I-NonEvent
1457,Attitude,I-NonEvent
1457,mode,E-NonEvent
1457,",",O
1457,so,B-NonEvent
1457,that,I-NonEvent
1457,it,I-NonEvent
1457,will,I-NonEvent
1457,not,I-NonEvent
1457,hover,E-NonEvent
1457,.,O
1457,Please,B-NonEvent
1457,fly,I-NonEvent
1457,with,I-NonEvent
1457,caution,E-NonEvent
1457,.,O
1458,Aircraft,B-NonEvent
1458,is,I-NonEvent
1458,in,I-NonEvent
1458,Attitude,I-NonEvent
1458,mode,E-NonEvent
1458,",",O
1458,so,B-NonEvent
1458,that,I-NonEvent
1458,it,I-NonEvent
1458,will,I-NonEvent
1458,not,I-NonEvent
1458,hover,E-NonEvent
1458,.,O
1458,Please,B-NonEvent
1458,fly,I-NonEvent
1458,with,I-NonEvent
1458,caution,E-NonEvent
1458,.,O
1459,Home,B-Event
1459,Point,I-Event
1459,Recorded,E-Event
1459,.,O
1460,Taking,B-Event
1460,Off,E-Event
1460,.,O
1461,Return-to-Home,B-NonEvent
1461,Altitude,I-NonEvent
1461,:,I-NonEvent
1461,98FT,E-NonEvent
1461,.,O
1462,Low,B-Event
1462,Power,E-Event
1462,.,O
1462,Returning,B-Event
1462,home,E-Event
1462,.,O
1463,Aircraft,B-NonEvent
1463,is,I-NonEvent
1463,in,I-NonEvent
1463,Attitude,I-NonEvent
1463,mode,E-NonEvent
1463,",",O
1463,so,B-NonEvent
1463,that,I-NonEvent
1463,it,I-NonEvent
1463,will,I-NonEvent
1463,not,I-NonEvent
1463,hover,E-NonEvent
1463,.,O
1463,Please,B-NonEvent
1463,fly,I-NonEvent
1463,with,I-NonEvent
1463,caution,E-NonEvent
1463,.,O
1464,RTH,B-NonEvent
1464,Altitude,I-NonEvent
1464,:,I-NonEvent
1464,98FT,E-NonEvent
1464,.,O
1464,Data,B-Event
1464,Recorder,I-Event
1464,File,I-Event
1464,Index,I-Event
1464,is,I-Event
1464,1,E-Event
1464,.,O
1465,Home,B-Event
1465,Point,I-Event
1465,Recorded,E-Event
1465,.,O
1465,Taking,B-Event
1465,off,E-Event
1465,.,O
1466,Low,B-Event
1466,Power,E-Event
1466,.,O
1466,Returning,B-Event
1466,home,E-Event
1466,.,O
1467,Taking,B-Event
1467,Off,E-Event
1467,.,O
1468,Max,B-Event
1468,Flight,I-Event
1468,Distance,I-Event
1468,Reached,E-Event
1468,.,O
1468,Adjust,B-NonEvent
1468,in,I-NonEvent
1468,Main,I-NonEvent
1468,Controller,I-NonEvent
1468,Settings,I-NonEvent
1468,if,I-NonEvent
1468,necessary,E-NonEvent
1468,.,O
1469,Aircraft,B-Event
1469,out,I-Event
1469,of,I-Event
1469,Range,E-Event
1469,.,O
1470,Aircraft,B-Event
1470,out,I-Event
1470,of,I-Event
1470,Range,E-Event
1470,.,O
1471,Aircraft,B-Event
1471,out,I-Event
1471,of,I-Event
1471,Range,E-Event
1471,.,O
1472,Aircraft,B-Event
1472,out,I-Event
1472,of,I-Event
1472,Range,E-Event
1472,.,O
1473,Aircraft,B-Event
1473,out,I-Event
1473,of,I-Event
1473,Range,E-Event
1473,.,O
1474,Aircraft,B-Event
1474,out,I-Event
1474,of,I-Event
1474,Range,E-Event
1474,.,O
1475,Aircraft,B-Event
1475,out,I-Event
1475,of,I-Event
1475,Range,E-Event
1475,.,O
1476,Aircraft,B-Event
1476,out,I-Event
1476,of,I-Event
1476,Range,E-Event
1476,.,O
1477,Aircraft,B-Event
1477,out,I-Event
1477,of,I-Event
1477,Range,E-Event
1477,.,O
1478,Aircraft,B-Event
1478,out,I-Event
1478,of,I-Event
1478,Range,E-Event
1478,.,O
1479,Cannot,B-Event
1479,change,I-Event
1479,current,I-Event
1479,flight,I-Event
1479,mode,E-Event
1479,.,O
1479,Enable,B-NonEvent
1479,Multiple,I-NonEvent
1479,Flight,I-NonEvent
1479,Modes,I-NonEvent
1479,in,I-NonEvent
1479,Settings,I-NonEvent
1479,menu,I-NonEvent
1479,to,I-NonEvent
1479,change,E-NonEvent
1479,.,O
1480,Max,B-Event
1480,Flight,I-Event
1480,Distance,I-Event
1480,Reached,E-Event
1480,.,O
1480,Adjust,B-NonEvent
1480,in,I-NonEvent
1480,Main,I-NonEvent
1480,Controller,I-NonEvent
1480,Settings,I-NonEvent
1480,if,I-NonEvent
1480,necessary,E-NonEvent
1480,.,O
1481,Aircraft,B-Event
1481,out,I-Event
1481,of,I-Event
1481,Range,E-Event
1481,.,O
1482,Aircraft,B-Event
1482,out,I-Event
1482,of,I-Event
1482,Range,E-Event
1482,.,O
1483,Aircraft,B-Event
1483,out,I-Event
1483,of,I-Event
1483,Range,E-Event
1483,.,O
1484,Aircraft,B-Event
1484,out,I-Event
1484,of,I-Event
1484,Range,E-Event
1484,.,O
1485,Aircraft,B-Event
1485,out,I-Event
1485,of,I-Event
1485,Range,E-Event
1485,.,O
1486,Max,B-Event
1486,Flight,I-Event
1486,Distance,I-Event
1486,Reached,E-Event
1486,.,O
1486,Adjust,B-NonEvent
1486,in,I-NonEvent
1486,Main,I-NonEvent
1486,Controller,I-NonEvent
1486,Settings,I-NonEvent
1486,if,I-NonEvent
1486,necessary,E-NonEvent
1486,.,O
1487,Cannot,B-Event
1487,change,I-Event
1487,current,I-Event
1487,flight,I-Event
1487,mode,E-Event
1487,.,O
1487,Enable,B-NonEvent
1487,Multiple,I-NonEvent
1487,Flight,I-NonEvent
1487,Modes,I-NonEvent
1487,in,I-NonEvent
1487,Settings,I-NonEvent
1487,menu,I-NonEvent
1487,to,I-NonEvent
1487,change,E-NonEvent
1487,.,O
1488,Returning,B-Event
1488,to,I-Event
1488,the,I-Event
1488,Home,I-Event
1488,Point,E-Event
1488,.,O
1489,Returning,B-Event
1489,to,I-Event
1489,the,I-Event
1489,Home,I-Event
1489,Point,E-Event
1489,.,O
1490,Landing,B-Event
1490,Canceled,E-Event
1490,.,O
1491,Strong,B-Event
1491,Interference,E-Event
1491,.,O
1491,Fly,B-NonEvent
1491,with,I-NonEvent
1491,caution,E-NonEvent
1491,.,O
1492,Motors,B-Event
1492,Started,E-Event
1492,.,O
1493,Cannot,B-Event
1493,enter,I-Event
1493,the,I-Event
1493,selected,I-Event
1493,flight,I-Event
1493,mode,E-Event
1493,.,O
1493,Try,B-NonEvent
1493,again,I-NonEvent
1493,later,E-NonEvent
1493,.,O
1494,Right,B-Event
1494,Dial,I-Event
1494,Locked,E-Event
1494,.,O
1494,Lightly,B-NonEvent
1494,press,I-NonEvent
1494,to,I-NonEvent
1494,adjust,E-NonEvent
1494,.,O
1495,Right,B-Event
1495,Dial,I-Event
1495,Locked,E-Event
1495,.,O
1495,Lightly,B-NonEvent
1495,press,I-NonEvent
1495,to,I-NonEvent
1495,adjust,E-NonEvent
1495,.,O
1496,Motors,B-Event
1496,Started,E-Event
1496,.,O
1497,Braking,B-NonEvent
1497,now,E-NonEvent
1497,!,O
1497,Return,B-NonEvent
1497,sticks,I-NonEvent
1497,to,I-NonEvent
1497,midpoints,I-NonEvent
1497,first,E-NonEvent
1497,.,O
1498,Braking,B-NonEvent
1498,now,E-NonEvent
1498,!,O
1498,Return,B-NonEvent
1498,sticks,I-NonEvent
1498,to,I-NonEvent
1498,midpoints,I-NonEvent
1498,first,E-NonEvent
1498,.,O
1499,Braking,B-NonEvent
1499,now,E-NonEvent
1499,!,O
1499,Return,B-NonEvent
1499,sticks,I-NonEvent
1499,to,I-NonEvent
1499,midpoints,I-NonEvent
1499,first,E-NonEvent
1499,.,O
1500,Braking,B-NonEvent
1500,now,E-NonEvent
1500,!,O
1500,Return,B-NonEvent
1500,sticks,I-NonEvent
1500,to,I-NonEvent
1500,midpoints,I-NonEvent
1500,first,E-NonEvent
1500,.,O
1501,Braking,B-NonEvent
1501,now,E-NonEvent
1501,!,O
1501,Return,B-NonEvent
1501,sticks,I-NonEvent
1501,to,I-NonEvent
1501,midpoints,I-NonEvent
1501,first,E-NonEvent
1501,.,O
1502,Home,B-Event
1502,Point,I-Event
1502,Recorded,E-Event
1502,",",O
1502,Return-to-Home,B-NonEvent
1502,Altitude,I-NonEvent
1502,:,I-NonEvent
1502,98FT,E-NonEvent
1502,.,O
1503,Braking,B-NonEvent
1503,now,E-NonEvent
1503,!,O
1503,Return,B-NonEvent
1503,sticks,I-NonEvent
1503,to,I-NonEvent
1503,midpoints,I-NonEvent
1503,first,E-NonEvent
1503,.,O
1504,Braking,B-NonEvent
1504,now,E-NonEvent
1504,!,O
1504,Return,B-NonEvent
1504,sticks,I-NonEvent
1504,to,I-NonEvent
1504,midpoints,I-NonEvent
1504,first,E-NonEvent
1504,.,O
1505,Strong,B-Event
1505,Interference,E-Event
1505,.,O
1505,Fly,B-NonEvent
1505,with,I-NonEvent
1505,caution,E-NonEvent
1505,.,O
1506,Right,B-Event
1506,Dial,I-Event
1506,Locked,E-Event
1506,.,O
1506,Lightly,B-NonEvent
1506,press,I-NonEvent
1506,to,I-NonEvent
1506,adjust,E-NonEvent
1506,.,O
1507,Strong,B-Event
1507,Interference,E-Event
1507,.,O
1507,Fly,B-NonEvent
1507,with,I-NonEvent
1507,caution,E-NonEvent
1507,.,O
1508,Strong,B-Event
1508,Interference,E-Event
1508,.,O
1508,Fly,B-NonEvent
1508,with,I-NonEvent
1508,caution,E-NonEvent
1508,.,O
1509,Strong,B-Event
1509,Interference,E-Event
1509,.,O
1509,Fly,B-NonEvent
1509,with,I-NonEvent
1509,caution,E-NonEvent
1509,.,O
1510,Taking,B-Event
1510,Off,E-Event
1510,.,O
1511,Strong,B-Event
1511,Interference,E-Event
1511,.,O
1511,Fly,B-NonEvent
1511,with,I-NonEvent
1511,caution,E-NonEvent
1511,.,O
1512,Home,B-Event
1512,Point,I-Event
1512,Recorded,E-Event
1512,",",O
1512,Return-to-Home,B-NonEvent
1512,Altitude,I-NonEvent
1512,:,I-NonEvent
1512,98FT,E-NonEvent
1512,.,O
1513,Strong,B-Event
1513,Interference,E-Event
1513,.,O
1513,Fly,B-NonEvent
1513,with,I-NonEvent
1513,caution,E-NonEvent
1513,.,O
1514,Strong,B-Event
1514,Interference,E-Event
1514,.,O
1514,Fly,B-NonEvent
1514,with,I-NonEvent
1514,caution,E-NonEvent
1514,.,O
1515,Braking,B-NonEvent
1515,now,E-NonEvent
1515,!,O
1515,Return,B-NonEvent
1515,sticks,I-NonEvent
1515,to,I-NonEvent
1515,midpoints,I-NonEvent
1515,first,E-NonEvent
1515,.,O
1516,Braking,B-NonEvent
1516,now,E-NonEvent
1516,!,O
1516,Return,B-NonEvent
1516,sticks,I-NonEvent
1516,to,I-NonEvent
1516,midpoints,I-NonEvent
1516,first,E-NonEvent
1516,.,O
1517,Braking,B-NonEvent
1517,now,E-NonEvent
1517,!,O
1517,Return,B-NonEvent
1517,sticks,I-NonEvent
1517,to,I-NonEvent
1517,midpoints,I-NonEvent
1517,first,E-NonEvent
1517,.,O
1518,Data,B-Event
1518,Recorder,I-Event
1518,File,I-Event
1518,Index,I-Event
1518,is,I-Event
1518,4,E-Event
1518,.,O
1519,Motors,B-Event
1519,Started,E-Event
1519,.,O
1520,Downlink,B-Event
1520,Restored,I-Event
1520,(after,I-Event
1520,0m,I-Event
1520,1,E-Event
1520,.,O
1520,4s),E-Event
1520,.,O
1521,Downlink,B-Event
1521,Restored,I-Event
1521,(after,I-Event
1521,0m,I-Event
1521,0,E-Event
1521,.,O
1521,9s),E-Event
1521,.,O
1522,Downlink,B-Event
1522,Restored,I-Event
1522,(after,I-Event
1522,0m,I-Event
1522,1,E-Event
1522,.,O
1522,2s),E-Event
1522,.,O
1523,Downlink,B-Event
1523,Restored,I-Event
1523,(after,I-Event
1523,0m,I-Event
1523,1,E-Event
1523,.,O
1523,1s),E-Event
1523,.,O
1524,Downlink,B-Event
1524,Restored,I-Event
1524,(after,I-Event
1524,0m,I-Event
1524,1s),E-Event
1524,.,O
1525,Downlink,B-Event
1525,Restored,I-Event
1525,(after,I-Event
1525,0m,I-Event
1525,1,E-Event
1525,.,O
1525,6s),E-Event
1525,.,O
1526,Downlink,B-Event
1526,Restored,I-Event
1526,(after,I-Event
1526,0m,I-Event
1526,1,E-Event
1526,.,O
1526,1s),E-Event
1526,.,O
1527,Downlink,B-Event
1527,Restored,I-Event
1527,(after,I-Event
1527,0m,I-Event
1527,1,E-Event
1527,.,O
1527,2s),E-Event
1527,.,O
1528,Downlink,B-Event
1528,Restored,I-Event
1528,(after,I-Event
1528,0m,I-Event
1528,1,E-Event
1528,.,O
1528,4s),E-Event
1528,.,O
1529,Downlink,B-Event
1529,Restored,I-Event
1529,(after,I-Event
1529,0m,I-Event
1529,1,E-Event
1529,.,O
1529,2s),E-Event
1529,.,O
1530,Downlink,B-Event
1530,Restored,I-Event
1530,(after,I-Event
1530,0m,I-Event
1530,1s),E-Event
1530,.,O
1531,Home,B-Event
1531,Point,I-Event
1531,Recorded,E-Event
1531,",",O
1531,Return-to-Home,B-NonEvent
1531,Altitude,I-NonEvent
1531,:,I-NonEvent
1531,98FT,E-NonEvent
1531,.,O
1532,Downlink,B-Event
1532,Lost,E-Event
1532,.,O
1533,Downlink,B-Event
1533,Lost,E-Event
1533,.,O
1534,Downlink,B-Event
1534,Lost,E-Event
1534,.,O
1535,Downlink,B-Event
1535,Lost,E-Event
1535,.,O
1536,Downlink,B-Event
1536,Lost,E-Event
1536,.,O
1537,Downlink,B-Event
1537,Lost,E-Event
1537,.,O
1538,Braking,B-NonEvent
1538,now,E-NonEvent
1538,!,O
1538,Return,B-NonEvent
1538,sticks,I-NonEvent
1538,to,I-NonEvent
1538,midpoints,I-NonEvent
1538,first,E-NonEvent
1538,.,O
1539,Downlink,B-Event
1539,Lost,E-Event
1539,.,O
1540,Braking,B-NonEvent
1540,now,E-NonEvent
1540,!,O
1540,Return,B-NonEvent
1540,sticks,I-NonEvent
1540,to,I-NonEvent
1540,midpoints,I-NonEvent
1540,first,E-NonEvent
1540,.,O
1541,Braking,B-NonEvent
1541,now,E-NonEvent
1541,!,O
1541,Return,B-NonEvent
1541,sticks,I-NonEvent
1541,to,I-NonEvent
1541,midpoints,I-NonEvent
1541,first,E-NonEvent
1541,.,O
1542,Braking,B-NonEvent
1542,now,E-NonEvent
1542,!,O
1542,Return,B-NonEvent
1542,sticks,I-NonEvent
1542,to,I-NonEvent
1542,midpoints,I-NonEvent
1542,first,E-NonEvent
1542,.,O
1543,Braking,B-NonEvent
1543,now,E-NonEvent
1543,!,O
1543,Return,B-NonEvent
1543,sticks,I-NonEvent
1543,to,I-NonEvent
1543,midpoints,I-NonEvent
1543,first,E-NonEvent
1543,.,O
1544,Data,B-Event
1544,Recorder,I-Event
1544,File,I-Event
1544,Index,I-Event
1544,is,I-Event
1544,4,E-Event
1544,.,O
1545,Taking,B-Event
1545,off,E-Event
1545,.,O
1546,Home,B-Event
1546,Point,I-Event
1546,Updated,E-Event
1546,.,O
1547,Exited,B-Event
1547,Visual,I-Event
1547,Avoidance,I-Event
1547,System,E-Event
1547,.,O
1548,Aircraft,B-NonEvent
1548,is,I-NonEvent
1548,close,I-NonEvent
1548,to,I-NonEvent
1548,Home,I-NonEvent
1548,Point,E-NonEvent
1548,.,O
1548,Return-to-Home,B-Event
1548,Mode,I-Event
1548,is,I-Event
1548,now,I-Event
1548,Auto,I-Event
1548,Landing,I-Event
1548,Mode,E-Event
1548,.,O
1549,Exited,B-Event
1549,Visual,I-Event
1549,Avoidance,I-Event
1549,System,E-Event
1549,.,O
1550,Home,B-Event
1550,Point,I-Event
1550,Recorded,E-Event
1550,",",O
1550,Return-to-Home,B-NonEvent
1550,Altitude,I-NonEvent
1550,:,I-NonEvent
1550,98FT,E-NonEvent
1550,.,O
1551,Aircraft,B-NonEvent
1551,is,I-NonEvent
1551,close,I-NonEvent
1551,to,I-NonEvent
1551,Home,I-NonEvent
1551,Point,E-NonEvent
1551,.,O
1551,Return-to-Home,B-Event
1551,Mode,I-Event
1551,is,I-Event
1551,now,I-Event
1551,Auto,I-Event
1551,Landing,I-Event
1551,Mode,E-Event
1551,.,O
1552,Strong,B-Event
1552,Interference,E-Event
1552,.,O
1552,Fly,B-NonEvent
1552,with,I-NonEvent
1552,caution,E-NonEvent
1552,.,O
1553,Strong,B-Event
1553,Interference,E-Event
1553,.,O
1553,Fly,B-NonEvent
1553,with,I-NonEvent
1553,caution,E-NonEvent
1553,.,O
1554,Strong,B-Event
1554,Interference,E-Event
1554,.,O
1554,Fly,B-NonEvent
1554,with,I-NonEvent
1554,caution,E-NonEvent
1554,.,O
1555,Braking,B-NonEvent
1555,now,E-NonEvent
1555,!,O
1555,Return,B-NonEvent
1555,sticks,I-NonEvent
1555,to,I-NonEvent
1555,midpoints,I-NonEvent
1555,first,E-NonEvent
1555,.,O
1556,Braking,B-NonEvent
1556,now,E-NonEvent
1556,!,O
1556,Return,B-NonEvent
1556,sticks,I-NonEvent
1556,to,I-NonEvent
1556,midpoints,I-NonEvent
1556,first,E-NonEvent
1556,.,O
1557,Taking,B-Event
1557,Off,E-Event
1557,.,O
1558,Taking,B-Event
1558,Off,E-Event
1558,.,O
1559,Home,B-Event
1559,Point,I-Event
1559,Recorded,E-Event
1559,.,O
1559,RTH,B-NonEvent
1559,Altitude,I-NonEvent
1559,:,I-NonEvent
1559,30m,E-NonEvent
1559,.,O
1560,Obstacle,B-Event
1560,Avoided,E-Event
1560,.,O
1560,Revise,B-Event
1560,Flight,I-Event
1560,Route,E-Event
1560,.,O
1561,Home,B-Event
1561,Point,I-Event
1561,Recorded,E-Event
1561,.,O
1561,RTH,B-NonEvent
1561,Altitude,I-NonEvent
1561,:,I-NonEvent
1561,30m,E-NonEvent
1561,.,O
1562,Fly,B-NonEvent
1562,with,I-NonEvent
1562,caution,I-NonEvent
1562,and,I-NonEvent
1562,ensure,I-NonEvent
1562,the,I-NonEvent
1562,aircraft,I-NonEvent
1562,remains,I-NonEvent
1562,within,I-NonEvent
1562,your,I-NonEvent
1562,line,I-NonEvent
1562,of,I-NonEvent
1562,sight,E-NonEvent
1562,.,O
1563,Fly,B-NonEvent
1563,with,I-NonEvent
1563,caution,I-NonEvent
1563,and,I-NonEvent
1563,ensure,I-NonEvent
1563,the,I-NonEvent
1563,aircraft,I-NonEvent
1563,remains,I-NonEvent
1563,within,I-NonEvent
1563,your,I-NonEvent
1563,line,I-NonEvent
1563,of,I-NonEvent
1563,sight,E-NonEvent
1563,.,O
1564,Fly,B-NonEvent
1564,with,I-NonEvent
1564,caution,I-NonEvent
1564,and,I-NonEvent
1564,ensure,I-NonEvent
1564,the,I-NonEvent
1564,aircraft,I-NonEvent
1564,remains,I-NonEvent
1564,within,I-NonEvent
1564,your,I-NonEvent
1564,line,I-NonEvent
1564,of,I-NonEvent
1564,sight,E-NonEvent
1564,.,O
1565,Remote,B-Event
1565,Controller,I-Event
1565,Right,I-Event
1565,Dial,I-Event
1565,Locked,E-Event
1565,.,O
1565,Lightly,B-NonEvent
1565,press,I-NonEvent
1565,it,I-NonEvent
1565,to,I-NonEvent
1565,adjust,E-NonEvent
1565,.,O
1566,Remote,B-Event
1566,Controller,I-Event
1566,Right,I-Event
1566,Dial,I-Event
1566,Locked,E-Event
1566,.,O
1566,Lightly,B-NonEvent
1566,press,I-NonEvent
1566,it,I-NonEvent
1566,to,I-NonEvent
1566,adjust,E-NonEvent
1566,.,O
1567,Satellite,B-Event
1567,positioning,I-Event
1567,off,E-Event
1567,.,O
1567,Fly,B-NonEvent
1567,with,I-NonEvent
1567,Caution,E-NonEvent
1567,.,O
1568,Strong,B-Event
1568,Interference,E-Event
1568,.,O
1568,Fly,B-NonEvent
1568,with,I-NonEvent
1568,caution,E-NonEvent
1568,.,O
1569,Strong,B-Event
1569,Interference,E-Event
1569,.,O
1569,Fly,B-NonEvent
1569,with,I-NonEvent
1569,caution,E-NonEvent
1569,.,O
1570,Home,B-Event
1570,Point,I-Event
1570,Recorded,E-Event
1570,",",O
1570,Return-to-Home,B-NonEvent
1570,Altitude,I-NonEvent
1570,:,I-NonEvent
1570,98FT,E-NonEvent
1570,.,O
1571,Strong,B-Event
1571,Interference,E-Event
1571,.,O
1571,Fly,B-NonEvent
1571,with,I-NonEvent
1571,caution,E-NonEvent
1571,.,O
1572,Strong,B-Event
1572,Interference,E-Event
1572,.,O
1572,Fly,B-NonEvent
1572,with,I-NonEvent
1572,caution,E-NonEvent
1572,.,O
1573,Strong,B-Event
1573,Interference,E-Event
1573,.,O
1573,Fly,B-NonEvent
1573,with,I-NonEvent
1573,caution,E-NonEvent
1573,.,O
1574,Strong,B-Event
1574,Interference,E-Event
1574,.,O
1574,Fly,B-NonEvent
1574,with,I-NonEvent
1574,caution,E-NonEvent
1574,.,O
1575,Strong,B-Event
1575,Interference,E-Event
1575,.,O
1575,Fly,B-NonEvent
1575,with,I-NonEvent
1575,caution,E-NonEvent
1575,.,O
1576,Lens,B-Event
1576,not,I-Event
1576,connected,E-Event
1576,.,O
1577,Satellite,B-Event
1577,positioning,I-Event
1577,off,E-Event
1577,.,O
1577,Fly,B-NonEvent
1577,with,I-NonEvent
1577,Caution,E-NonEvent
1577,.,O
1578,Taking,B-Event
1578,Off,E-Event
1578,.,O
1579,Home,B-Event
1579,Point,I-Event
1579,Recorded,E-Event
1579,",",O
1579,Return-to-Home,B-NonEvent
1579,Altitude,I-NonEvent
1579,:,I-NonEvent
1579,98FT,E-NonEvent
1579,.,O
1580,Maximum,B-Event
1580,Flight,I-Event
1580,Altitude,I-Event
1580,Reached,E-Event
1580,.,O
1580,Adjust,B-NonEvent
1580,altitude,I-NonEvent
1580,in,I-NonEvent
1580,MC,I-NonEvent
1580,Settings,I-NonEvent
1580,if,I-NonEvent
1580,required,E-NonEvent
1580,.,O
1581,Braking,B-NonEvent
1581,now,E-NonEvent
1581,!,O
1581,Return,B-NonEvent
1581,sticks,I-NonEvent
1581,to,I-NonEvent
1581,midpoints,I-NonEvent
1581,first,E-NonEvent
1581,.,O
1582,Braking,B-NonEvent
1582,now,E-NonEvent
1582,!,O
1582,Return,B-NonEvent
1582,sticks,I-NonEvent
1582,to,I-NonEvent
1582,midpoints,I-NonEvent
1582,first,E-NonEvent
1582,.,O
1583,Data,B-Event
1583,Recorder,I-Event
1583,File,I-Event
1583,Index,I-Event
1583,is,I-Event
1583,7,E-Event
1583,.,O
1584,Large,B-Event
1584,Wind,I-Event
1584,Velocity,E-Event
1584,.,O
1585,Taking,B-Event
1585,off,E-Event
1585,.,O
1586,Home,B-Event
1586,Point,I-Event
1586,Recorded,E-Event
1586,",",O
1586,Return-to-Home,B-NonEvent
1586,Altitude,I-NonEvent
1586,:,I-NonEvent
1586,98FT,E-NonEvent
1586,.,O
1587,Maximum,B-Event
1587,Flight,I-Event
1587,Altitude,I-Event
1587,Reached,E-Event
1587,.,O
1588,Braking,B-NonEvent
1588,now,E-NonEvent
1588,!,O
1588,Return,B-NonEvent
1588,sticks,I-NonEvent
1588,to,I-NonEvent
1588,midpoints,I-NonEvent
1588,first,E-NonEvent
1588,.,O
1589,Taking,B-Event
1589,Off,E-Event
1589,.,O
1590,Taking,B-Event
1590,Off,E-Event
1590,.,O
1591,Home,B-Event
1591,Point,I-Event
1591,Recorded,E-Event
1591,.,O
1591,RTH,B-NonEvent
1591,Altitude,I-NonEvent
1591,:,I-NonEvent
1591,30m,E-NonEvent
1591,.,O
1592,Obstacle,B-Event
1592,Avoided,E-Event
1592,.,O
1592,Revise,B-Event
1592,Flight,I-Event
1592,Route,E-Event
1592,.,O
1593,Obstacle,B-Event
1593,Avoided,E-Event
1593,.,O
1593,Revise,B-Event
1593,Flight,I-Event
1593,Route,E-Event
1593,.,O
1594,Obstacle,B-Event
1594,Avoided,E-Event
1594,.,O
1594,Revise,B-Event
1594,Flight,I-Event
1594,Route,E-Event
1594,.,O
1595,Obstacle,B-Event
1595,Avoided,E-Event
1595,.,O
1595,Revise,B-Event
1595,Flight,I-Event
1595,Route,E-Event
1595,.,O
1596,Obstacle,B-Event
1596,Avoided,E-Event
1596,.,O
1596,Revise,B-Event
1596,Flight,I-Event
1596,Route,E-Event
1596,.,O
1597,Obstacle,B-Event
1597,Avoided,E-Event
1597,.,O
1597,Revise,B-Event
1597,Flight,I-Event
1597,Route,E-Event
1597,.,O
1598,Obstacle,B-Event
1598,Avoided,E-Event
1598,.,O
1598,Revise,B-Event
1598,Flight,I-Event
1598,Route,E-Event
1598,.,O
1599,Taking,B-Event
1599,Off,E-Event
1599,.,O
1600,Taking,B-Event
1600,Off,E-Event
1600,.,O
1601,Home,B-Event
1601,Point,I-Event
1601,Recorded,E-Event
1601,.,O
1601,RTH,B-NonEvent
1601,Altitude,I-NonEvent
1601,:,I-NonEvent
1601,30m,E-NonEvent
1601,.,O
1602,Camera,B-Event
1602,Settings,I-Event
1602,Adjusted,I-Event
1602,to,I-Event
1602,ActiveTrack,E-Event
1602,.,O
1603,Camera,B-Event
1603,Settings,I-Event
1603,Adjusted,I-Event
1603,to,I-Event
1603,ActiveTrack,E-Event
1603,.,O
1604,Drag,B-NonEvent
1604,a,I-NonEvent
1604,box,I-NonEvent
1604,around,I-NonEvent
1604,or,I-NonEvent
1604,tap,I-NonEvent
1604,a,I-NonEvent
1604,target,I-NonEvent
1604,on,I-NonEvent
1604,screen,E-NonEvent
1604,.,O
1604,Then,B-NonEvent
1604,tap,I-NonEvent
1604,Go,E-NonEvent
1604,.,O
1605,Subject,B-Event
1605,too,I-Event
1605,Large,E-Event
1605,.,O
1605,Move,B-NonEvent
1605,Away,I-NonEvent
1605,and,I-NonEvent
1605,retry,E-NonEvent
1605,.,O
1606,Aircraft,B-NonEvent
1606,is,I-NonEvent
1606,in,I-NonEvent
1606,QuickShot,I-NonEvent
1606,Mode,E-NonEvent
1606,.,O
1606,Ensure,B-NonEvent
1606,your,I-NonEvent
1606,enviornment,I-NonEvent
1606,is,I-NonEvent
1606,free,I-NonEvent
1606,of,I-NonEvent
1606,potential,I-NonEvent
1606,obstacles,E-NonEvent
1606,.,O
1607,Drag,B-NonEvent
1607,a,I-NonEvent
1607,box,I-NonEvent
1607,around,I-NonEvent
1607,or,I-NonEvent
1607,tap,I-NonEvent
1607,a,I-NonEvent
1607,target,I-NonEvent
1607,on,I-NonEvent
1607,screen,E-NonEvent
1607,.,O
1607,Then,B-NonEvent
1607,tap,I-NonEvent
1607,Go,E-NonEvent
1607,.,O
1608,Drag,B-NonEvent
1608,a,I-NonEvent
1608,box,I-NonEvent
1608,around,I-NonEvent
1608,or,I-NonEvent
1608,tap,I-NonEvent
1608,a,I-NonEvent
1608,target,I-NonEvent
1608,on,I-NonEvent
1608,screen,E-NonEvent
1608,.,O
1608,Then,B-NonEvent
1608,tap,I-NonEvent
1608,Go,E-NonEvent
1608,.,O
1609,Aircraft,B-NonEvent
1609,is,I-NonEvent
1609,in,I-NonEvent
1609,QuickShot,I-NonEvent
1609,Mode,E-NonEvent
1609,.,O
1609,Ensure,B-NonEvent
1609,your,I-NonEvent
1609,enviornment,I-NonEvent
1609,is,I-NonEvent
1609,free,I-NonEvent
1609,of,I-NonEvent
1609,potential,I-NonEvent
1609,obstacles,E-NonEvent
1609,.,O
1610,Camera,B-Event
1610,Settings,I-Event
1610,Adjusted,I-Event
1610,to,I-Event
1610,ActiveTrack,E-Event
1610,.,O
1611,Camera,B-Event
1611,Settings,I-Event
1611,Adjusted,I-Event
1611,to,I-Event
1611,ActiveTrack,E-Event
1611,.,O
1612,Drag,B-NonEvent
1612,a,I-NonEvent
1612,box,I-NonEvent
1612,around,I-NonEvent
1612,or,I-NonEvent
1612,tap,I-NonEvent
1612,a,I-NonEvent
1612,target,I-NonEvent
1612,on,I-NonEvent
1612,screen,E-NonEvent
1612,.,O
1612,Then,B-NonEvent
1612,tap,I-NonEvent
1612,Go,E-NonEvent
1612,.,O
1613,Cannot,B-Event
1613,Identify,I-Event
1613,Subject,E-Event
1613,.,O
1614,Tap,B-NonEvent
1614,to,I-NonEvent
1614,choose,I-NonEvent
1614,a,I-NonEvent
1614,valid,I-NonEvent
1614,zone,E-NonEvent
1614,.,O
1615,Drag,B-NonEvent
1615,a,I-NonEvent
1615,box,I-NonEvent
1615,around,I-NonEvent
1615,or,I-NonEvent
1615,tap,I-NonEvent
1615,a,I-NonEvent
1615,target,I-NonEvent
1615,on,I-NonEvent
1615,screen,E-NonEvent
1615,.,O
1615,Then,B-NonEvent
1615,tap,I-NonEvent
1615,Go,E-NonEvent
1615,.,O
1616,Subject,B-Event
1616,lost,E-Event
1616,.,O
1616,Searching,B-Event
1616,.,E-Event
1616,.,O
1616,.,O
1617,Subject,B-Event
1617,too,I-Event
1617,Small,E-Event
1617,.,O
1617,Get,B-NonEvent
1617,Closer,I-NonEvent
1617,and,I-NonEvent
1617,retry,E-NonEvent
1617,.,O
1618,Subject,B-Event
1618,too,I-Event
1618,Small,E-Event
1618,.,O
1618,Get,B-NonEvent
1618,Closer,I-NonEvent
1618,and,I-NonEvent
1618,retry,E-NonEvent
1618,.,O
1619,Drag,B-NonEvent
1619,a,I-NonEvent
1619,box,I-NonEvent
1619,around,I-NonEvent
1619,or,I-NonEvent
1619,tap,I-NonEvent
1619,a,I-NonEvent
1619,target,I-NonEvent
1619,on,I-NonEvent
1619,screen,E-NonEvent
1619,.,O
1619,Then,B-NonEvent
1619,tap,I-NonEvent
1619,Go,E-NonEvent
1619,.,O
1620,Aircraft,B-NonEvent
1620,is,I-NonEvent
1620,in,I-NonEvent
1620,QuickShot,I-NonEvent
1620,Mode,E-NonEvent
1620,.,O
1620,Ensure,B-NonEvent
1620,your,I-NonEvent
1620,enviornment,I-NonEvent
1620,is,I-NonEvent
1620,free,I-NonEvent
1620,of,I-NonEvent
1620,potential,I-NonEvent
1620,obstacles,E-NonEvent
1620,.,O
1621,Aircraft,B-Event
1621,is,I-Event
1621,returning,I-Event
1621,to,I-Event
1621,the,I-Event
1621,Home,I-Event
1621,Point,E-Event
1621,.,O
1621,Minimum,B-NonEvent
1621,RTH,I-NonEvent
1621,Altitude,I-NonEvent
1621,is,I-NonEvent
1621,30m,E-NonEvent
1621,.,O
1621,You,B-NonEvent
1621,can,I-NonEvent
1621,reset,I-NonEvent
1621,the,I-NonEvent
1621,RTH,I-NonEvent
1621,Altitude,I-NonEvent
1621,in,I-NonEvent
1621,Remote,I-NonEvent
1621,Controller,I-NonEvent
1621,Settings,I-NonEvent
1621,after,I-NonEvent
1621,cancelling,I-NonEvent
1621,RTH,E-NonEvent
1621,.,O
1622,Obstacle,B-Event
1622,Avoidance,I-Event
1622,will,I-Event
1622,be,I-Event
1622,disabled,I-Event
1622,in,I-Event
1622,landing,E-Event
1622,.,O
1623,The,B-NonEvent
1623,remaining,I-NonEvent
1623,battery,I-NonEvent
1623,is,I-NonEvent
1623,only,I-NonEvent
1623,enough,I-NonEvent
1623,for,I-NonEvent
1623,RTH,E-NonEvent
1623,.,O
1623,Return,B-NonEvent
1623,home,I-NonEvent
1623,now,E-NonEvent
1623,.,O
1624,Landing,B-Event
1624,Canceled,E-Event
1624,.,O
1625,The,B-NonEvent
1625,remaining,I-NonEvent
1625,battery,I-NonEvent
1625,is,I-NonEvent
1625,only,I-NonEvent
1625,enough,I-NonEvent
1625,for,I-NonEvent
1625,RTH,E-NonEvent
1625,.,O
1625,Return,B-NonEvent
1625,home,I-NonEvent
1625,now,E-NonEvent
1625,.,O
1626,Critically,B-Event
1626,Low,I-Event
1626,Power,E-Event
1626,.,O
1626,Aircraft,B-Event
1626,Landing,E-Event
1626,.,O
1627,Obstacle,B-Event
1627,Avoidance,I-Event
1627,will,I-Event
1627,be,I-Event
1627,disabled,I-Event
1627,in,I-Event
1627,landing,E-Event
1627,.,O
1628,Command,B-Event
1628,Failed,E-Event
1628,.,O
1629,Backward,B-Event
1629,Obstacle,I-Event
1629,Sensing,I-Event
1629,is,I-Event
1629,not,I-Event
1629,functioning,E-Event
1629,.,O
1630,Backward,B-Event
1630,Obstacle,I-Event
1630,Sensing,I-Event
1630,is,I-Event
1630,not,I-Event
1630,functioning,E-Event
1630,.,O
1631,Backward,B-Event
1631,Obstacle,I-Event
1631,Sensing,I-Event
1631,is,I-Event
1631,not,I-Event
1631,functioning,E-Event
1631,.,O
1632,Ambient,B-Event
1632,Light,I-Event
1632,is,I-Event
1632,too,I-Event
1632,weak,E-Event
1632,.,O
1633,Home,B-Event
1633,Point,I-Event
1633,recorded,E-Event
1633,.,O
1633,Return-to-Home,B-NonEvent
1633,Altitude,I-NonEvent
1633,:,I-NonEvent
1633,98FT,E-NonEvent
1633,.,O
1634,High,B-Event
1634,wind,I-Event
1634,velocity,E-Event
1634,.,O
1634,Ensure,B-NonEvent
1634,the,I-NonEvent
1634,aircraft,I-NonEvent
1634,remains,I-NonEvent
1634,within,I-NonEvent
1634,your,I-NonEvent
1634,line,I-NonEvent
1634,of,I-NonEvent
1634,sight,I-NonEvent
1634,and,I-NonEvent
1634,fly,I-NonEvent
1634,with,I-NonEvent
1634,caution,E-NonEvent
1634,.,O
1635,Weak,B-Event
1635,signal,E-Event
1635,.,O
1635,Avoid,B-NonEvent
1635,blocking,I-NonEvent
1635,the,I-NonEvent
1635,antennas,I-NonEvent
1635,and,I-NonEvent
1635,keep,I-NonEvent
1635,the,I-NonEvent
1635,antennas,I-NonEvent
1635,parallel,I-NonEvent
1635,to,I-NonEvent
1635,and,I-NonEvent
1635,facing,I-NonEvent
1635,toward,I-NonEvent
1635,the,I-NonEvent
1635,aircraft,I-NonEvent
1635,during,I-NonEvent
1635,flight,E-NonEvent
1635,.,O
1636,High,B-Event
1636,wind,I-Event
1636,velocity,E-Event
1636,.,O
1636,Fly,B-NonEvent
1636,with,I-NonEvent
1636,caution,I-NonEvent
1636,and,I-NonEvent
1636,land,I-NonEvent
1636,in,I-NonEvent
1636,a,I-NonEvent
1636,safe,I-NonEvent
1636,place,I-NonEvent
1636,ASAP,E-NonEvent
1636,.,O
1637,Forward,B-Event
1637,Obstacle,I-Event
1637,Sensing,I-Event
1637,is,I-Event
1637,not,I-Event
1637,functioning,E-Event
1637,.,O
1638,Attitude,B-Event
1638,is,I-Event
1638,too,I-Event
1638,large,E-Event
1638,.,O
1638,Backward,B-Event
1638,Obstacle,I-Event
1638,Sensing,I-Event
1638,is,I-Event
1638,not,I-Event
1638,functioning,E-Event
1638,.,O
1639,Obstacle,B-Event
1639,Sensing,I-Event
1639,will,I-Event
1639,be,I-Event
1639,disabled,I-Event
1639,when,I-Event
1639,aircraft,I-Event
1639,is,I-Event
1639,landing,E-Event
1639,.,O
1639,Fly,B-NonEvent
1639,with,I-NonEvent
1639,caution,E-NonEvent
1639,.,O
1640,Forward,B-Event
1640,Obstacle,I-Event
1640,Sensing,I-Event
1640,is,I-Event
1640,not,I-Event
1640,functioning,E-Event
1640,.,O
1641,Ambient,B-Event
1641,Light,I-Event
1641,is,I-Event
1641,too,I-Event
1641,weak,E-Event
1641,.,O
1642,Data,B-Event
1642,Recorder,I-Event
1642,File,I-Event
1642,Index,I-Event
1642,is,I-Event
1642,4,E-Event
1642,.,O
1643,Home,B-Event
1643,Point,I-Event
1643,Updated,E-Event
1643,.,O
1644,Downlink,B-Event
1644,Restored,I-Event
1644,(after,I-Event
1644,0m,I-Event
1644,5,E-Event
1644,.,O
1644,6s),E-Event
1644,.,O
1645,Downlink,B-Event
1645,Restored,I-Event
1645,(after,I-Event
1645,0m,I-Event
1645,5,E-Event
1645,.,O
1645,8s),E-Event
1645,.,O
1646,Downlink,B-Event
1646,Restored,I-Event
1646,(after,I-Event
1646,0m,I-Event
1646,11s),E-Event
1646,.,O
1647,Downlink,B-Event
1647,Restored,I-Event
1647,(after,I-Event
1647,0m,I-Event
1647,2,E-Event
1647,.,O
1647,2s),E-Event
1647,.,O
1648,Attitude,B-Event
1648,is,I-Event
1648,too,I-Event
1648,large,E-Event
1648,.,O
1648,Backward,B-Event
1648,Obstacle,I-Event
1648,Sensing,I-Event
1648,is,I-Event
1648,not,I-Event
1648,functioning,E-Event
1648,.,O
1649,Obstacle,B-Event
1649,Sensing,I-Event
1649,will,I-Event
1649,be,I-Event
1649,disabled,I-Event
1649,when,I-Event
1649,aircraft,I-Event
1649,is,I-Event
1649,landing,E-Event
1649,.,O
1649,Fly,B-NonEvent
1649,with,I-NonEvent
1649,caution,E-NonEvent
1649,.,O
1650,Home,B-Event
1650,Point,I-Event
1650,recorded,E-Event
1650,.,O
1650,Return-to-Home,B-NonEvent
1650,Altitude,I-NonEvent
1650,:,I-NonEvent
1650,98FT,E-NonEvent
1650,.,O
1651,High,B-Event
1651,wind,I-Event
1651,velocity,E-Event
1651,.,O
1651,Ensure,B-NonEvent
1651,the,I-NonEvent
1651,aircraft,I-NonEvent
1651,remains,I-NonEvent
1651,within,I-NonEvent
1651,your,I-NonEvent
1651,line,I-NonEvent
1651,of,I-NonEvent
1651,sight,I-NonEvent
1651,and,I-NonEvent
1651,fly,I-NonEvent
1651,with,I-NonEvent
1651,caution,E-NonEvent
1651,.,O
1652,High,B-Event
1652,wind,I-Event
1652,velocity,E-Event
1652,.,O
1652,Ensure,B-NonEvent
1652,the,I-NonEvent
1652,aircraft,I-NonEvent
1652,remains,I-NonEvent
1652,within,I-NonEvent
1652,your,I-NonEvent
1652,line,I-NonEvent
1652,of,I-NonEvent
1652,sight,I-NonEvent
1652,and,I-NonEvent
1652,fly,I-NonEvent
1652,with,I-NonEvent
1652,caution,E-NonEvent
1652,.,O
1653,Weak,B-Event
1653,signal,E-Event
1653,.,O
1653,Avoid,B-NonEvent
1653,blocking,I-NonEvent
1653,the,I-NonEvent
1653,antennas,I-NonEvent
1653,and,I-NonEvent
1653,keep,I-NonEvent
1653,the,I-NonEvent
1653,antennas,I-NonEvent
1653,parallel,I-NonEvent
1653,to,I-NonEvent
1653,and,I-NonEvent
1653,facing,I-NonEvent
1653,toward,I-NonEvent
1653,the,I-NonEvent
1653,aircraft,I-NonEvent
1653,during,I-NonEvent
1653,flight,E-NonEvent
1653,.,O
1653,Downlink,B-Event
1653,Lost,E-Event
1653,.,O
1654,Downlink,B-Event
1654,Lost,E-Event
1654,.,O
1655,High,B-Event
1655,wind,I-Event
1655,velocity,E-Event
1655,.,O
1655,Ensure,B-NonEvent
1655,the,I-NonEvent
1655,aircraft,I-NonEvent
1655,remains,I-NonEvent
1655,within,I-NonEvent
1655,your,I-NonEvent
1655,line,I-NonEvent
1655,of,I-NonEvent
1655,sight,I-NonEvent
1655,and,I-NonEvent
1655,fly,I-NonEvent
1655,with,I-NonEvent
1655,caution,E-NonEvent
1655,.,O
1655,Downlink,B-Event
1655,Lost,E-Event
1655,.,O
1656,Downlink,B-Event
1656,Lost,E-Event
1656,.,O
1657,Downlink,B-Event
1657,Lost,E-Event
1657,.,O
1658,High,B-Event
1658,wind,I-Event
1658,velocity,E-Event
1658,.,O
1658,Ensure,B-NonEvent
1658,the,I-NonEvent
1658,aircraft,I-NonEvent
1658,remains,I-NonEvent
1658,within,I-NonEvent
1658,your,I-NonEvent
1658,line,I-NonEvent
1658,of,I-NonEvent
1658,sight,I-NonEvent
1658,and,I-NonEvent
1658,fly,I-NonEvent
1658,with,I-NonEvent
1658,caution,E-NonEvent
1658,.,O
1659,High,B-Event
1659,wind,I-Event
1659,velocity,E-Event
1659,.,O
1659,Ensure,B-NonEvent
1659,the,I-NonEvent
1659,aircraft,I-NonEvent
1659,remains,I-NonEvent
1659,within,I-NonEvent
1659,your,I-NonEvent
1659,line,I-NonEvent
1659,of,I-NonEvent
1659,sight,I-NonEvent
1659,and,I-NonEvent
1659,fly,I-NonEvent
1659,with,I-NonEvent
1659,caution,E-NonEvent
1659,.,O
1660,High,B-Event
1660,wind,I-Event
1660,velocity,E-Event
1660,.,O
1660,Fly,B-NonEvent
1660,with,I-NonEvent
1660,caution,I-NonEvent
1660,and,I-NonEvent
1660,land,I-NonEvent
1660,in,I-NonEvent
1660,a,I-NonEvent
1660,safe,I-NonEvent
1660,place,I-NonEvent
1660,ASAP,E-NonEvent
1660,.,O
1661,Forward,B-Event
1661,Obstacle,I-Event
1661,Sensing,I-Event
1661,is,I-Event
1661,not,I-Event
1661,functioning,E-Event
1661,.,O
1662,High,B-Event
1662,wind,I-Event
1662,velocity,E-Event
1662,.,O
1662,Ensure,B-NonEvent
1662,the,I-NonEvent
1662,aircraft,I-NonEvent
1662,remains,I-NonEvent
1662,within,I-NonEvent
1662,your,I-NonEvent
1662,line,I-NonEvent
1662,of,I-NonEvent
1662,sight,I-NonEvent
1662,and,I-NonEvent
1662,fly,I-NonEvent
1662,with,I-NonEvent
1662,caution,E-NonEvent
1662,.,O
1663,High,B-Event
1663,wind,I-Event
1663,velocity,E-Event
1663,.,O
1663,Ensure,B-NonEvent
1663,the,I-NonEvent
1663,aircraft,I-NonEvent
1663,remains,I-NonEvent
1663,within,I-NonEvent
1663,your,I-NonEvent
1663,line,I-NonEvent
1663,of,I-NonEvent
1663,sight,I-NonEvent
1663,and,I-NonEvent
1663,fly,I-NonEvent
1663,with,I-NonEvent
1663,caution,E-NonEvent
1663,.,O
1664,High,B-Event
1664,wind,I-Event
1664,velocity,E-Event
1664,.,O
1664,Fly,B-NonEvent
1664,with,I-NonEvent
1664,caution,I-NonEvent
1664,and,I-NonEvent
1664,land,I-NonEvent
1664,in,I-NonEvent
1664,a,I-NonEvent
1664,safe,I-NonEvent
1664,place,I-NonEvent
1664,ASAP,E-NonEvent
1664,.,O
1665,High,B-Event
1665,wind,I-Event
1665,velocity,E-Event
1665,.,O
1665,Ensure,B-NonEvent
1665,the,I-NonEvent
1665,aircraft,I-NonEvent
1665,remains,I-NonEvent
1665,within,I-NonEvent
1665,your,I-NonEvent
1665,line,I-NonEvent
1665,of,I-NonEvent
1665,sight,I-NonEvent
1665,and,I-NonEvent
1665,fly,I-NonEvent
1665,with,I-NonEvent
1665,caution,E-NonEvent
1665,.,O
1666,High,B-Event
1666,wind,I-Event
1666,velocity,E-Event
1666,.,O
1666,Ensure,B-NonEvent
1666,the,I-NonEvent
1666,aircraft,I-NonEvent
1666,remains,I-NonEvent
1666,within,I-NonEvent
1666,your,I-NonEvent
1666,line,I-NonEvent
1666,of,I-NonEvent
1666,sight,I-NonEvent
1666,and,I-NonEvent
1666,fly,I-NonEvent
1666,with,I-NonEvent
1666,caution,E-NonEvent
1666,.,O
1667,Home,B-Event
1667,Point,I-Event
1667,Recorded,E-Event
1667,.,O
1667,RTH,B-NonEvent
1667,Altitude,I-NonEvent
1667,:,I-NonEvent
1667,30m,E-NonEvent
1667,.,O
1668,Fly,B-NonEvent
1668,with,I-NonEvent
1668,caution,I-NonEvent
1668,and,I-NonEvent
1668,ensure,I-NonEvent
1668,the,I-NonEvent
1668,aircraft,I-NonEvent
1668,remains,I-NonEvent
1668,within,I-NonEvent
1668,your,I-NonEvent
1668,line,I-NonEvent
1668,of,I-NonEvent
1668,sight,E-NonEvent
1668,.,O
1669,Fly,B-NonEvent
1669,with,I-NonEvent
1669,caution,I-NonEvent
1669,and,I-NonEvent
1669,ensure,I-NonEvent
1669,the,I-NonEvent
1669,aircraft,I-NonEvent
1669,remains,I-NonEvent
1669,within,I-NonEvent
1669,your,I-NonEvent
1669,line,I-NonEvent
1669,of,I-NonEvent
1669,sight,E-NonEvent
1669,.,O
1670,Fly,B-NonEvent
1670,with,I-NonEvent
1670,caution,I-NonEvent
1670,and,I-NonEvent
1670,ensure,I-NonEvent
1670,the,I-NonEvent
1670,aircraft,I-NonEvent
1670,remains,I-NonEvent
1670,within,I-NonEvent
1670,your,I-NonEvent
1670,line,I-NonEvent
1670,of,I-NonEvent
1670,sight,E-NonEvent
1670,.,O
1671,High,B-Event
1671,wind,I-Event
1671,velocity,E-Event
1671,.,O
1671,Fly,B-NonEvent
1671,with,I-NonEvent
1671,caution,I-NonEvent
1671,and,I-NonEvent
1671,land,I-NonEvent
1671,in,I-NonEvent
1671,a,I-NonEvent
1671,safe,I-NonEvent
1671,place,I-NonEvent
1671,ASAP,E-NonEvent
1671,.,O
1672,Fly,B-NonEvent
1672,with,I-NonEvent
1672,caution,I-NonEvent
1672,and,I-NonEvent
1672,ensure,I-NonEvent
1672,the,I-NonEvent
1672,aircraft,I-NonEvent
1672,remains,I-NonEvent
1672,within,I-NonEvent
1672,your,I-NonEvent
1672,line,I-NonEvent
1672,of,I-NonEvent
1672,sight,E-NonEvent
1672,.,O
1673,Fly,B-NonEvent
1673,with,I-NonEvent
1673,caution,I-NonEvent
1673,and,I-NonEvent
1673,ensure,I-NonEvent
1673,the,I-NonEvent
1673,aircraft,I-NonEvent
1673,remains,I-NonEvent
1673,within,I-NonEvent
1673,your,I-NonEvent
1673,line,I-NonEvent
1673,of,I-NonEvent
1673,sight,E-NonEvent
1673,.,O
1674,Fly,B-NonEvent
1674,with,I-NonEvent
1674,caution,I-NonEvent
1674,and,I-NonEvent
1674,ensure,I-NonEvent
1674,the,I-NonEvent
1674,aircraft,I-NonEvent
1674,remains,I-NonEvent
1674,within,I-NonEvent
1674,your,I-NonEvent
1674,line,I-NonEvent
1674,of,I-NonEvent
1674,sight,E-NonEvent
1674,.,O
1675,Home,B-Event
1675,Point,I-Event
1675,recorded,E-Event
1675,.,O
1675,Return-to-Home,B-NonEvent
1675,Altitude,I-NonEvent
1675,:,I-NonEvent
1675,98FT,E-NonEvent
1675,.,O
1676,High,B-Event
1676,wind,I-Event
1676,velocity,E-Event
1676,.,O
1676,Ensure,B-NonEvent
1676,the,I-NonEvent
1676,aircraft,I-NonEvent
1676,remains,I-NonEvent
1676,within,I-NonEvent
1676,your,I-NonEvent
1676,line,I-NonEvent
1676,of,I-NonEvent
1676,sight,I-NonEvent
1676,and,I-NonEvent
1676,fly,I-NonEvent
1676,with,I-NonEvent
1676,caution,E-NonEvent
1676,.,O
1677,High,B-Event
1677,wind,I-Event
1677,velocity,E-Event
1677,.,O
1677,Fly,B-NonEvent
1677,with,I-NonEvent
1677,caution,I-NonEvent
1677,and,I-NonEvent
1677,land,I-NonEvent
1677,in,I-NonEvent
1677,a,I-NonEvent
1677,safe,I-NonEvent
1677,place,I-NonEvent
1677,ASAP,E-NonEvent
1677,.,O
1678,Warning,E-Event
1678,.,O
1679,The,B-NonEvent
1679,remaining,I-NonEvent
1679,battery,I-NonEvent
1679,is,I-NonEvent
1679,only,I-NonEvent
1679,enough,I-NonEvent
1679,for,I-NonEvent
1679,RTH,E-NonEvent
1679,.,O
1679,Return,B-NonEvent
1679,home,I-NonEvent
1679,now,E-NonEvent
1679,.,O
1680,Low,B-Event
1680,power,E-Event
1680,.,O
1680,Returning,B-Event
1680,home,E-Event
1680,.,O
1681,Obstacle,B-Event
1681,Sensing,I-Event
1681,will,I-Event
1681,be,I-Event
1681,disabled,I-Event
1681,when,I-Event
1681,aircraft,I-Event
1681,is,I-Event
1681,landing,E-Event
1681,.,O
1681,Fly,B-NonEvent
1681,with,I-NonEvent
1681,caution,E-NonEvent
1681,.,O
1682,Precision,B-Event
1682,Landing,E-Event
1682,.,O
1683,Correcting,B-Event
1683,Landing,I-Event
1683,Position,E-Event
1683,.,O
1684,Precision,B-Event
1684,Landing,E-Event
1684,.,O
1685,Correcting,B-Event
1685,Landing,I-Event
1685,Position,E-Event
1685,.,O
1686,Precision,B-Event
1686,Landing,E-Event
1686,.,O
1687,Correcting,B-Event
1687,Landing,I-Event
1687,Position,E-Event
1687,.,O
1688,Precision,B-Event
1688,Landing,E-Event
1688,.,O
1689,Correcting,B-Event
1689,Landing,I-Event
1689,Position,E-Event
1689,.,O
1690,Forward,B-Event
1690,Obstacle,I-Event
1690,Sensing,I-Event
1690,is,I-Event
1690,not,I-Event
1690,functioning,E-Event
1690,.,O
1691,Ambient,B-Event
1691,Light,I-Event
1691,is,I-Event
1691,too,I-Event
1691,weak,E-Event
1691,.,O
1692,Backward,B-Event
1692,Obstacle,I-Event
1692,Sensing,I-Event
1692,is,I-Event
1692,not,I-Event
1692,functioning,E-Event
1692,.,O
1693,Ambient,B-Event
1693,Light,I-Event
1693,is,I-Event
1693,too,I-Event
1693,weak,E-Event
1693,.,O
1694,Data,B-Event
1694,Recorder,I-Event
1694,File,I-Event
1694,Index,I-Event
1694,is,I-Event
1694,5,E-Event
1694,.,O
1695,Home,B-Event
1695,Point,I-Event
1695,Updated,E-Event
1695,.,O
1696,Home,B-Event
1696,Point,I-Event
1696,recorded,E-Event
1696,.,O
1696,Return-to-Home,B-NonEvent
1696,Altitude,I-NonEvent
1696,:,I-NonEvent
1696,98FT,E-NonEvent
1696,.,O
1697,RTH,B-Event
1697,:,I-Event
1697,Preascending,E-Event
1697,.,O
1698,RTH,B-Event
1698,:,I-Event
1698,Heading,I-Event
1698,alignment,E-Event
1698,.,O
1699,RTH,B-Event
1699,:,O
1699,Ascending,B-Event
1699,to,I-Event
1699,RTH,I-Event
1699,altitude,E-Event
1699,.,O
1700,RTH,B-Event
1700,:,I-Event
1700,Cruise,E-Event
1700,.,O
1701,Obstacle,B-Event
1701,Sensing,I-Event
1701,will,I-Event
1701,be,I-Event
1701,disabled,I-Event
1701,when,I-Event
1701,aircraft,I-Event
1701,is,I-Event
1701,landing,E-Event
1701,.,O
1701,Fly,B-NonEvent
1701,with,I-NonEvent
1701,caution,E-NonEvent
1701,.,O
1702,Low,B-Event
1702,power,E-Event
1702,.,O
1702,Returning,B-Event
1702,home,E-Event
1702,.,O
1703,Precision,B-Event
1703,Landing,E-Event
1703,.,O
1703,Correcting,B-Event
1703,Landing,I-Event
1703,Position,E-Event
1703,.,O
1704,Precision,B-Event
1704,Landing,E-Event
1704,.,O
1704,Correcting,B-Event
1704,Landing,I-Event
1704,Position,E-Event
1704,.,O
1705,Precision,B-Event
1705,Landing,E-Event
1705,.,O
1705,Correcting,B-Event
1705,Landing,I-Event
1705,Position,E-Event
1705,.,O
1706,Precision,B-Event
1706,Landing,E-Event
1706,.,O
1706,Correcting,B-Event
1706,Landing,I-Event
1706,Position,E-Event
1706,.,O
1707,Precision,B-Event
1707,Landing,E-Event
1707,.,O
1707,Correcting,B-Event
1707,Landing,I-Event
1707,Position,E-Event
1707,.,O
1708,Precision,B-Event
1708,Landing,E-Event
1708,.,O
1708,Correcting,B-Event
1708,Landing,I-Event
1708,Position,E-Event
1708,.,O
1709,Precision,B-Event
1709,Landing,E-Event
1709,.,O
1709,Correcting,B-Event
1709,Landing,I-Event
1709,Position,E-Event
1709,.,O
1710,Precision,B-Event
1710,Landing,E-Event
1710,.,O
1710,Correcting,B-Event
1710,Landing,I-Event
1710,Position,E-Event
1710,.,O
1711,Precision,B-Event
1711,Landing,E-Event
1711,.,O
1711,Correcting,B-Event
1711,Landing,I-Event
1711,Position,E-Event
1711,.,O
1712,Precision,B-Event
1712,Landing,E-Event
1712,.,O
1712,Correcting,B-Event
1712,Landing,I-Event
1712,Position,E-Event
1712,.,O
1713,Precision,B-Event
1713,Landing,E-Event
1713,.,O
1713,Correcting,B-Event
1713,Landing,I-Event
1713,Position,E-Event
1713,.,O
1714,Precision,B-Event
1714,Landing,E-Event
1714,.,O
1714,Correcting,B-Event
1714,Landing,I-Event
1714,Position,E-Event
1714,.,O
1715,Precision,B-Event
1715,Landing,E-Event
1715,.,O
1715,Correcting,B-Event
1715,Landing,I-Event
1715,Position,E-Event
1715,.,O
1716,Precision,B-Event
1716,Landing,E-Event
1716,.,O
1716,Correcting,B-Event
1716,Landing,I-Event
1716,Position,E-Event
1716,.,O
1717,High,B-Event
1717,wind,I-Event
1717,velocity,E-Event
1717,.,O
1717,Ensure,B-NonEvent
1717,the,I-NonEvent
1717,aircraft,I-NonEvent
1717,remains,I-NonEvent
1717,within,I-NonEvent
1717,your,I-NonEvent
1717,line,I-NonEvent
1717,of,I-NonEvent
1717,sight,I-NonEvent
1717,and,I-NonEvent
1717,fly,I-NonEvent
1717,with,I-NonEvent
1717,caution,E-NonEvent
1717,.,O
1718,High,B-Event
1718,wind,I-Event
1718,velocity,E-Event
1718,.,O
1718,Ensure,B-NonEvent
1718,the,I-NonEvent
1718,aircraft,I-NonEvent
1718,remains,I-NonEvent
1718,within,I-NonEvent
1718,your,I-NonEvent
1718,line,I-NonEvent
1718,of,I-NonEvent
1718,sight,I-NonEvent
1718,and,I-NonEvent
1718,fly,I-NonEvent
1718,with,I-NonEvent
1718,caution,E-NonEvent
1718,.,O
1719,High,B-Event
1719,wind,I-Event
1719,velocity,E-Event
1719,.,O
1719,Ensure,B-NonEvent
1719,the,I-NonEvent
1719,aircraft,I-NonEvent
1719,remains,I-NonEvent
1719,within,I-NonEvent
1719,your,I-NonEvent
1719,line,I-NonEvent
1719,of,I-NonEvent
1719,sight,I-NonEvent
1719,and,I-NonEvent
1719,fly,I-NonEvent
1719,with,I-NonEvent
1719,caution,E-NonEvent
1719,.,O
1720,High,B-Event
1720,wind,I-Event
1720,velocity,E-Event
1720,.,O
1720,Fly,B-NonEvent
1720,with,I-NonEvent
1720,caution,I-NonEvent
1720,and,I-NonEvent
1720,land,I-NonEvent
1720,in,I-NonEvent
1720,a,I-NonEvent
1720,safe,I-NonEvent
1720,place,I-NonEvent
1720,ASAP,E-NonEvent
1720,.,O
1721,High,B-Event
1721,wind,I-Event
1721,velocity,E-Event
1721,.,O
1721,Ensure,B-NonEvent
1721,the,I-NonEvent
1721,aircraft,I-NonEvent
1721,remains,I-NonEvent
1721,within,I-NonEvent
1721,your,I-NonEvent
1721,line,I-NonEvent
1721,of,I-NonEvent
1721,sight,I-NonEvent
1721,and,I-NonEvent
1721,fly,I-NonEvent
1721,with,I-NonEvent
1721,caution,E-NonEvent
1721,.,O
1721,High,B-Event
1721,wind,I-Event
1721,velocity,E-Event
1721,.,O
1721,Fly,B-NonEvent
1721,with,I-NonEvent
1721,caution,I-NonEvent
1721,and,I-NonEvent
1721,land,I-NonEvent
1721,in,I-NonEvent
1721,a,I-NonEvent
1721,safe,I-NonEvent
1721,place,I-NonEvent
1721,ASAP,E-NonEvent
1721,.,O
1722,WarningThe,B-NonEvent
1722,remaining,I-NonEvent
1722,battery,I-NonEvent
1722,is,I-NonEvent
1722,only,I-NonEvent
1722,enough,I-NonEvent
1722,for,I-NonEvent
1722,RTH,E-NonEvent
1722,.,O
1722,Return,B-NonEvent
1722,home,I-NonEvent
1722,now,E-NonEvent
1722,.,O
1723,Home,B-Event
1723,Point,I-Event
1723,Recorded,E-Event
1723,.,O
1723,RTH,B-NonEvent
1723,Altitude,I-NonEvent
1723,:,I-NonEvent
1723,30m,E-NonEvent
1723,.,O
1724,Fly,B-NonEvent
1724,with,I-NonEvent
1724,caution,I-NonEvent
1724,and,I-NonEvent
1724,ensure,I-NonEvent
1724,the,I-NonEvent
1724,aircraft,I-NonEvent
1724,remains,I-NonEvent
1724,within,I-NonEvent
1724,your,I-NonEvent
1724,line,I-NonEvent
1724,of,I-NonEvent
1724,sight,E-NonEvent
1724,.,O
1725,Fly,B-NonEvent
1725,with,I-NonEvent
1725,caution,I-NonEvent
1725,and,I-NonEvent
1725,ensure,I-NonEvent
1725,the,I-NonEvent
1725,aircraft,I-NonEvent
1725,remains,I-NonEvent
1725,within,I-NonEvent
1725,your,I-NonEvent
1725,line,I-NonEvent
1725,of,I-NonEvent
1725,sight,E-NonEvent
1725,.,O
1726,Fly,B-NonEvent
1726,with,I-NonEvent
1726,caution,I-NonEvent
1726,and,I-NonEvent
1726,ensure,I-NonEvent
1726,the,I-NonEvent
1726,aircraft,I-NonEvent
1726,remains,I-NonEvent
1726,within,I-NonEvent
1726,your,I-NonEvent
1726,line,I-NonEvent
1726,of,I-NonEvent
1726,sight,E-NonEvent
1726,.,O
1727,Fly,B-NonEvent
1727,with,I-NonEvent
1727,caution,I-NonEvent
1727,and,I-NonEvent
1727,ensure,I-NonEvent
1727,the,I-NonEvent
1727,aircraft,I-NonEvent
1727,remains,I-NonEvent
1727,within,I-NonEvent
1727,your,I-NonEvent
1727,line,I-NonEvent
1727,of,I-NonEvent
1727,sight,E-NonEvent
1727,.,O
1728,Fly,B-NonEvent
1728,with,I-NonEvent
1728,caution,I-NonEvent
1728,and,I-NonEvent
1728,ensure,I-NonEvent
1728,the,I-NonEvent
1728,aircraft,I-NonEvent
1728,remains,I-NonEvent
1728,within,I-NonEvent
1728,your,I-NonEvent
1728,line,I-NonEvent
1728,of,I-NonEvent
1728,sight,E-NonEvent
1728,.,O
1729,Fly,B-NonEvent
1729,with,I-NonEvent
1729,caution,I-NonEvent
1729,and,I-NonEvent
1729,ensure,I-NonEvent
1729,the,I-NonEvent
1729,aircraft,I-NonEvent
1729,remains,I-NonEvent
1729,within,I-NonEvent
1729,your,I-NonEvent
1729,line,I-NonEvent
1729,of,I-NonEvent
1729,sight,E-NonEvent
1729,.,O
1730,Fly,B-NonEvent
1730,with,I-NonEvent
1730,caution,I-NonEvent
1730,and,I-NonEvent
1730,ensure,I-NonEvent
1730,the,I-NonEvent
1730,aircraft,I-NonEvent
1730,remains,I-NonEvent
1730,within,I-NonEvent
1730,your,I-NonEvent
1730,line,I-NonEvent
1730,of,I-NonEvent
1730,sight,E-NonEvent
1730,.,O
1731,Fly,B-NonEvent
1731,with,I-NonEvent
1731,caution,I-NonEvent
1731,and,I-NonEvent
1731,ensure,I-NonEvent
1731,the,I-NonEvent
1731,aircraft,I-NonEvent
1731,remains,I-NonEvent
1731,within,I-NonEvent
1731,your,I-NonEvent
1731,line,I-NonEvent
1731,of,I-NonEvent
1731,sight,E-NonEvent
1731,.,O
1732,Fly,B-NonEvent
1732,with,I-NonEvent
1732,caution,I-NonEvent
1732,and,I-NonEvent
1732,ensure,I-NonEvent
1732,the,I-NonEvent
1732,aircraft,I-NonEvent
1732,remains,I-NonEvent
1732,within,I-NonEvent
1732,your,I-NonEvent
1732,line,I-NonEvent
1732,of,I-NonEvent
1732,sight,E-NonEvent
1732,.,O
1733,Fly,B-NonEvent
1733,with,I-NonEvent
1733,caution,I-NonEvent
1733,and,I-NonEvent
1733,ensure,I-NonEvent
1733,the,I-NonEvent
1733,aircraft,I-NonEvent
1733,remains,I-NonEvent
1733,within,I-NonEvent
1733,your,I-NonEvent
1733,line,I-NonEvent
1733,of,I-NonEvent
1733,sight,E-NonEvent
1733,.,O
1734,High,B-Event
1734,wind,I-Event
1734,velocity,E-Event
1734,.,O
1734,Fly,B-NonEvent
1734,with,I-NonEvent
1734,caution,I-NonEvent
1734,and,I-NonEvent
1734,land,I-NonEvent
1734,in,I-NonEvent
1734,a,I-NonEvent
1734,safe,I-NonEvent
1734,place,I-NonEvent
1734,ASAP,E-NonEvent
1734,.,O
1735,Remote,B-Event
1735,Controller,I-Event
1735,Right,I-Event
1735,Dial,I-Event
1735,Locked,E-Event
1735,.,O
1735,Lightly,B-NonEvent
1735,press,I-NonEvent
1735,it,I-NonEvent
1735,to,I-NonEvent
1735,adjust,E-NonEvent
1735,.,O
1736,Max,B-Event
1736,Flight,I-Event
1736,Distance,I-Event
1736,Reached,E-Event
1736,.,O
1736,Adjust,B-NonEvent
1736,in,I-NonEvent
1736,Main,I-NonEvent
1736,Controller,I-NonEvent
1736,Settings,I-NonEvent
1736,if,I-NonEvent
1736,necessary,E-NonEvent
1736,.,O
1737,Weak,B-Event
1737,signal,E-Event
1737,.,O
1737,Adjust,B-NonEvent
1737,antenna,I-NonEvent
1737,and,I-NonEvent
1737,avoid,I-NonEvent
1737,signal,I-NonEvent
1737,block,E-NonEvent
1737,.,O
1738,Aircraft,B-NonEvent
1738,is,I-NonEvent
1738,in,I-NonEvent
1738,Attitude,I-NonEvent
1738,mode,E-NonEvent
1738,",",O
1738,so,B-NonEvent
1738,that,I-NonEvent
1738,it,I-NonEvent
1738,will,I-NonEvent
1738,not,I-NonEvent
1738,hover,E-NonEvent
1738,.,O
1738,Please,B-NonEvent
1738,fly,I-NonEvent
1738,with,I-NonEvent
1738,caution,E-NonEvent
1738,.,O
1739,Aircraft,B-NonEvent
1739,is,I-NonEvent
1739,in,I-NonEvent
1739,Attitude,I-NonEvent
1739,mode,E-NonEvent
1739,",",O
1739,so,B-NonEvent
1739,that,I-NonEvent
1739,it,I-NonEvent
1739,will,I-NonEvent
1739,not,I-NonEvent
1739,hover,E-NonEvent
1739,.,O
1739,Please,B-NonEvent
1739,fly,I-NonEvent
1739,with,I-NonEvent
1739,caution,E-NonEvent
1739,.,O
1740,Aircraft,B-NonEvent
1740,is,I-NonEvent
1740,in,I-NonEvent
1740,Attitude,I-NonEvent
1740,mode,E-NonEvent
1740,",",O
1740,so,B-NonEvent
1740,that,I-NonEvent
1740,it,I-NonEvent
1740,will,I-NonEvent
1740,not,I-NonEvent
1740,hover,E-NonEvent
1740,.,O
1740,Please,B-NonEvent
1740,fly,I-NonEvent
1740,with,I-NonEvent
1740,caution,E-NonEvent
1740,.,O
1741,Aircraft,B-NonEvent
1741,is,I-NonEvent
1741,in,I-NonEvent
1741,Attitude,I-NonEvent
1741,mode,E-NonEvent
1741,",",O
1741,so,B-NonEvent
1741,that,I-NonEvent
1741,it,I-NonEvent
1741,will,I-NonEvent
1741,not,I-NonEvent
1741,hover,E-NonEvent
1741,.,O
1741,Please,B-NonEvent
1741,fly,I-NonEvent
1741,with,I-NonEvent
1741,caution,E-NonEvent
1741,.,O
1742,Cannot,B-Event
1742,Takeoff,I-Event
1742,in,I-Event
1742,Travel,I-Event
1742,Mode,E-Event
1742,.,O
1742,Exit,B-NonEvent
1742,Travel,I-NonEvent
1742,Mode,E-NonEvent
1742,.,O
1743,Cannot,B-Event
1743,Takeoff,I-Event
1743,in,I-Event
1743,Travel,I-Event
1743,Mode,E-Event
1743,.,O
1743,Exit,B-NonEvent
1743,Travel,I-NonEvent
1743,Mode,E-NonEvent
1743,.,O
1744,Cannot,B-Event
1744,Takeoff,I-Event
1744,in,I-Event
1744,Travel,I-Event
1744,Mode,E-Event
1744,.,O
1744,Exit,B-NonEvent
1744,Travel,I-NonEvent
1744,Mode,E-NonEvent
1744,.,O
1745,Aircraft,B-NonEvent
1745,is,I-NonEvent
1745,in,I-NonEvent
1745,Attitude,I-NonEvent
1745,mode,E-NonEvent
1745,",",O
1745,so,B-NonEvent
1745,that,I-NonEvent
1745,it,I-NonEvent
1745,will,I-NonEvent
1745,not,I-NonEvent
1745,hover,E-NonEvent
1745,.,O
1745,Please,B-NonEvent
1745,fly,I-NonEvent
1745,with,I-NonEvent
1745,caution,E-NonEvent
1745,.,O
1746,Aircraft,B-NonEvent
1746,is,I-NonEvent
1746,in,I-NonEvent
1746,Attitude,I-NonEvent
1746,mode,E-NonEvent
1746,",",O
1746,so,B-NonEvent
1746,that,I-NonEvent
1746,it,I-NonEvent
1746,will,I-NonEvent
1746,not,I-NonEvent
1746,hover,E-NonEvent
1746,.,O
1746,Please,B-NonEvent
1746,fly,I-NonEvent
1746,with,I-NonEvent
1746,caution,E-NonEvent
1746,.,O
1747,Aircraft,B-NonEvent
1747,is,I-NonEvent
1747,in,I-NonEvent
1747,Attitude,I-NonEvent
1747,mode,E-NonEvent
1747,",",O
1747,so,B-NonEvent
1747,that,I-NonEvent
1747,it,I-NonEvent
1747,will,I-NonEvent
1747,not,I-NonEvent
1747,hover,E-NonEvent
1747,.,O
1747,Please,B-NonEvent
1747,fly,I-NonEvent
1747,with,I-NonEvent
1747,caution,E-NonEvent
1747,.,O
1748,Aircraft,B-NonEvent
1748,is,I-NonEvent
1748,in,I-NonEvent
1748,Attitude,I-NonEvent
1748,mode,E-NonEvent
1748,",",O
1748,so,B-NonEvent
1748,that,I-NonEvent
1748,it,I-NonEvent
1748,will,I-NonEvent
1748,not,I-NonEvent
1748,hover,E-NonEvent
1748,.,O
1748,Please,B-NonEvent
1748,fly,I-NonEvent
1748,with,I-NonEvent
1748,caution,E-NonEvent
1748,.,O
1749,Cannot,B-Event
1749,Takeoff,I-Event
1749,in,I-Event
1749,Travel,I-Event
1749,Mode,E-Event
1749,.,O
1749,Exit,B-NonEvent
1749,Travel,I-NonEvent
1749,Mode,E-NonEvent
1749,.,O
1750,Aircraft,B-NonEvent
1750,is,I-NonEvent
1750,in,I-NonEvent
1750,Attitude,I-NonEvent
1750,mode,E-NonEvent
1750,",",O
1750,so,B-NonEvent
1750,that,I-NonEvent
1750,it,I-NonEvent
1750,will,I-NonEvent
1750,not,I-NonEvent
1750,hover,E-NonEvent
1750,.,O
1750,Please,B-NonEvent
1750,fly,I-NonEvent
1750,with,I-NonEvent
1750,caution,E-NonEvent
1750,.,O
1751,Aircraft,B-NonEvent
1751,is,I-NonEvent
1751,in,I-NonEvent
1751,Attitude,I-NonEvent
1751,mode,E-NonEvent
1751,",",O
1751,so,B-NonEvent
1751,that,I-NonEvent
1751,it,I-NonEvent
1751,will,I-NonEvent
1751,not,I-NonEvent
1751,hover,E-NonEvent
1751,.,O
1751,Please,B-NonEvent
1751,fly,I-NonEvent
1751,with,I-NonEvent
1751,caution,E-NonEvent
1751,.,O
1752,Aircraft,B-NonEvent
1752,is,I-NonEvent
1752,in,I-NonEvent
1752,Attitude,I-NonEvent
1752,mode,E-NonEvent
1752,",",O
1752,so,B-NonEvent
1752,that,I-NonEvent
1752,it,I-NonEvent
1752,will,I-NonEvent
1752,not,I-NonEvent
1752,hover,E-NonEvent
1752,.,O
1752,Please,B-NonEvent
1752,fly,I-NonEvent
1752,with,I-NonEvent
1752,caution,E-NonEvent
1752,.,O
1753,Cannot,B-Event
1753,Takeoff,I-Event
1753,in,I-Event
1753,Travel,I-Event
1753,Mode,E-Event
1753,.,O
1753,Exit,B-NonEvent
1753,Travel,I-NonEvent
1753,Mode,E-NonEvent
1753,.,O
1754,Aircraft,B-NonEvent
1754,is,I-NonEvent
1754,in,I-NonEvent
1754,Attitude,I-NonEvent
1754,mode,E-NonEvent
1754,",",O
1754,so,B-NonEvent
1754,that,I-NonEvent
1754,it,I-NonEvent
1754,will,I-NonEvent
1754,not,I-NonEvent
1754,hover,E-NonEvent
1754,.,O
1754,Please,B-NonEvent
1754,fly,I-NonEvent
1754,with,I-NonEvent
1754,caution,E-NonEvent
1754,.,O
1755,Take,B-NonEvent
1755,off,I-NonEvent
1755,and,I-NonEvent
1755,retry,I-NonEvent
1755,this,I-NonEvent
1755,function,E-NonEvent
1755,.,O
1756,Cannot,B-Event
1756,Takeoff,I-Event
1756,in,I-Event
1756,Travel,I-Event
1756,Mode,E-Event
1756,.,O
1756,Exit,B-NonEvent
1756,Travel,I-NonEvent
1756,Mode,E-NonEvent
1756,.,O
1757,Aircraft,B-NonEvent
1757,is,I-NonEvent
1757,in,I-NonEvent
1757,Attitude,I-NonEvent
1757,mode,E-NonEvent
1757,",",O
1757,so,B-NonEvent
1757,that,I-NonEvent
1757,it,I-NonEvent
1757,will,I-NonEvent
1757,not,I-NonEvent
1757,hover,E-NonEvent
1757,.,O
1757,Please,B-NonEvent
1757,fly,I-NonEvent
1757,with,I-NonEvent
1757,caution,E-NonEvent
1757,.,O
1758,Aircraft,B-NonEvent
1758,is,I-NonEvent
1758,in,I-NonEvent
1758,Attitude,I-NonEvent
1758,mode,E-NonEvent
1758,",",O
1758,so,B-NonEvent
1758,that,I-NonEvent
1758,it,I-NonEvent
1758,will,I-NonEvent
1758,not,I-NonEvent
1758,hover,E-NonEvent
1758,.,O
1758,Please,B-NonEvent
1758,fly,I-NonEvent
1758,with,I-NonEvent
1758,caution,E-NonEvent
1758,.,O
1759,Take,B-Event
1759,off,I-Event
1759,in,I-Event
1759,P-Mode,E-Event
1759,.,O
1760,Cannot,B-Event
1760,Takeoff,I-Event
1760,in,I-Event
1760,Travel,I-Event
1760,Mode,E-Event
1760,.,O
1760,Exit,B-NonEvent
1760,Travel,I-NonEvent
1760,Mode,E-NonEvent
1760,.,O
1761,Landing,B-Event
1761,Gear,I-Event
1761,Lowering,E-Event
1761,.,O
1762,Landing,B-Event
1762,Gear,I-Event
1762,Lowered,E-Event
1762,.,O
1763,Aircraft,B-NonEvent
1763,is,I-NonEvent
1763,in,I-NonEvent
1763,Attitude,I-NonEvent
1763,mode,E-NonEvent
1763,",",O
1763,so,B-NonEvent
1763,that,I-NonEvent
1763,it,I-NonEvent
1763,will,I-NonEvent
1763,not,I-NonEvent
1763,hover,E-NonEvent
1763,.,O
1763,Please,B-NonEvent
1763,fly,I-NonEvent
1763,with,I-NonEvent
1763,caution,E-NonEvent
1763,.,O
1764,Return-to-Home,B-NonEvent
1764,Altitude,I-NonEvent
1764,:,I-NonEvent
1764,65FT,E-NonEvent
1764,.,O
1765,Landing,E-Event
1765,.,O
1766,Take,B-Event
1766,off,I-Event
1766,in,I-Event
1766,P-Mode,E-Event
1766,.,O
1767,Flight,B-Event
1767,Mode,I-Event
1767,Set,I-Event
1767,to,I-Event
1767,Attitude,E-Event
1767,.,O
1768,Set,B-NonEvent
1768,Flight,I-NonEvent
1768,Mode,I-NonEvent
1768,to,I-NonEvent
1768,GPS,I-NonEvent
1768,to,I-NonEvent
1768,fly,I-NonEvent
1768,safe,E-NonEvent
1768,.,O
1769,Aircraft,B-NonEvent
1769,is,I-NonEvent
1769,in,I-NonEvent
1769,Attitude,I-NonEvent
1769,mode,E-NonEvent
1769,",",O
1769,so,B-NonEvent
1769,that,I-NonEvent
1769,it,I-NonEvent
1769,will,I-NonEvent
1769,not,I-NonEvent
1769,hover,E-NonEvent
1769,.,O
1769,Please,B-NonEvent
1769,fly,I-NonEvent
1769,with,I-NonEvent
1769,caution,E-NonEvent
1769,.,O
1770,Take,B-NonEvent
1770,off,I-NonEvent
1770,and,I-NonEvent
1770,retry,I-NonEvent
1770,this,I-NonEvent
1770,function,E-NonEvent
1770,.,O
1771,Flight,B-Event
1771,Mode,I-Event
1771,Set,I-Event
1771,to,I-Event
1771,Attitude,E-Event
1771,.,O
1772,Set,B-NonEvent
1772,Flight,I-NonEvent
1772,Mode,I-NonEvent
1772,to,I-NonEvent
1772,GPS,I-NonEvent
1772,to,I-NonEvent
1772,fly,I-NonEvent
1772,safe,E-NonEvent
1772,.,O
1773,Take,B-NonEvent
1773,off,I-NonEvent
1773,and,I-NonEvent
1773,retry,I-NonEvent
1773,this,I-NonEvent
1773,function,E-NonEvent
1773,.,O
1774,Aircraft,B-NonEvent
1774,is,I-NonEvent
1774,in,I-NonEvent
1774,Attitude,I-NonEvent
1774,mode,E-NonEvent
1774,",",O
1774,so,B-NonEvent
1774,that,I-NonEvent
1774,it,I-NonEvent
1774,will,I-NonEvent
1774,not,I-NonEvent
1774,hover,E-NonEvent
1774,.,O
1774,Please,B-NonEvent
1774,fly,I-NonEvent
1774,with,I-NonEvent
1774,caution,E-NonEvent
1774,.,O
1775,Take,B-Event
1775,off,I-Event
1775,in,I-Event
1775,P-Mode,E-Event
1775,.,O
1776,Take,B-Event
1776,off,I-Event
1776,in,I-Event
1776,P-Mode,E-Event
1776,.,O
1777,Take,B-Event
1777,off,I-Event
1777,in,I-Event
1777,P-Mode,E-Event
1777,.,O
1778,Aircraft,B-NonEvent
1778,is,I-NonEvent
1778,in,I-NonEvent
1778,Attitude,I-NonEvent
1778,mode,E-NonEvent
1778,",",O
1778,so,B-NonEvent
1778,that,I-NonEvent
1778,it,I-NonEvent
1778,will,I-NonEvent
1778,not,I-NonEvent
1778,hover,E-NonEvent
1778,.,O
1778,Please,B-NonEvent
1778,fly,I-NonEvent
1778,with,I-NonEvent
1778,caution,E-NonEvent
1778,.,O
1779,Aircraft,B-NonEvent
1779,is,I-NonEvent
1779,in,I-NonEvent
1779,Attitude,I-NonEvent
1779,mode,E-NonEvent
1779,",",O
1779,so,B-NonEvent
1779,that,I-NonEvent
1779,it,I-NonEvent
1779,will,I-NonEvent
1779,not,I-NonEvent
1779,hover,E-NonEvent
1779,.,O
1779,Please,B-NonEvent
1779,fly,I-NonEvent
1779,with,I-NonEvent
1779,caution,E-NonEvent
1779,.,O
1780,Landing,B-Event
1780,Gear,I-Event
1780,Raising,E-Event
1780,.,O
1781,Landing,B-Event
1781,Gear,I-Event
1781,Paused,E-Event
1781,.,O
1782,Weak,B-Event
1782,GPS,I-Event
1782,signal,E-Event
1782,.,O
1782,Aircraft,B-NonEvent
1782,is,I-NonEvent
1782,in,I-NonEvent
1782,Attitude,I-NonEvent
1782,mode,I-NonEvent
1782,and,I-NonEvent
1782,hovering,I-NonEvent
1782,may,I-NonEvent
1782,be,I-NonEvent
1782,unstable,E-NonEvent
1782,.,O
1782,Fly,B-NonEvent
1782,with,I-NonEvent
1782,caution,E-NonEvent
1782,.,O
1783,Weak,B-Event
1783,GPS,I-Event
1783,signal,E-Event
1783,.,O
1783,Aircraft,B-NonEvent
1783,is,I-NonEvent
1783,in,I-NonEvent
1783,Attitude,I-NonEvent
1783,mode,I-NonEvent
1783,and,I-NonEvent
1783,hovering,I-NonEvent
1783,may,I-NonEvent
1783,be,I-NonEvent
1783,unstable,E-NonEvent
1783,.,O
1783,Fly,B-NonEvent
1783,with,I-NonEvent
1783,caution,E-NonEvent
1783,.,O
1784,Weak,B-Event
1784,GPS,I-Event
1784,signal,E-Event
1784,.,O
1784,Aircraft,B-NonEvent
1784,is,I-NonEvent
1784,in,I-NonEvent
1784,Attitude,I-NonEvent
1784,mode,I-NonEvent
1784,and,I-NonEvent
1784,hovering,I-NonEvent
1784,may,I-NonEvent
1784,be,I-NonEvent
1784,unstable,E-NonEvent
1784,.,O
1784,Fly,B-NonEvent
1784,with,I-NonEvent
1784,caution,E-NonEvent
1784,.,O
1785,Home,B-Event
1785,Point,I-Event
1785,recorded,E-Event
1785,.,O
1785,Return-to-Home,B-NonEvent
1785,Altitude,I-NonEvent
1785,:,I-NonEvent
1785,98FT,E-NonEvent
1785,.,O
1786,Home,B-Event
1786,Point,I-Event
1786,recorded,E-Event
1786,.,O
1786,Return-to-Home,B-NonEvent
1786,Altitude,I-NonEvent
1786,:,I-NonEvent
1786,98FT,E-NonEvent
1786,.,O
1787,Aircraft,B-NonEvent
1787,is,I-NonEvent
1787,close,I-NonEvent
1787,to,I-NonEvent
1787,the,I-NonEvent
1787,Home,I-NonEvent
1787,Point,E-NonEvent
1787,.,O
1787,Initiating,B-Event
1787,Return,I-Event
1787,to,I-Event
1787,Home,I-Event
1787,will,I-Event
1787,now,I-Event
1787,trigger,I-Event
1787,Auto,I-Event
1787,Landing,E-Event
1787,.,O
1788,Data,B-Event
1788,Recorder,I-Event
1788,File,I-Event
1788,Index,I-Event
1788,is,I-Event
1788,5,E-Event
1788,.,O
1789,RTH,B-NonEvent
1789,Altitude,I-NonEvent
1789,:,I-NonEvent
1789,65FT,E-NonEvent
1789,.,O
1790,Landing,E-Event
1790,.,O
1791,Data,B-Event
1791,Recorder,I-Event
1791,File,I-Event
1791,Index,I-Event
1791,is,I-Event
1791,2,E-Event
1791,.,O
1792,Home,B-Event
1792,Point,I-Event
1792,Updated,E-Event
1792,.,O
1793,Home,B-Event
1793,Point,I-Event
1793,recorded,E-Event
1793,.,O
1793,Return-to-Home,B-NonEvent
1793,Altitude,I-NonEvent
1793,:,I-NonEvent
1793,98FT,E-NonEvent
1793,.,O
1794,Downlink,B-Event
1794,Restored,I-Event
1794,(after,I-Event
1794,0m,I-Event
1794,11,E-Event
1794,.,O
1794,3s),E-Event
1794,.,O
1795,Aircraft,B-NonEvent
1795,is,I-NonEvent
1795,close,I-NonEvent
1795,to,I-NonEvent
1795,the,I-NonEvent
1795,Home,I-NonEvent
1795,Point,E-NonEvent
1795,.,O
1795,Initiating,B-Event
1795,Return,I-Event
1795,to,I-Event
1795,Home,I-Event
1795,will,I-Event
1795,now,I-Event
1795,trigger,I-Event
1795,Auto,I-Event
1795,Landing,E-Event
1795,.,O
1796,Downlink,B-Event
1796,Lost,E-Event
1796,.,O
1797,Home,B-Event
1797,Point,I-Event
1797,Recorded,E-Event
1797,.,O
1797,RTH,B-NonEvent
1797,Altitude,I-NonEvent
1797,:,I-NonEvent
1797,30m,E-NonEvent
1797,.,O
1798,Fly,B-NonEvent
1798,with,I-NonEvent
1798,caution,I-NonEvent
1798,and,I-NonEvent
1798,ensure,I-NonEvent
1798,the,I-NonEvent
1798,aircraft,I-NonEvent
1798,remains,I-NonEvent
1798,within,I-NonEvent
1798,your,I-NonEvent
1798,line,I-NonEvent
1798,of,I-NonEvent
1798,sight,E-NonEvent
1798,.,O
1799,Mobile,B-Event
1799,device,I-Event
1799,CPU,I-Event
1799,fully,I-Event
1799,loaded,E-Event
1799,.,O
1799,Related,B-Event
1799,performance,I-Event
1799,will,I-Event
1799,be,I-Event
1799,affected,E-Event
1799,.,O
1800,Fly,B-NonEvent
1800,with,I-NonEvent
1800,caution,I-NonEvent
1800,and,I-NonEvent
1800,ensure,I-NonEvent
1800,the,I-NonEvent
1800,aircraft,I-NonEvent
1800,remains,I-NonEvent
1800,within,I-NonEvent
1800,your,I-NonEvent
1800,line,I-NonEvent
1800,of,I-NonEvent
1800,sight,E-NonEvent
1800,.,O
1801,Fly,B-NonEvent
1801,with,I-NonEvent
1801,caution,I-NonEvent
1801,and,I-NonEvent
1801,ensure,I-NonEvent
1801,the,I-NonEvent
1801,aircraft,I-NonEvent
1801,remains,I-NonEvent
1801,within,I-NonEvent
1801,your,I-NonEvent
1801,line,I-NonEvent
1801,of,I-NonEvent
1801,sight,E-NonEvent
1801,.,O
1802,Strong,B-Event
1802,wireless,I-Event
1802,interference,E-Event
1802,.,O
1802,Please,B-NonEvent
1802,fly,I-NonEvent
1802,with,I-NonEvent
1802,caution,E-NonEvent
1802,.,O
1803,Strong,B-Event
1803,wireless,I-Event
1803,interference,E-Event
1803,.,O
1803,Please,B-NonEvent
1803,fly,I-NonEvent
1803,with,I-NonEvent
1803,caution,E-NonEvent
1803,.,O
1804,Strong,B-Event
1804,wireless,I-Event
1804,interference,E-Event
1804,.,O
1804,Please,B-NonEvent
1804,fly,I-NonEvent
1804,with,I-NonEvent
1804,caution,E-NonEvent
1804,.,O
1805,Strong,B-Event
1805,wireless,I-Event
1805,interference,E-Event
1805,.,O
1805,Please,B-NonEvent
1805,fly,I-NonEvent
1805,with,I-NonEvent
1805,caution,E-NonEvent
1805,.,O
1806,Strong,B-Event
1806,wireless,I-Event
1806,interference,E-Event
1806,.,O
1806,Please,B-NonEvent
1806,fly,I-NonEvent
1806,with,I-NonEvent
1806,caution,E-NonEvent
1806,.,O
1807,Strong,B-Event
1807,wireless,I-Event
1807,interference,E-Event
1807,.,O
1807,Please,B-NonEvent
1807,fly,I-NonEvent
1807,with,I-NonEvent
1807,caution,E-NonEvent
1807,.,O
1808,Strong,B-Event
1808,wireless,I-Event
1808,interference,E-Event
1808,.,O
1808,Please,B-NonEvent
1808,fly,I-NonEvent
1808,with,I-NonEvent
1808,caution,E-NonEvent
1808,.,O
1809,Strong,B-Event
1809,wireless,I-Event
1809,interference,E-Event
1809,.,O
1809,Please,B-NonEvent
1809,fly,I-NonEvent
1809,with,I-NonEvent
1809,caution,E-NonEvent
1809,.,O
1810,Satellite,B-Event
1810,Positioning,I-Event
1810,Off,E-Event
1810,.,O
1810,Fly,B-NonEvent
1810,with,I-NonEvent
1810,caution,E-NonEvent
1810,.,O
1811,Strong,B-Event
1811,wireless,I-Event
1811,interference,E-Event
1811,.,O
1811,Please,B-NonEvent
1811,fly,I-NonEvent
1811,with,I-NonEvent
1811,caution,E-NonEvent
1811,.,O
1812,Strong,B-Event
1812,wireless,I-Event
1812,interference,E-Event
1812,.,O
1812,Please,B-NonEvent
1812,fly,I-NonEvent
1812,with,I-NonEvent
1812,caution,E-NonEvent
1812,.,O
1813,Strong,B-Event
1813,wireless,I-Event
1813,interference,E-Event
1813,.,O
1813,Please,B-NonEvent
1813,fly,I-NonEvent
1813,with,I-NonEvent
1813,caution,E-NonEvent
1813,.,O
1814,Strong,B-Event
1814,wireless,I-Event
1814,interference,E-Event
1814,.,O
1814,Please,B-NonEvent
1814,fly,I-NonEvent
1814,with,I-NonEvent
1814,caution,E-NonEvent
1814,.,O
1815,Strong,B-Event
1815,wireless,I-Event
1815,interference,E-Event
1815,.,O
1815,Please,B-NonEvent
1815,fly,I-NonEvent
1815,with,I-NonEvent
1815,caution,E-NonEvent
1815,.,O
1816,Strong,B-Event
1816,wireless,I-Event
1816,interference,E-Event
1816,.,O
1816,Please,B-NonEvent
1816,fly,I-NonEvent
1816,with,I-NonEvent
1816,caution,E-NonEvent
1816,.,O
1817,Strong,B-Event
1817,wireless,I-Event
1817,interference,E-Event
1817,.,O
1817,Please,B-NonEvent
1817,fly,I-NonEvent
1817,with,I-NonEvent
1817,caution,E-NonEvent
1817,.,O
1818,Strong,B-Event
1818,wireless,I-Event
1818,interference,E-Event
1818,.,O
1818,Please,B-NonEvent
1818,fly,I-NonEvent
1818,with,I-NonEvent
1818,caution,E-NonEvent
1818,.,O
1819,Your,B-Event
1819,aircraft,I-Event
1819,has,I-Event
1819,entered,I-Event
1819,a,I-Event
1819,Warning,I-Event
1819,Zone,I-Event
1819,(Class,I-Event
1819,D),E-Event
1819,.,O
1819,Please,B-NonEvent
1819,fly,I-NonEvent
1819,with,I-NonEvent
1819,caution,E-NonEvent
1819,.,O
1820,Fly,B-NonEvent
1820,with,I-NonEvent
1820,caution,I-NonEvent
1820,and,I-NonEvent
1820,ensure,I-NonEvent
1820,the,I-NonEvent
1820,aircraft,I-NonEvent
1820,remains,I-NonEvent
1820,within,I-NonEvent
1820,your,I-NonEvent
1820,line,I-NonEvent
1820,of,I-NonEvent
1820,sight,E-NonEvent
1820,.,O
1821,Home,B-Event
1821,Point,I-Event
1821,Recorded,E-Event
1821,.,O
1821,RTH,B-NonEvent
1821,Altitude,I-NonEvent
1821,:,I-NonEvent
1821,30m,E-NonEvent
1821,.,O
1822,Taking,B-Event
1822,Off,E-Event
1822,.,O
1823,Taking,B-Event
1823,Off,E-Event
1823,.,O
1824,Home,B-Event
1824,Point,I-Event
1824,Recorded,E-Event
1824,.,O
1824,RTH,B-NonEvent
1824,Altitude,I-NonEvent
1824,:,I-NonEvent
1824,30m,E-NonEvent
1824,.,O
1825,Your,B-Event
1825,palm,I-Event
1825,is,I-Event
1825,too,I-Event
1825,far,I-Event
1825,away,I-Event
1825,from,I-Event
1825,the,I-Event
1825,aircraft,E-Event
1825,.,O
1825,Please,B-NonEvent
1825,step,I-NonEvent
1825,closer,E-NonEvent
1825,.,O
1826,Your,B-Event
1826,palm,I-Event
1826,is,I-Event
1826,too,I-Event
1826,far,I-Event
1826,away,I-Event
1826,from,I-Event
1826,the,I-Event
1826,aircraft,E-Event
1826,.,O
1826,Please,B-NonEvent
1826,step,I-NonEvent
1826,closer,E-NonEvent
1826,.,O
1827,Your,B-Event
1827,palm,I-Event
1827,is,I-Event
1827,too,I-Event
1827,far,I-Event
1827,away,I-Event
1827,from,I-Event
1827,the,I-Event
1827,aircraft,E-Event
1827,.,O
1827,Please,B-NonEvent
1827,step,I-NonEvent
1827,closer,E-NonEvent
1827,.,O
1828,PalmControl,B-Event
1828,in,I-Event
1828,Process,E-Event
1828,.,O
1829,PalmControl,B-Event
1829,in,I-Event
1829,Process,E-Event
1829,.,O
1830,Away,B-Event
1830,and,I-Event
1830,Follow,I-Event
1830,in,I-Event
1830,progress,E-Event
1830,.,O
1831,Your,B-Event
1831,palm,I-Event
1831,is,I-Event
1831,too,I-Event
1831,far,I-Event
1831,away,I-Event
1831,from,I-Event
1831,the,I-Event
1831,aircraft,E-Event
1831,.,O
1831,Please,B-NonEvent
1831,step,I-NonEvent
1831,closer,E-NonEvent
1831,.,O
1832,Aircraft,B-Event
1832,is,I-Event
1832,now,I-Event
1832,following,I-Event
1832,you,E-Event
1832,.,O
1833,Drag,B-NonEvent
1833,a,I-NonEvent
1833,box,I-NonEvent
1833,around,I-NonEvent
1833,or,I-NonEvent
1833,tap,I-NonEvent
1833,a,I-NonEvent
1833,target,I-NonEvent
1833,on,I-NonEvent
1833,screen,E-NonEvent
1833,.,O
1833,Then,B-NonEvent
1833,tap,I-NonEvent
1833,Go,E-NonEvent
1833,.,O
1834,Cannot,B-Event
1834,Identify,I-Event
1834,Subject,E-Event
1834,.,O
1835,Subject,B-Event
1835,lost,E-Event
1835,.,O
1835,Searching,B-Event
1835,.,E-Event
1835,.,O
1835,.,O
1836,Cannot,B-Event
1836,Identify,I-Event
1836,Subject,E-Event
1836,.,O
1837,Subject,B-Event
1837,lost,E-Event
1837,.,O
1837,Searching,B-Event
1837,.,E-Event
1837,.,O
1837,.,O
1838,Subject,B-Event
1838,lost,E-Event
1838,.,O
1838,Searching,B-Event
1838,.,E-Event
1838,.,O
1838,.,O
1839,Drag,B-NonEvent
1839,a,I-NonEvent
1839,box,I-NonEvent
1839,around,I-NonEvent
1839,or,I-NonEvent
1839,tap,I-NonEvent
1839,a,I-NonEvent
1839,target,I-NonEvent
1839,on,I-NonEvent
1839,screen,E-NonEvent
1839,.,O
1839,Then,B-NonEvent
1839,tap,I-NonEvent
1839,Go,E-NonEvent
1839,.,O
1840,Max,B-Event
1840,Flight,I-Event
1840,Distance,I-Event
1840,Reached,E-Event
1840,.,O
1840,Adjust,B-NonEvent
1840,in,I-NonEvent
1840,Main,I-NonEvent
1840,Controller,I-NonEvent
1840,Settings,I-NonEvent
1840,if,I-NonEvent
1840,necessary,E-NonEvent
1840,.,O
1841,Aircraft,B-Event
1841,is,I-Event
1841,entering,I-Event
1841,a,I-Event
1841,restricted,I-Event
1841,area,E-Event
1841,.,O
1842,Drag,B-NonEvent
1842,a,I-NonEvent
1842,box,I-NonEvent
1842,around,I-NonEvent
1842,or,I-NonEvent
1842,tap,I-NonEvent
1842,a,I-NonEvent
1842,target,I-NonEvent
1842,on,I-NonEvent
1842,screen,E-NonEvent
1842,.,O
1842,Then,B-NonEvent
1842,tap,I-NonEvent
1842,Go,E-NonEvent
1842,.,O
1843,Subject,B-Event
1843,too,I-Event
1843,Small,E-Event
1843,.,O
1843,Get,B-NonEvent
1843,Closer,I-NonEvent
1843,and,I-NonEvent
1843,retry,E-NonEvent
1843,.,O
1844,Aircraft,B-Event
1844,is,I-Event
1844,entering,I-Event
1844,a,I-Event
1844,restricted,I-Event
1844,area,E-Event
1844,.,O
1845,Max,B-Event
1845,Flight,I-Event
1845,Distance,I-Event
1845,Reached,E-Event
1845,.,O
1845,Adjust,B-NonEvent
1845,in,I-NonEvent
1845,Main,I-NonEvent
1845,Controller,I-NonEvent
1845,Settings,I-NonEvent
1845,if,I-NonEvent
1845,necessary,E-NonEvent
1845,.,O
1846,The,B-NonEvent
1846,remaining,I-NonEvent
1846,battery,I-NonEvent
1846,is,I-NonEvent
1846,only,I-NonEvent
1846,enough,I-NonEvent
1846,for,I-NonEvent
1846,RTH,E-NonEvent
1846,.,O
1846,Return,B-NonEvent
1846,home,I-NonEvent
1846,now,E-NonEvent
1846,.,O
1847,Low,B-Event
1847,Power,E-Event
1847,.,O
1847,Aircraft,B-Event
1847,is,I-Event
1847,returning,I-Event
1847,to,I-Event
1847,the,I-Event
1847,Home,I-Event
1847,Point,E-Event
1847,.,O
1848,Obstacle,B-Event
1848,Avoidance,I-Event
1848,will,I-Event
1848,be,I-Event
1848,disabled,I-Event
1848,in,I-Event
1848,landing,E-Event
1848,.,O
1849,The,B-NonEvent
1849,remaining,I-NonEvent
1849,battery,I-NonEvent
1849,is,I-NonEvent
1849,only,I-NonEvent
1849,enough,I-NonEvent
1849,for,I-NonEvent
1849,RTH,E-NonEvent
1849,.,O
1849,Return,B-NonEvent
1849,home,I-NonEvent
1849,now,E-NonEvent
1849,.,O
1850,Home,B-Event
1850,Point,I-Event
1850,Recorded,E-Event
1850,.,O
1850,RTH,B-NonEvent
1850,Altitude,I-NonEvent
1850,:,I-NonEvent
1850,30m,E-NonEvent
1850,.,O
1851,Fly,B-NonEvent
1851,with,I-NonEvent
1851,caution,I-NonEvent
1851,and,I-NonEvent
1851,ensure,I-NonEvent
1851,the,I-NonEvent
1851,aircraft,I-NonEvent
1851,remains,I-NonEvent
1851,within,I-NonEvent
1851,your,I-NonEvent
1851,line,I-NonEvent
1851,of,I-NonEvent
1851,sight,E-NonEvent
1851,.,O
1852,Aircraft,B-Event
1852,close,I-Event
1852,to,I-Event
1852,Home,I-Event
1852,Point,E-Event
1852,.,O
1852,go,B-NonEvent
1852,home,I-NonEvent
1852,shifts,I-NonEvent
1852,to,I-NonEvent
1852,landing,E-NonEvent
1852,.,O
